id,collected_at,icao24,callsign,origin_country,latitude,longitude,altitude_m,velocity_ms,heading,on_ground
1,2026-09-13 12:05:15,80162c,AXB184L,India,13.8352,77.7296,5646.42,191.29,13.21,0
2,2026-09-13 12:05:15,801642,AXB1069,India,26.3497,86.3192,9448.8,237.23,99.36,0
3,2026-09-13 12:05:15,801645,AIC4WL,India,28.5605,77.0898,,1.03,11.25,1
4,2026-09-13 12:05:15,80162f,AIC5XK,India,22.6553,73.5361,10972.8,236.05,231.28,0
5,2026-09-13 12:05:15,80163d,IGO127,India,24.6998,89.0517,11277.6,217.89,56.95,0
6,2026-09-13 12:05:15,801648,IGO316H,India,29.8581,77.3989,9395.46,195.76,5.13,0
7,2026-09-13 12:05:15,801657,AIC3KQ,India,29.3335,75.3471,9136.38,211.44,323.41,0
8,2026-09-13 12:05:15,80163f,AIC2GV,India,25.3094,75.2057,11590.02,237.65,200.4,0
9,2026-09-13 12:05:15,80160b,IGO1152,India,28.8857,76.5704,2369.82,131.93,285.61,0
10,2026-09-13 12:05:15,801615,AXB1510,India,26.9939,80.3655,10668.0,233.98,116.23,0
11,2026-09-13 12:05:15,80161c,AXB1784,India,28.558,77.1167,,3.86,104.06,1
12,2026-09-13 12:05:15,801627,AXB1074,India,31.8806,75.5125,9753.6,227.68,15.73,0
13,2026-09-13 12:05:15,801685,AXB1561,India,27.5683,78.9382,8481.06,222.98,111.24,0
14,2026-09-13 12:05:15,801680,AXB1236,India,28.5476,77.0799,228.6,76.62,103.2,0
15,2026-09-13 12:05:15,80167b,AIC2184,India,22.8118,88.2862,9144.0,251.71,235.66,0
16,2026-09-13 12:05:15,80167f,AIC5DM,India,25.5885,76.9097,11155.68,228.44,179.1,0
17,2026-09-13 12:05:15,801698,AXB1001,India,26.4773,90.5146,9448.8,225.73,99.31,0
18,2026-09-13 12:05:15,80164b,IGO6429,India,28.539,77.2043,1303.02,116.46,105.63,0
19,2026-09-13 12:05:15,80164e,AIC3GN,India,28.5615,77.0881,,3.86,64.69,1
20,2026-09-13 12:05:15,80164f,AIC4JT,India,28.637,76.6595,1242.06,99.57,103.75,0
21,2026-09-13 12:05:15,80164c,IGO2449,India,29.8173,76.9904,5478.78,182.75,177.9,0
22,2026-09-13 12:05:15,801659,AIC106,India,27.3366,75.1598,10355.58,229.92,25.02,0
23,2026-09-13 12:05:15,80165c,AXB411,India,10.3202,76.1559,2781.3,151.88,334.74,0
24,2026-09-13 12:05:15,801669,IGO663E,India,26.8819,76.8229,9936.48,222.95,177.62,0
25,2026-09-13 12:05:15,801674,AIC9WQ,India,13.3543,77.949,2453.64,113.17,194.48,0
26,2026-09-13 12:05:15,801678,IGO6485,India,25.2126,84.9457,2834.64,141.26,356.24,0
27,2026-09-13 12:05:15,80168a,AXB1524,India,22.6562,88.4443,,0.77,98.44,1
28,2026-09-13 12:05:15,8014b2,IGO6373,India,28.798,77.3536,3101.34,151.85,296.13,0
29,2026-09-13 12:05:15,8014b0,IGO23EP,India,22.658,73.67,11590.02,232.37,183.17,0
30,2026-09-13 12:05:15,8014e4,IGO6747,India,20.2586,86.8579,10972.8,254.46,243.85,0
31,2026-09-13 12:05:15,8014dd,AIC2381,India,28.6117,76.7787,807.72,95.83,103.66,0
32,2026-09-13 12:05:15,8014da,AIC1DC,India,30.0446,75.1307,7917.18,214.11,1.79,0
33,2026-09-13 12:05:15,8014de,IGO2719,India,21.7717,72.6323,10355.58,231.89,197.03,0
34,2026-09-13 12:05:15,8014f3,AXB1805,India,22.0457,70.947,7010.4,220.22,329.54,0
35,2026-09-13 12:05:15,8014f8,AKJ797G,India,24.3694,81.6283,11277.6,230.42,68.25,0
36,2026-09-13 12:05:15,8014c0,IGO6157,India,23.0564,88.1605,2339.34,144.32,129.65,0
37,2026-09-13 12:05:15,8014bb,IGO6937,India,19.0883,72.8241,579.12,92.14,268.08,0
38,2026-09-13 12:05:15,8014ce,IGO503,India,22.1314,88.3306,5867.4,170.69,32.44,0
39,2026-09-13 12:05:15,801602,AIC4NN,India,22.8674,88.3916,952.5,123.57,140.74,0
40,2026-09-13 12:05:15,80174a,IGO246F,India,22.7488,85.2803,10050.78,222.42,77.44,0
41,2026-09-13 12:05:15,801759,IGO451M,India,13.1892,77.7561,1051.56,75.12,270.78,0
42,2026-09-13 12:05:15,80175a,IGO720F,India,28.6626,76.5376,1920.24,107.05,103.9,0
43,2026-09-13 12:05:15,801778,IGO36AK,India,22.6482,88.4421,,0.45,5.62,1
44,2026-09-13 12:05:15,801741,IGO342T,India,27.4349,81.1754,10965.18,240.35,291.73,0
45,2026-09-13 12:05:15,80172e,IGO971P,India,22.5018,88.0473,4251.96,177.94,241.51,0
46,2026-09-13 12:05:15,801746,IGO6396,India,12.7117,91.382,9144.0,249.58,250.74,0
47,2026-09-13 12:05:15,801752,IGO5316,India,19.3001,72.8466,6393.18,177.24,3.16,0
48,2026-09-13 12:05:15,80173e,IGO603H,India,28.5665,76.9918,670.56,76.24,103.66,0
49,2026-09-13 12:05:15,801788,IGO5217,India,15.3136,75.8858,10668.0,228.1,135.64,0
50,2026-09-13 12:05:15,80177e,IGO1064,India,19.1887,91.7087,10363.2,250.84,297.88,0
51,2026-09-13 12:05:15,800462,AIC114,India,23.6987,72.0447,11887.2,244.74,61.23,0
52,2026-09-13 12:05:15,8016a3,IGO59P,India,17.9821,85.034,10668.0,228.37,39.61,0
53,2026-09-13 12:05:15,8016a4,IGO6692,India,26.7474,81.0399,7703.82,221.0,274.94,0
54,2026-09-13 12:05:15,8016b7,IGO6132,India,29.9043,75.2456,9753.6,246.08,2.16,0
55,2026-09-13 12:05:15,8016b8,IGO326,India,24.9956,89.5541,10660.38,220.17,57.02,0
56,2026-09-13 12:05:15,8016b5,IGO6911,India,18.8054,83.0403,10675.62,219.26,60.79,0
57,2026-09-13 12:05:15,8016b9,IGO305F,India,28.7677,76.472,2133.6,103.13,138.44,0
58,2026-09-13 12:05:15,8015c9,IGO239V,India,24.5637,85.232,11041.38,225.3,124.02,0
59,2026-09-13 12:05:15,8015d3,IGO973,India,13.1459,79.5198,6202.68,182.04,284.23,0
60,2026-09-13 12:05:15,8015cb,IGO231H,India,13.4394,77.9882,3360.42,154.46,188.43,0
61,2026-09-13 12:05:15,8015d8,IGO6104,India,14.2036,77.2524,8084.82,222.68,337.88,0
62,2026-09-13 12:05:15,8015ad,IGO664E,India,13.7612,80.9627,7726.68,222.3,43.97,0
63,2026-09-13 12:05:15,8015ab,AKJ1851,India,26.29,90.6638,9144.0,217.64,280.49,0
64,2026-09-13 12:05:15,8015b8,IGO2021,India,28.559,77.0889,,0.0,278.44,1
65,2026-09-13 12:05:15,8015e6,IGO461W,India,26.2828,86.6999,11285.22,230.65,98.85,0
66,2026-09-13 12:05:15,8015db,IGO6165,India,26.2832,74.1254,10370.82,231.65,191.66,0
67,2026-09-13 12:05:15,8015f3,IGO5275,India,24.9259,85.7318,11353.8,243.54,232.98,0
68,2026-09-13 12:05:15,8015f7,AIC9HA,India,19.2139,72.7699,2537.46,153.47,5.39,0
69,2026-09-13 12:05:15,8015ed,IGO7627,India,28.2235,78.3928,3627.12,148.48,266.23,0
70,2026-09-13 12:05:15,8015ef,AXB65V,India,29.905,77.5601,1988.82,130.41,3.62,0
71,2026-09-13 12:05:15,70203e,BBC721,Bangladesh,23.0338,72.1271,10363.2,260.28,266.49,0
72,2026-09-13 12:05:15,702067,BBC388,Bangladesh,18.6728,95.2434,10058.4,233.61,138.48,0
73,2026-09-13 12:05:15,801725,IGO2020,India,26.4669,83.1832,3726.18,161.11,230.31,0
74,2026-09-13 12:05:15,801878,IGO1340,India,14.6008,79.6385,10972.8,246.87,297.15,0
75,2026-09-13 12:05:15,801883,IGO1494,India,14.1746,94.6266,11590.02,244.57,306.53,0
76,2026-09-13 12:05:15,801862,IGO648,India,27.553,76.3116,11582.4,234.49,205.33,0
77,2026-09-13 12:05:15,801864,IGO2401,India,25.8489,77.2408,10972.8,242.83,0.61,0
78,2026-09-13 12:05:15,80052b,AIC2PK,India,28.628,76.6359,6736.08,205.62,303.05,0
79,2026-09-13 12:05:15,702097,UBG202,Bangladesh,23.6215,89.9654,4572.0,124.5,59.73,0
80,2026-09-13 12:05:15,70209e,BBC201,Bangladesh,31.0479,75.838,10355.58,243.73,282.8,0
81,2026-09-13 12:05:15,70209b,BBC355,Bangladesh,24.631,88.1576,9090.66,268.4,294.7,0
82,2026-09-13 12:05:15,800588,AIC9TC,India,28.5899,76.8821,1135.38,94.33,103.88,0
83,2026-09-13 12:05:15,440020,AUA7,Austria,17.1205,94.3674,11277.6,241.11,128.85,0
84,2026-09-13 12:05:15,8017a1,AXB46K,India,22.6443,88.4416,,0.9,8.44,1
85,2026-09-13 12:05:15,8017a0,IGO636W,India,28.5832,76.4361,2346.96,123.1,286.01,0
86,2026-09-13 12:05:15,8016e0,IGO2588,India,23.8189,86.4873,11582.4,237.9,297.01,0
87,2026-09-13 12:05:15,8016df,IGO502,India,14.6404,78.4425,10363.2,235.79,290.97,0
88,2026-09-13 12:05:15,8016dd,IGO874,India,23.0454,87.9084,6377.94,194.99,314.36,0
89,2026-09-13 12:05:15,8016c9,AXB1521,India,22.643,88.4406,,0.45,275.62,1
90,2026-09-13 12:05:15,8003f2,AXB477,India,10.7165,76.0056,6012.18,186.82,333.86,0
91,2026-09-13 12:05:15,801800,IGO2487,India,28.5613,77.0847,,0.0,59.06,1
92,2026-09-13 12:05:15,89617d,UAE583,United Arab Emirates,23.091,73.0296,10363.2,263.33,266.64,0
93,2026-09-13 12:05:15,80182a,IGO573Y,India,26.0462,87.6613,7863.84,221.06,241.05,0
94,2026-09-13 12:05:15,801834,AKJ525M,India,19.0892,72.8968,152.4,77.18,268.85,0
95,2026-09-13 12:05:15,801816,IGO769V,India,28.3716,78.3371,5958.84,192.34,296.02,0
96,2026-09-13 12:05:15,80180b,IGO1013,India,14.0121,91.4407,10058.4,230.68,126.38,0
97,2026-09-13 12:05:15,80180e,IGO671W,India,27.293,75.5659,9212.58,249.25,25.03,0
98,2026-09-13 12:05:15,801828,IGO1510,India,15.8391,90.9267,11574.78,237.19,283.67,0
99,2026-09-13 12:05:15,452181,ADZ4301,Bulgaria,22.4009,92.8718,10378.44,257.84,261.74,0
100,2026-09-13 12:05:15,70a9b1,BHA553,Nepal,27.1305,84.9716,243.84,62.33,16.79,0
101,2026-09-13 12:05:15,8018cf,IGO6010,India,28.5687,77.0995,,6.69,270.0,1
102,2026-09-13 12:05:15,7020a5,BBC435,Bangladesh,22.4332,91.6494,5181.6,133.56,136.72,0
103,2026-09-13 12:05:15,8018df,IGO346K,India,14.2446,78.2828,10668.0,235.86,123.34,0
104,2026-09-13 12:05:15,7020ab,UBG205,Bangladesh,19.2348,85.5522,11582.4,251.61,228.98,0
105,2026-09-13 12:05:15,7020b8,UBG103,Bangladesh,23.1859,90.986,3261.36,115.07,140.26,0
106,2026-09-13 12:05:15,7020b5,UBG534,Bangladesh,23.9968,90.3985,1021.08,127.14,246.13,0
107,2026-09-13 12:05:15,7020b4,UBG146,Bangladesh,22.3386,91.7551,6096.0,217.36,320.28,0
108,2026-09-13 12:05:15,8018c2,AKJ1871,India,28.4125,77.1731,2293.62,147.96,217.23,0
109,2026-09-13 12:05:15,7020c8,AWA448,Bangladesh,22.437,91.5974,4259.58,130.97,338.57,0
110,2026-09-13 12:05:15,7020c5,S2AFH,Bangladesh,23.8546,90.2898,1371.6,36.44,288.95,0
111,2026-09-13 12:05:15,8004d6,AIC7DK,India,14.8852,77.8361,9745.98,233.29,7.09,0
112,2026-09-13 12:05:15,8017e5,IGO1074,India,21.4078,84.4826,10363.2,255.02,308.12,0
113,2026-09-13 12:05:15,8017f7,AIC9EK,India,25.4833,75.4146,11811.0,249.63,207.09,0
114,2026-09-13 12:05:15,8017ee,IGO6125,India,28.5512,77.0635,312.42,68.75,103.41,0
115,2026-09-13 12:05:15,80190c,IGO2299,India,28.0795,75.2888,7018.02,189.13,51.07,0
116,2026-09-13 12:05:15,801904,IGO142F,India,22.229,85.1717,10972.8,252.63,264.74,0
117,2026-09-13 12:05:15,80078e,IFC1086,India,20.9455,72.0416,8884.92,232.29,213.16,0
118,2026-09-13 12:05:15,4bb0ea,THY162,Turkey,19.2989,93.6714,11887.2,244.12,125.57,0
119,2026-09-13 12:05:15,89630c,UAE89V,United Arab Emirates,22.8369,71.155,10363.2,259.43,264.54,0
120,2026-09-13 12:05:15,800732,,India,28.5629,77.0824,,2.83,171.56,1
121,2026-09-13 12:05:15,800735,AIC352,India,28.5662,77.0897,,36.01,104.06,1
122,2026-09-13 12:05:15,4bb107,THY164,Turkey,22.1721,93.1038,11887.2,251.22,94.23,0
123,2026-09-13 12:05:15,4bb10c,THY066,Turkey,18.5,94.8433,11887.2,242.99,124.13,0
124,2026-09-13 12:05:15,4bb189,THY299,Turkey,28.8665,76.1113,10972.8,252.18,306.71,0
125,2026-09-13 12:05:15,4bb185,THY125,Turkey,25.2564,85.963,11574.78,261.82,293.14,0
126,2026-09-13 12:05:15,4bb150,THY6242,Turkey,22.0747,94.4334,12496.8,241.59,94.76,0
127,2026-09-13 12:05:15,4bb14a,THY84,Turkey,23.7567,91.9026,10058.4,242.28,102.38,0
128,2026-09-13 12:05:15,89652d,ABY816,United Arab Emirates,22.9253,69.4744,10050.78,233.11,94.05,0
129,2026-09-13 12:05:15,896502,ADY044,United Arab Emirates,25.5095,76.8812,10370.82,240.14,252.42,0
130,2026-09-13 12:05:15,4bb196,THY65,Turkey,22.6925,88.4176,11574.78,261.03,306.67,0
131,2026-09-13 12:05:15,4bb18a,THY171,Turkey,28.8409,76.3288,10363.2,257.36,301.18,0
132,2026-09-13 12:05:15,896474,UAE67M,United Arab Emirates,15.3378,73.139,12192.0,263.06,298.12,0
133,2026-09-13 12:05:15,4bb101,THY49A,Turkey,16.0282,90.3157,11887.2,242.8,137.15,0
134,2026-09-13 12:05:15,4bb102,THY056,Turkey,17.0113,96.938,11887.2,238.1,127.54,0
135,2026-09-13 12:05:15,8008c6,FLW ME 4,India,22.6511,88.4405,,3.09,275.62,1
136,2026-09-13 12:05:15,8008c3,IGO202C,India,22.6842,88.4491,198.12,72.38,185.71,0
137,2026-09-13 12:05:15,8008c7,FLW ME 2,India,22.6473,88.4469,,9.26,5.62,1
138,2026-09-13 12:05:15,896617,UAE9839,United Arab Emirates,23.4004,85.9537,10363.2,272.7,268.92,0
139,2026-09-13 12:05:15,896616,UAE9865,United Arab Emirates,16.1346,89.6775,12192.0,249.04,283.86,0
140,2026-09-13 12:05:15,896614,UAE9861,United Arab Emirates,22.8292,70.506,10972.8,257.27,273.78,0
141,2026-09-13 12:05:15,461f4d,FIN131,Finland,20.1636,85.6253,11887.2,246.39,136.78,0
142,2026-09-13 12:05:15,75020f,MAS105,Malaysia,13.0208,78.6792,8084.82,236.03,97.39,0
143,2026-09-13 12:05:15,75021f,MAS183,Malaysia,13.1606,80.1476,2202.18,150.35,28.85,0
144,2026-09-13 12:05:15,507cb3,MFX5538,Uzbekistan,21.6057,89.6623,9745.98,254.7,291.07,0
145,2026-09-13 12:05:15,507cbb,SGA2562,Uzbekistan,22.7165,87.8389,9753.6,260.05,274.42,0
146,2026-09-13 12:05:15,76cd14,SIA509,Singapore,12.9863,78.9694,7886.7,224.52,98.17,0
147,2026-09-13 12:05:15,781efb,CSS164,China,24.0073,90.3141,10675.62,219.58,97.67,0
148,2026-09-13 12:05:15,896740,ABY822,United Arab Emirates,20.7091,70.3112,10972.8,249.64,291.01,0
149,2026-09-13 12:05:15,896717,ABY824,United Arab Emirates,16.0013,90.2356,9761.22,237.69,283.65,0
150,2026-09-13 12:05:15,89666a,FJL849,United Arab Emirates,29.8483,72.1708,10835.64,218.74,228.81,0
151,2026-09-13 12:05:15,15203a,AFL295,Russian Federation,17.0619,96.8558,10972.8,253.72,308.5,0
152,2026-09-13 12:05:15,899040,EVA068,Taiwan,18.7565,92.216,10668.0,240.72,128.14,0
153,2026-09-13 12:05:15,406f79,BAW15,United Kingdom,19.2562,86.7864,11879.58,243.39,134.06,0
154,2026-09-13 12:05:15,394a04,AFR256,France,21.1437,84.6695,10058.4,245.49,129.73,0
155,2026-09-13 12:05:15,04022a,ETH3482,Ethiopia,22.8592,85.6095,12496.8,227.67,94.8,0
156,2026-09-13 12:05:15,06a390,QTR8952,Qatar,22.8795,71.4868,11887.2,242.15,85.13,0
157,2026-09-13 12:05:15,8990a5,CAL5663,Taiwan,21.8707,89.7114,10363.2,265.24,303.69,0
158,2026-09-13 12:05:15,06a2f2,QTR649,Qatar,24.0272,72.2541,12184.38,261.63,244.49,0
159,2026-09-13 12:05:15,040105,ETH641,Ethiopia,19.1188,72.4553,3329.94,164.58,276.28,0
160,2026-09-13 12:05:15,781677,CSS160,China,23.6715,92.3181,10675.62,239.38,102.66,0
161,2026-09-13 12:05:15,4ba94e,THY54,Turkey,20.291,92.1891,10668.0,235.63,125.04,0
162,2026-09-13 12:05:15,4ba948,THY68,Turkey,21.6105,92.2738,10058.4,228.29,123.51,0
163,2026-09-13 12:05:15,7803eb,CES2030,China,21.9556,95.3779,7620.0,72.49,256.46,0
164,2026-09-13 12:05:15,aba7d9,FDX5603,United States,28.8605,76.1523,11277.6,253.75,127.75,0
165,2026-09-13 12:05:15,704010,MMA502,Myanmar,16.914,96.3515,1432.56,130.58,329.19,0
166,2026-09-13 12:05:15,78064f,CES9616,China,19.8859,95.976,9448.8,12.86,323.13,0
167,2026-09-13 12:05:15,70401f,MMA338,Myanmar,19.8865,95.9769,4823.46,14.33,111.04,0
168,2026-09-13 12:05:15,39cf11,AFR199,France,21.0661,89.0761,10972.8,263.37,314.68,0
169,2026-09-13 12:05:15,80139b,AIC2119,India,21.5404,82.8617,10980.42,240.89,320.63,0
170,2026-09-13 12:05:15,801408,AIC4EP,India,28.3993,77.2838,3657.6,152.57,299.94,0
171,2026-09-13 12:05:15,801409,AIC5TV,India,26.679,81.0172,10355.58,238.32,305.95,0
172,2026-09-13 12:05:15,80142a,IGO6391,India,15.1859,74.4372,11894.82,228.69,153.84,0
173,2026-09-13 12:05:15,801444,AXB1803,India,23.0826,72.6307,10668.0,236.24,5.62,0
174,2026-09-13 12:05:15,801455,IGO582E,India,28.8394,77.4031,11269.98,232.61,1.52,0
175,2026-09-13 12:05:15,801458,IGO155J,India,15.179,77.832,9243.06,246.28,21.96,0
176,2026-09-13 12:05:15,801422,IGO1632,India,22.0514,94.7335,10972.8,237.49,274.85,0
177,2026-09-13 12:05:15,80141e,AIC8RN,India,28.5625,77.0851,,4.12,106.88,1
178,2026-09-13 12:05:15,80141c,IGO403K,India,22.9163,84.3203,10972.8,247.8,219.44,0
179,2026-09-13 12:05:15,801435,AXB904,India,15.7147,91.4528,11285.22,229.95,103.85,0
180,2026-09-13 12:05:15,504e27,ATG8816,Republic of Moldova,23.0438,88.1845,10363.2,260.39,326.28,0
181,2026-09-13 12:05:15,801492,IGO6851,India,23.3364,84.6799,10980.42,252.18,289.17,0
182,2026-09-13 12:05:15,801460,IGO5307,India,26.1749,84.7175,10668.0,229.06,102.32,0
183,2026-09-13 12:05:15,80145e,IGO742P,India,15.2903,74.3684,11277.6,225.96,154.37,0
184,2026-09-13 12:05:15,80145b,IGO372Y,India,18.7477,82.0061,10363.2,242.66,219.49,0
185,2026-09-13 12:05:15,80145f,IGO566V,India,11.9715,76.6488,6050.28,206.57,219.24,0
186,2026-09-13 12:05:15,80149a,IGO207,India,22.6408,88.4412,,3.09,8.44,1
187,2026-09-13 12:05:15,801524,AKJ243Z,India,13.5886,90.913,9448.8,226.22,102.08,0
188,2026-09-13 12:05:15,801523,IGO2040,India,11.2885,76.3711,11277.6,232.38,154.0,0
189,2026-09-13 12:05:15,06a10e,QTR943,Qatar,16.0434,74.2253,12192.0,266.21,297.26,0
190,2026-09-13 12:05:15,06a10c,QTR959,Qatar,13.5891,76.5073,12192.0,257.8,298.35,0
191,2026-09-13 12:05:15,801502,IGO261,India,18.9874,72.7025,2636.52,141.17,176.87,0
192,2026-09-13 12:05:15,801506,IGO735C,India,25.329,84.9057,9631.68,234.15,292.34,0
193,2026-09-13 12:05:15,801508,AKJ1406,India,26.8459,83.5769,10226.04,246.3,284.27,0
194,2026-09-13 12:05:15,801509,AKJ1939,India,28.0462,76.2199,4815.84,177.94,46.52,0
195,2026-09-13 12:05:15,06a146,QTR836,Qatar,15.0631,96.9277,12496.8,230.99,112.11,0
196,2026-09-13 12:05:15,80154b,IGO725,India,12.8371,79.4981,5753.1,196.55,39.69,0
197,2026-09-13 12:05:15,80154d,IGO235,India,21.0717,87.1973,9799.32,250.15,221.0,0
198,2026-09-13 12:05:15,80155a,IGO6161,India,13.1244,77.5523,3482.34,162.72,92.54,0
199,2026-09-13 12:05:15,80152e,IGO879,India,18.2837,83.319,2727.96,130.44,122.44,0
200,2026-09-13 12:05:15,801539,AKJ6514,India,12.2317,75.2545,12153.9,229.61,333.38,0
201,2026-09-13 12:05:15,80152f,IGO201T,India,29.9954,77.9453,1684.02,111.72,15.76,0
202,2026-09-13 12:05:15,801581,IGO931P,India,23.1563,83.9759,11201.4,246.6,212.56,0
203,2026-09-13 12:05:15,80157c,AKJ655Z,India,27.873,75.8272,5669.28,220.48,30.57,0
204,2026-09-13 12:05:15,801595,AXB1812,India,25.6976,76.7681,10668.0,235.65,173.36,0
205,2026-09-13 12:05:15,801594,AXB1462,India,28.9601,76.7108,2872.74,127.77,286.61,0
206,2026-09-13 12:05:15,06a0ab,QTR9J,Qatar,9.694,77.286,12184.38,256.23,307.91,0
207,2026-09-13 12:05:15,68000a,BTN773,Bhutan,26.6332,84.4503,11582.4,233.27,285.48,0
208,2026-09-13 12:05:15,8013cc,AIC237,India,28.1734,77.7146,5417.82,193.26,129.71,0
209,2026-09-13 12:05:15,8013a4,AIC2NB,India,21.6491,84.0114,9715.5,218.64,126.87,0
210,2026-09-13 12:05:15,8013b1,AIC8WV,India,28.0644,74.5321,11277.6,240.02,11.62,0
211,2026-09-13 12:05:15,88516b,THA922,Thailand,17.8194,95.8228,9144.0,268.64,306.83,0
212,2026-09-13 12:05:15,885178,THA917,Thailand,18.457,94.6984,11277.6,246.35,127.87,0
213,2026-09-13 12:05:15,800db0,AXB1036,India,26.2722,86.2528,10972.8,239.01,276.05,0
214,2026-09-13 12:05:15,7c4926,QFA2,Australia,13.8268,92.4601,11887.2,236.62,129.09,0
215,2026-09-13 12:05:15,800fd1,IGO7894,India,27.1752,78.2109,5181.6,126.7,146.76,0
216,2026-09-13 12:05:15,896c2e,UAF1243,United Arab Emirates,31.9219,69.5746,9753.6,230.62,221.84,0
217,2026-09-13 12:05:15,7103d6,SVA850,Saudi Arabia,12.6457,93.6133,12489.18,237.19,135.7,0
218,2026-09-13 12:05:15,4246b2,AZG434,United Kingdom,22.8715,85.4558,9753.6,275.17,274.83,0
219,2026-09-13 12:05:15,151dc2,AFL297,Russian Federation,14.8688,91.3297,10363.2,268.55,311.66,0
220,2026-09-13 12:05:15,aa8b77,N779LG,United States,14.3031,91.8506,10668.0,235.8,109.9,0
221,2026-09-13 12:05:15,4007ec,BAW2231,United Kingdom,21.6395,87.5428,11277.6,242.69,136.29,0
222,2026-09-13 12:05:15,abda7d,FDX5080,United States,19.6979,85.7642,9448.8,225.21,50.75,0
223,2026-09-13 12:05:15,70c0f6,OMA815,Oman,22.9042,68.7249,11887.2,245.36,93.61,0
224,2026-09-13 12:05:15,7609ad,ABQ471,Pakistan,30.1849,72.4071,7528.56,225.54,72.89,0
225,2026-09-13 12:05:15,7609b8,PIA303,Pakistan,29.3174,71.5332,10980.42,217.51,229.6,0
226,2026-09-13 12:05:15,7609b6,PIA285,Pakistan,31.6024,69.6291,10972.8,219.81,226.71,0
227,2026-09-13 12:05:15,78112e,CSC3902,China,27.3821,85.8277,6499.86,200.83,130.01,0
228,2026-09-13 12:05:15,70c0fe,OMA822,Oman,14.5032,79.8335,11582.4,267.12,297.16,0
229,2026-09-13 12:05:15,ab9e12,FDX5379,United States,26.297,75.0119,11887.2,249.58,20.64,0
230,2026-09-13 12:05:15,77058d,ALK504,Sri Lanka,13.5296,79.7947,11887.2,251.34,175.42,0
231,2026-09-13 12:05:15,70605b,KAC412,Kuwait,15.6044,95.4462,10363.2,263.44,293.11,0
232,2026-09-13 12:05:15,78007e,CAO1099,China,28.276,79.1754,10020.3,238.07,283.5,0
233,2026-09-13 12:05:15,4851f6,KLM844,Kingdom of the Netherlands,19.8361,92.8729,9144.0,273.9,305.21,0
234,2026-09-13 12:05:15,781368,CES2035,China,23.9548,90.4694,2621.28,117.29,323.38,0
235,2026-09-13 12:05:15,70612c,JZR1401,Kuwait,19.0893,72.9077,213.36,68.43,269.14,0
236,2026-09-13 12:05:15,8880e0,HVN55,Viet Nam,22.661,88.6532,10972.8,272.57,285.32,0
237,2026-09-13 12:05:15,424462,PEX57H,United Kingdom,19.6036,93.2199,13716.0,230.66,125.29,0
238,2026-09-13 12:05:15,76cccd,SIA7353,Singapore,13.7511,78.044,4244.34,189.41,193.51,0
239,2026-09-13 12:05:15,507c98,MFX530,Uzbekistan,24.5109,84.0742,9761.22,247.36,310.61,0
240,2026-09-13 12:05:15,8966ef,UAE9710,United Arab Emirates,14.4112,74.918,10668.0,242.36,118.25,0
241,2026-09-13 12:05:15,75044b,MAS4,Malaysia,26.4474,74.4052,10972.8,263.13,298.62,0
242,2026-09-13 12:05:15,60182b,TUA695,Turkmenistan,25.2229,85.5159,11277.6,232.52,129.25,0
243,2026-09-13 12:05:15,76cef9,SIA321,Singapore,21.6996,83.9515,10058.4,246.48,130.0,0
244,2026-09-13 12:05:15,507c5f,UZB562,Uzbekistan,19.1215,93.9821,9745.98,247.6,304.85,0
245,2026-09-13 12:05:15,750592,MAS103,Malaysia,23.8312,90.4076,152.4,89.31,143.2,0
246,2026-09-13 12:05:15,780fc4,CSN6068,China,26.9354,86.2911,8153.4,220.62,125.99,0
247,2026-09-13 12:05:15,76bcc1,TGW751,Singapore,26.7059,80.7258,12496.8,253.3,124.66,0
248,2026-09-13 12:05:15,39b221,CMA731,France,23.6579,86.795,9753.6,274.23,281.69,0
249,2026-09-13 12:05:15,4cade1,KZR908,Ireland,28.3945,76.8759,3771.9,187.82,292.21,0
250,2026-09-13 12:05:15,800b14,IGO6175,India,26.6372,81.7788,11285.22,234.13,98.59,0
251,2026-09-13 12:05:15,3c4594,BOX539,Germany,28.7338,78.5498,9753.6,256.42,322.42,0
252,2026-09-13 12:05:15,800c01,IGO433,India,23.3006,90.7201,9761.22,238.06,252.78,0
253,2026-09-13 12:05:15,800c43,AIC2332,India,26.4664,81.08,10668.0,229.77,124.97,0
254,2026-09-13 12:05:15,800c3c,AIC1RM,India,28.8277,77.0556,3101.34,139.42,270.63,0
255,2026-09-13 12:05:15,800c11,IGO6044,India,19.1956,82.3136,9753.6,240.67,171.77,0
256,2026-09-13 12:05:15,800c0c,AIC8PX,India,10.1559,76.517,693.42,75.69,267.66,0
257,2026-09-13 12:05:15,800c87,AIC3YC,India,28.5487,77.0751,251.46,64.63,103.82,0
258,2026-09-13 12:05:15,800c85,AIC3CU,India,13.9935,77.3233,7757.16,205.14,339.29,0
259,2026-09-13 12:05:15,710064,SVA757,Saudi Arabia,28.5423,75.0016,9441.18,257.76,270.8,0
260,2026-09-13 12:05:15,4cac16,KZR932,Ireland,28.3094,79.4995,10355.58,236.91,338.34,0
261,2026-09-13 12:05:15,4cac10,KZR564,Ireland,24.0345,82.9668,10370.82,249.27,325.85,0
262,2026-09-13 12:05:15,710054,SVA807,Saudi Arabia,23.3722,84.6566,10363.2,267.09,268.45,0
263,2026-09-13 12:05:15,800d10,IGO2373,India,26.3415,82.4488,11277.6,227.5,106.96,0
264,2026-09-13 12:05:15,800d2d,IGO6447,India,25.7439,78.937,11597.64,235.02,320.6,0
265,2026-09-13 12:05:15,800d6a,IGO7919,India,12.0435,78.0238,1805.94,137.65,172.05,0
266,2026-09-13 12:05:15,39d2af,AFR253,France,26.0781,81.9301,10972.8,265.37,306.25,0
267,2026-09-13 12:05:15,800be5,AIC6QP,India,23.6285,73.7821,11277.6,233.23,24.36,0
268,2026-09-13 12:05:15,7100bf,SVA817,Saudi Arabia,8.388,76.3496,10363.2,267.4,292.27,0
269,2026-09-13 12:05:15,800cbb,LLR623,India,19.4131,72.4551,3055.62,101.88,313.77,0
270,2026-09-13 12:05:15,4a1a61,RCR5512,Romania,22.874,71.5825,10972.8,260.36,264.79,0
271,2026-09-13 12:05:15,800cfb,IGO7304,India,25.5574,91.2643,5791.2,114.31,78.84,0
272,2026-09-13 12:06:04,80162c,AXB184L,India,13.9116,77.748,5989.32,194.53,13.3,0
273,2026-09-13 12:06:04,801642,AXB1069,India,26.3324,86.4363,9448.8,238.25,99.32,0
274,2026-09-13 12:06:04,801645,AIC4WL,India,28.5601,77.0897,,0.0,8.44,1
275,2026-09-13 12:06:04,80162f,AIC5XK,India,22.5818,73.4371,10965.18,237.19,232.14,0
276,2026-09-13 12:06:04,80163d,IGO127,India,24.7535,89.1422,11277.6,216.9,57.1,0
277,2026-09-13 12:06:04,801648,IGO316H,India,29.9458,77.4037,9646.92,201.58,5.57,0
278,2026-09-13 12:06:04,801657,AIC3KQ,India,29.4128,75.2895,9151.62,212.3,329.89,0
279,2026-09-13 12:06:04,80163f,AIC2GV,India,25.3094,75.2057,11590.02,237.65,200.4,0
280,2026-09-13 12:06:04,80160b,IGO1152,India,28.9012,76.5075,2209.8,128.33,285.82,0
281,2026-09-13 12:06:04,801615,AXB1510,India,26.9464,80.4727,10668.0,234.21,116.34,0
282,2026-09-13 12:06:04,80161c,AXB1784,India,28.558,77.1167,,3.86,104.06,1
283,2026-09-13 12:06:04,801627,AXB1074,India,31.8806,75.5125,9753.6,227.68,15.73,0
284,2026-09-13 12:06:04,801685,AXB1561,India,27.532,79.0425,8709.66,223.35,111.48,0
285,2026-09-13 12:06:04,801680,AXB1236,India,28.5476,77.0799,228.6,76.62,103.2,0
286,2026-09-13 12:06:04,80167b,AIC2184,India,22.7485,88.1856,9532.62,246.13,236.08,0
287,2026-09-13 12:06:04,80167f,AIC5DM,India,25.4831,76.9116,11269.98,229.47,179.1,0
288,2026-09-13 12:06:04,801698,AXB1001,India,26.4773,90.5146,9448.8,225.73,99.31,0
289,2026-09-13 12:06:04,80164b,IGO6429,India,28.5352,77.2617,2179.32,120.14,61.9,0
290,2026-09-13 12:06:04,80164e,AIC3GN,India,28.5615,77.0894,,4.89,106.88,1
291,2026-09-13 12:06:04,80164f,AIC4JT,India,28.6265,76.7096,1082.04,99.69,104.04,0
292,2026-09-13 12:06:04,80164c,IGO2449,India,29.7369,76.9927,5082.54,178.56,178.68,0
293,2026-09-13 12:06:04,801659,AIC106,India,27.4271,75.2069,9723.12,214.97,24.91,0
294,2026-09-13 12:06:04,80165c,AXB411,India,10.3202,76.1559,2781.3,151.88,334.74,0
295,2026-09-13 12:06:04,801669,IGO663E,India,26.7816,76.8274,10066.02,222.93,177.75,0
296,2026-09-13 12:06:04,801674,AIC9WQ,India,13.3492,77.9477,2438.4,111.05,194.49,0
297,2026-09-13 12:06:04,801678,IGO6485,India,25.2126,84.9457,2834.64,141.26,356.24,0
298,2026-09-13 12:06:04,80168a,AXB1524,India,22.6562,88.4443,,0.77,98.44,1
299,2026-09-13 12:06:04,8014b2,IGO6373,India,28.825,77.2829,2857.5,149.47,275.93,0
300,2026-09-13 12:06:04,8014b0,IGO23EP,India,22.658,73.67,11590.02,232.37,183.17,0
301,2026-09-13 12:06:04,8014e4,IGO6747,India,20.2087,86.75,10972.8,256.53,243.95,0
302,2026-09-13 12:06:04,8014dd,AIC2381,India,28.6016,76.827,800.1,95.71,103.36,0
303,2026-09-13 12:06:04,8014da,AIC1DC,India,30.1408,75.1342,7658.1,210.5,1.68,0
304,2026-09-13 12:06:04,8014de,IGO2719,India,21.7717,72.6323,10355.58,231.89,197.03,0
305,2026-09-13 12:06:04,8014f3,AXB1805,India,22.1313,70.8927,6278.88,217.75,329.31,0
306,2026-09-13 12:06:04,8014f8,AKJ797G,India,24.3826,81.6645,11277.6,230.13,68.08,0
307,2026-09-13 12:06:04,8014c0,IGO6157,India,23.0162,88.213,1874.52,140.7,129.51,0
308,2026-09-13 12:06:04,8014bb,IGO6937,India,19.087,72.7719,1188.72,115.94,273.31,0
309,2026-09-13 12:06:04,8014ce,IGO503,India,22.1983,88.3758,5387.34,169.51,33.11,0
310,2026-09-13 12:06:04,801602,AIC4NN,India,22.8258,88.4256,800.1,110.17,145.27,0
311,2026-09-13 12:06:04,80174a,IGO246F,India,22.771,85.3869,10050.78,222.92,77.47,0
312,2026-09-13 12:06:04,801759,IGO451M,India,13.1892,77.7561,1051.56,75.12,270.78,0
313,2026-09-13 12:06:04,80175a,IGO720F,India,28.6516,76.5902,1760.22,104.81,103.63,0
314,2026-09-13 12:06:04,801778,IGO36AK,India,22.6482,88.4421,,0.45,5.62,1
315,2026-09-13 12:06:04,801741,IGO342T,India,27.4756,81.0609,10957.56,239.69,291.66,0
316,2026-09-13 12:06:04,80172e,IGO971P,India,22.4633,87.9665,4671.06,193.27,244.12,0
317,2026-09-13 12:06:04,801749,,India,16.0535,73.8448,10050.78,236.56,173.63,0
318,2026-09-13 12:06:04,801746,IGO6396,India,12.6984,91.3017,9144.0,250.56,273.77,0
319,2026-09-13 12:06:04,801752,IGO5316,India,19.3001,72.8466,6393.18,177.24,3.16,0
320,2026-09-13 12:06:04,80173e,IGO603H,India,28.5586,77.0283,487.68,74.74,103.94,0
321,2026-09-13 12:06:04,801788,IGO5217,India,15.0639,76.136,10668.0,227.75,135.92,0
322,2026-09-13 12:06:04,80177e,IGO1064,India,19.2152,91.601,10378.44,245.47,281.24,0
323,2026-09-13 12:06:04,800462,AIC114,India,23.7516,72.1495,11887.2,242.89,61.26,0
324,2026-09-13 12:06:04,801792,,India,28.5687,77.1004,,7.72,270.0,1
325,2026-09-13 12:06:04,8016a3,IGO59P,India,18.0604,85.1015,10660.38,228.04,39.51,0
326,2026-09-13 12:06:04,8016a4,IGO6692,India,26.7474,81.0399,7703.82,221.0,274.94,0
327,2026-09-13 12:06:04,8016b7,IGO6132,India,30.0148,75.2504,9753.6,246.63,2.39,0
328,2026-09-13 12:06:04,8016b8,IGO326,India,25.0491,89.6452,10668.0,219.77,57.43,0
329,2026-09-13 12:06:04,8016b5,IGO6911,India,18.8537,83.1306,10668.0,218.81,60.72,0
330,2026-09-13 12:06:04,8016b9,IGO305F,India,28.7326,76.507,2080.26,104.97,138.58,0
331,2026-09-13 12:06:04,8015c9,IGO239V,India,24.5061,85.3253,10797.54,223.87,123.95,0
332,2026-09-13 12:06:04,8015d3,IGO973,India,13.167,79.4349,6560.82,195.77,284.15,0
333,2026-09-13 12:06:04,8015cb,IGO231H,India,13.3792,77.9793,3154.68,143.47,188.25,0
334,2026-09-13 12:06:04,8015d8,IGO6104,India,14.2036,77.2524,8084.82,222.68,337.88,0
335,2026-09-13 12:06:04,8015ad,IGO664E,India,13.8342,81.0346,8008.62,226.31,43.89,0
336,2026-09-13 12:06:04,8015ab,AKJ1851,India,26.3008,90.6012,9151.62,217.33,280.78,0
337,2026-09-13 12:06:04,8015b8,IGO2021,India,28.5591,77.0889,,0.0,278.44,1
338,2026-09-13 12:06:04,8015e6,IGO461W,India,26.2669,86.8123,11277.6,229.63,98.89,0
339,2026-09-13 12:06:04,8015db,IGO6165,India,26.2832,74.1254,10370.82,231.65,191.66,0
340,2026-09-13 12:06:04,8015f3,IGO5275,India,24.8602,85.6366,11506.2,243.44,232.82,0
341,2026-09-13 12:06:04,8015f7,AIC9HA,India,19.273,72.7763,3185.16,158.96,6.5,0
342,2026-09-13 12:06:04,8015ed,IGO7627,India,28.219,78.3188,3482.34,150.06,266.07,0
343,2026-09-13 12:06:04,8015ef,AXB65V,India,29.9629,77.5644,1988.82,129.47,353.38,0
344,2026-09-13 12:06:04,70203e,BBC721,Bangladesh,23.0275,72.0146,10363.2,259.77,266.48,0
345,2026-09-13 12:06:04,702067,BBC388,Bangladesh,18.5937,95.3162,10058.4,234.04,138.74,0
346,2026-09-13 12:06:04,801725,IGO2020,India,26.4199,83.1201,4259.58,164.41,230.33,0
347,2026-09-13 12:06:04,801878,IGO1340,India,14.61,79.6201,10972.8,246.87,297.15,0
348,2026-09-13 12:06:04,801883,IGO1494,India,14.2398,94.5361,11582.4,242.83,306.38,0
349,2026-09-13 12:06:04,801862,IGO648,India,27.4572,76.2609,11582.4,234.96,205.27,0
350,2026-09-13 12:06:04,801864,IGO2401,India,25.9567,77.242,10972.8,241.8,0.61,0
351,2026-09-13 12:06:04,80052b,AIC2PK,India,28.6794,76.5464,7132.32,210.47,303.03,0
352,2026-09-13 12:06:04,702097,UBG202,Bangladesh,23.651,90.0184,4472.94,131.84,56.62,0
353,2026-09-13 12:06:04,70209e,BBC201,Bangladesh,31.0722,75.7128,10363.2,244.12,282.66,0
354,2026-09-13 12:06:04,70209b,BBC355,Bangladesh,24.6823,88.0345,9281.16,270.74,294.47,0
355,2026-09-13 12:06:04,800588,AIC9TC,India,28.5806,76.9258,998.22,84.6,103.36,0
356,2026-09-13 12:06:04,440020,AUA7,Austria,17.0525,94.4553,11277.6,241.51,128.77,0
357,2026-09-13 12:06:04,8017a1,AXB46K,India,22.6445,88.4416,,0.45,8.44,1
358,2026-09-13 12:06:04,8017a0,IGO636W,India,28.6191,76.4003,2202.18,111.69,5.82,0
359,2026-09-13 12:06:04,8016e0,IGO2588,India,23.8677,86.3831,11582.4,241.35,297.0,0
360,2026-09-13 12:06:04,8016df,IGO502,India,14.6404,78.4425,10363.2,237.9,259.03,0
361,2026-09-13 12:06:04,8016dd,IGO874,India,23.1078,87.8398,6797.04,201.53,315.0,0
362,2026-09-13 12:06:04,8003f2,AXB477,India,10.9504,75.8855,7040.88,211.93,329.51,0
363,2026-09-13 12:06:04,801800,IGO2487,India,28.5613,77.0847,,0.0,59.06,1
364,2026-09-13 12:06:04,89617d,UAE583,United Arab Emirates,23.0809,72.8445,10363.2,263.88,266.54,0
365,2026-09-13 12:06:04,80182a,IGO573Y,India,25.9967,87.563,8168.64,226.64,242.56,0
366,2026-09-13 12:06:04,801834,AKJ525M,India,19.0892,72.8968,152.4,77.18,268.85,0
367,2026-09-13 12:06:04,801816,IGO769V,India,28.4098,78.2487,5440.68,190.51,295.94,0
368,2026-09-13 12:06:04,80180b,IGO1013,India,13.9501,91.5267,10058.4,231.71,126.51,0
369,2026-09-13 12:06:04,80180e,IGO671W,India,27.395,75.6195,8945.88,251.74,25.41,0
370,2026-09-13 12:06:04,801828,IGO1510,India,15.8652,90.8164,11582.4,237.82,283.77,0
371,2026-09-13 12:06:04,452181,ADZ4301,Bulgaria,22.3843,92.7485,10378.44,257.91,261.63,0
372,2026-09-13 12:06:04,70a9b1,BHA553,Nepal,27.1461,84.9764,175.26,60.78,15.21,0
373,2026-09-13 12:06:04,8018cf,IGO6010,India,28.5687,77.0995,,6.69,270.0,1
374,2026-09-13 12:06:04,7020a5,BBC435,Bangladesh,22.3893,91.6937,5181.6,133.56,136.72,0
375,2026-09-13 12:06:04,8018df,IGO346K,India,14.1858,78.3744,10668.0,235.43,123.41,0
376,2026-09-13 12:06:04,7020ae,AWA474,Bangladesh,25.2234,89.1639,4023.36,96.77,169.59,0
377,2026-09-13 12:06:04,7020ab,UBG205,Bangladesh,19.1603,85.4622,11582.4,250.1,228.84,0
378,2026-09-13 12:06:04,7020b8,UBG103,Bangladesh,23.145,91.0204,3352.8,117.09,142.68,0
379,2026-09-13 12:06:04,7020b5,UBG534,Bangladesh,23.9766,90.3439,777.24,107.86,251.65,0
380,2026-09-13 12:06:04,7020b4,UBG146,Bangladesh,22.4141,91.6873,6096.0,218.35,319.97,0
381,2026-09-13 12:06:04,8018c2,AKJ1871,India,28.3573,77.126,2804.16,156.49,216.98,0
382,2026-09-13 12:06:04,7020c8,AWA448,Bangladesh,22.4942,91.5733,4259.58,134.22,338.65,0
383,2026-09-13 12:06:04,7020c5,S2AFH,Bangladesh,23.8546,90.2898,1371.6,36.44,288.95,0
384,2026-09-13 12:06:04,8004d6,AIC7DK,India,14.8852,77.8361,9745.98,233.29,7.09,0
385,2026-09-13 12:06:04,8017e5,IGO1074,India,21.4814,84.384,10355.58,254.85,308.44,0
386,2026-09-13 12:06:04,8017f7,AIC9EK,India,25.4833,75.4146,11811.0,249.63,207.09,0
387,2026-09-13 12:06:04,8017ee,IGO6125,India,28.5497,77.0702,281.94,69.37,103.73,0
388,2026-09-13 12:06:04,80190c,IGO2299,India,28.1073,75.3766,6751.32,186.96,79.22,0
389,2026-09-13 12:06:04,801904,IGO142F,India,22.2187,85.0505,10965.18,252.63,264.74,0
390,2026-09-13 12:06:04,80078e,IFC1086,India,20.9455,72.0416,8884.92,232.29,213.16,0
391,2026-09-13 12:06:04,4bb0ea,THY162,Turkey,19.2349,93.7656,11887.2,244.83,125.59,0
392,2026-09-13 12:06:04,89630c,UAE89V,United Arab Emirates,22.8257,71.0283,10363.2,259.43,264.54,0
393,2026-09-13 12:06:04,800732,,India,28.5629,77.0824,,2.83,171.56,1
394,2026-09-13 12:06:04,800735,AIC352,India,28.556,77.1333,472.44,92.72,105.12,0
395,2026-09-13 12:06:04,4bb107,THY164,Turkey,22.1636,93.2248,11887.2,250.78,94.47,0
396,2026-09-13 12:06:04,4bb10c,THY066,Turkey,18.4385,94.9374,11887.2,242.3,124.53,0
397,2026-09-13 12:06:04,4bb189,THY299,Turkey,28.9347,76.0071,10972.8,252.29,306.54,0
398,2026-09-13 12:06:04,4bb185,THY125,Turkey,25.3024,85.8442,11574.78,261.62,293.04,0
399,2026-09-13 12:06:04,4bb150,THY6242,Turkey,22.0654,94.5514,12496.8,241.08,94.77,0
400,2026-09-13 12:06:04,4bb14a,THY84,Turkey,23.7312,92.0278,10058.4,245.52,102.46,0
401,2026-09-13 12:06:04,89652d,ABY816,United Arab Emirates,22.9181,69.587,10058.4,234.61,93.9,0
402,2026-09-13 12:06:04,896502,ADY044,United Arab Emirates,25.4767,76.7673,10370.82,240.79,252.34,0
403,2026-09-13 12:06:04,4bb196,THY65,Turkey,22.7577,88.3063,11582.4,262.41,301.7,0
404,2026-09-13 12:06:04,4bb18a,THY171,Turkey,28.9007,76.216,10355.58,257.09,301.08,0
405,2026-09-13 12:06:04,896474,UAE67M,United Arab Emirates,15.3378,73.139,12192.0,263.06,298.12,0
406,2026-09-13 12:06:04,896458,UAE375,United Arab Emirates,22.49,73.1787,12192.0,251.38,278.71,0
407,2026-09-13 12:06:04,4bb101,THY49A,Turkey,15.9474,90.3931,11887.2,241.35,137.16,0
408,2026-09-13 12:06:04,8008c3,IGO202C,India,22.6517,88.4453,15.24,70.39,186.29,0
409,2026-09-13 12:06:04,8008c7,FLW ME 2,India,22.6506,88.4473,,7.72,5.62,1
410,2026-09-13 12:06:04,896617,UAE9839,United Arab Emirates,23.398,85.8214,10363.2,272.2,268.81,0
411,2026-09-13 12:06:04,896616,UAE9865,United Arab Emirates,16.1351,89.6752,12192.0,245.8,283.8,0
412,2026-09-13 12:06:04,896614,UAE9861,United Arab Emirates,22.8369,70.3809,10972.8,257.78,273.78,0
413,2026-09-13 12:06:04,461f4d,FIN131,Finland,20.0828,85.7053,11887.2,247.17,137.11,0
414,2026-09-13 12:06:04,75020f,MAS105,Malaysia,13.007,78.7866,8359.14,239.23,97.54,0
415,2026-09-13 12:06:04,75021f,MAS183,Malaysia,13.1791,80.2089,2857.5,147.99,96.19,0
416,2026-09-13 12:06:04,507cb3,MFX5538,Uzbekistan,21.6493,89.5491,9753.6,253.69,298.59,0
417,2026-09-13 12:06:04,507cbb,SGA2562,Uzbekistan,22.7305,87.7145,9936.48,260.28,277.15,0
418,2026-09-13 12:06:04,76cd14,SIA509,Singapore,12.9735,79.0607,8153.4,225.03,98.15,0
419,2026-09-13 12:06:04,781efb,CSS164,China,23.9942,90.4201,10668.0,219.07,97.69,0
420,2026-09-13 12:06:04,896740,ABY822,United Arab Emirates,20.7494,70.2002,10957.56,250.97,291.15,0
421,2026-09-13 12:06:04,896717,ABY824,United Arab Emirates,16.0265,90.1273,9753.6,238.06,284.01,0
422,2026-09-13 12:06:04,89666a,FJL849,United Arab Emirates,29.6977,71.9739,10972.8,221.26,228.68,0
423,2026-09-13 12:06:04,15203a,AFL295,Russian Federation,17.1336,96.7621,10972.8,255.17,308.53,0
424,2026-09-13 12:06:04,899040,EVA068,Taiwan,18.6901,92.3048,10668.0,241.12,128.07,0
425,2026-09-13 12:06:04,406f79,BAW15,United Kingdom,19.1801,86.8692,11887.2,245.21,134.15,0
426,2026-09-13 12:06:04,394a04,AFR256,France,21.0632,84.7407,10058.4,250.59,150.75,0
427,2026-09-13 12:06:04,04022a,ETH3482,Ethiopia,22.8499,85.7203,12496.8,226.19,98.37,0
428,2026-09-13 12:06:04,06a390,QTR8952,Qatar,22.8888,71.6032,11887.2,242.66,85.14,0
429,2026-09-13 12:06:04,8990a5,CAL5663,Taiwan,21.9368,89.6052,10363.2,265.24,303.69,0
430,2026-09-13 12:06:04,06a2f2,QTR649,Qatar,23.9762,72.1377,12192.0,260.94,244.55,0
431,2026-09-13 12:06:04,040105,ETH641,Ethiopia,19.1188,72.4553,3329.94,164.58,276.28,0
432,2026-09-13 12:06:04,781677,CSS160,China,23.6486,92.4293,10668.0,240.5,102.73,0
433,2026-09-13 12:06:04,4ba94e,THY54,Turkey,20.2303,92.2807,10668.0,236.35,125.07,0
434,2026-09-13 12:06:04,4ba948,THY68,Turkey,21.5693,92.3389,10058.4,228.29,123.51,0
435,2026-09-13 12:06:04,7803eb,CES2030,China,21.9556,95.3779,7620.0,72.49,256.46,0
436,2026-09-13 12:06:04,aba7d9,FDX5603,United States,28.7907,76.2544,11277.6,253.66,127.92,0
437,2026-09-13 12:06:04,704010,MMA502,Myanmar,16.9268,96.3434,1379.22,130.13,329.08,0
438,2026-09-13 12:06:04,78064f,CES9616,China,19.886,95.976,9448.8,12.71,338.63,0
439,2026-09-13 12:06:04,70401f,MMA338,Myanmar,19.8865,95.9769,4823.46,14.33,111.04,0
440,2026-09-13 12:06:04,39cf11,AFR199,France,21.15,88.9863,10972.8,263.73,314.92,0
441,2026-09-13 12:06:04,80139b,AIC2119,India,21.6285,82.7845,10972.8,240.89,320.63,0
442,2026-09-13 12:06:04,801408,AIC4EP,India,28.417,77.2106,3657.6,140.99,283.93,0
443,2026-09-13 12:06:04,801409,AIC5TV,India,26.7345,80.9319,10363.2,237.68,306.37,0
444,2026-09-13 12:06:04,80142a,IGO6391,India,15.0938,74.4837,11894.82,228.93,154.01,0
445,2026-09-13 12:06:04,801444,AXB1803,India,23.1936,72.6448,10683.24,238.33,6.82,0
446,2026-09-13 12:06:04,801455,IGO582E,India,28.9454,77.4064,10767.06,236.72,1.49,0
447,2026-09-13 12:06:04,801458,IGO155J,India,15.179,77.832,9243.06,246.28,21.96,0
448,2026-09-13 12:06:04,801422,IGO1632,India,22.0604,94.6182,10965.18,237.49,274.85,0
449,2026-09-13 12:06:04,80141e,AIC8RN,India,28.562,77.0873,,1.8,104.06,1
450,2026-09-13 12:06:04,80141c,IGO403K,India,22.8306,84.2444,10965.18,247.8,219.44,0
451,2026-09-13 12:06:04,801435,AXB904,India,15.6894,91.5585,11285.22,229.45,103.88,0
452,2026-09-13 12:06:04,504e27,ATG8816,Republic of Moldova,23.1419,88.1136,10363.2,260.68,326.18,0
453,2026-09-13 12:06:04,801492,IGO6851,India,23.3741,84.5629,10980.42,252.18,289.17,0
454,2026-09-13 12:06:04,801460,IGO5307,India,26.153,84.8293,10660.38,228.95,102.19,0
455,2026-09-13 12:06:04,80145e,IGO742P,India,15.198,74.414,11277.6,226.42,154.42,0
456,2026-09-13 12:06:04,80145b,IGO372Y,India,18.7477,82.0061,10363.2,241.94,219.48,0
457,2026-09-13 12:06:04,80145f,IGO566V,India,11.9715,76.6488,6050.28,206.57,219.24,0
458,2026-09-13 12:06:04,80149a,IGO207,India,22.6418,88.4413,,0.39,5.62,1
459,2026-09-13 12:06:04,801524,AKJ243Z,India,13.567,91.0153,9448.8,226.6,104.73,0
460,2026-09-13 12:06:04,801523,IGO2040,India,11.1361,76.4464,11277.6,232.84,154.06,0
461,2026-09-13 12:06:04,06a10e,QTR943,Qatar,16.0648,74.182,12192.0,268.73,297.1,0
462,2026-09-13 12:06:04,06a10c,QTR959,Qatar,13.6445,76.4036,12199.62,258.29,298.56,0
463,2026-09-13 12:06:04,8850b7,,Thailand,28.5526,77.0779,,5.4,284.06,1
464,2026-09-13 12:06:04,801502,IGO261,India,18.9874,72.7025,2636.52,141.17,176.87,0
465,2026-09-13 12:06:04,801506,IGO735C,India,25.369,84.7987,9936.48,231.86,292.3,0
466,2026-09-13 12:06:04,801508,AKJ1406,India,26.8734,83.4563,10469.88,245.8,284.3,0
467,2026-09-13 12:06:04,801509,AKJ1939,India,28.1009,76.2848,4572.0,175.76,46.54,0
468,2026-09-13 12:06:04,80154b,IGO725,India,12.8692,79.5555,5394.96,191.85,70.25,0
469,2026-09-13 12:06:04,80154d,IGO235,India,20.9868,87.1189,10058.4,250.54,220.92,0
470,2026-09-13 12:06:04,80155a,IGO6161,India,13.1214,77.6236,3230.88,151.32,91.75,0
471,2026-09-13 12:06:04,80152e,IGO879,India,18.2533,83.3696,2545.08,125.2,121.73,0
472,2026-09-13 12:06:04,801539,AKJ6514,India,12.2406,75.2499,12176.76,229.15,333.32,0
473,2026-09-13 12:06:04,80152f,IGO201T,India,29.9954,77.9453,1684.02,111.72,15.76,0
474,2026-09-13 12:06:04,801581,IGO931P,India,23.0776,83.9215,11346.18,246.88,212.66,0
475,2026-09-13 12:06:04,80157c,AKJ655Z,India,27.9563,75.8824,5204.46,214.22,30.44,0
476,2026-09-13 12:06:04,801595,AXB1812,India,25.5876,76.7821,10675.62,235.65,173.36,0
477,2026-09-13 12:06:04,801594,AXB1462,India,28.9763,76.6487,2743.2,125.36,286.2,0
478,2026-09-13 12:06:04,06a0ab,QTR9J,Qatar,9.7559,77.206,12192.0,255.11,307.96,0
479,2026-09-13 12:06:04,68000a,BTN773,Bhutan,26.6611,84.3384,11582.4,232.77,285.51,0
480,2026-09-13 12:06:04,8013cc,AIC237,India,28.1161,77.792,5821.68,199.05,129.86,0
481,2026-09-13 12:06:04,8013a4,AIC2NB,India,21.3147,84.3088,8991.6,216.38,126.98,0
482,2026-09-13 12:06:04,8013b1,AIC8WV,India,28.1697,74.5565,11285.22,240.02,11.62,0
483,2026-09-13 12:06:04,88516b,THA922,Thailand,17.892,95.7212,9144.0,268.44,306.58,0
484,2026-09-13 12:06:04,885178,THA917,Thailand,18.3891,94.7896,11277.6,246.35,127.87,0
485,2026-09-13 12:06:04,800db0,AXB1036,India,26.2836,86.1337,10965.18,237.98,276.08,0
486,2026-09-13 12:06:04,7c4926,QFA2,Australia,13.7596,92.5445,11887.2,237.59,129.38,0
487,2026-09-13 12:06:04,800fd1,IGO7894,India,27.1752,78.2109,5181.6,126.7,146.76,0
488,2026-09-13 12:06:04,896c2e,UAF1243,United Arab Emirates,31.9219,69.5746,9753.6,230.62,221.84,0
489,2026-09-13 12:06:04,7103d6,SVA850,Saudi Arabia,12.5689,93.6891,12496.8,234.29,135.89,0
490,2026-09-13 12:06:04,4246b2,AZG434,United Kingdom,22.882,85.3197,9753.6,274.11,274.74,0
491,2026-09-13 12:06:04,151dc2,AFL297,Russian Federation,14.9474,91.2353,10363.2,266.25,303.41,0
492,2026-09-13 12:06:04,aa8b77,N779LG,United States,14.2666,91.9539,10668.0,235.67,110.18,0
493,2026-09-13 12:06:04,4007ec,BAW2231,United Kingdom,21.5621,87.6252,11277.6,243.0,134.83,0
494,2026-09-13 12:06:04,abda7d,FDX5080,United States,19.7631,85.8484,9448.8,224.89,50.85,0
495,2026-09-13 12:06:04,70c0f6,OMA815,Oman,22.8971,68.8447,11887.2,245.36,93.61,0
496,2026-09-13 12:06:04,7609b8,PIA303,Pakistan,29.3174,71.5332,10980.42,217.51,229.6,0
497,2026-09-13 12:06:04,7609b6,PIA285,Pakistan,31.6024,69.6291,10972.8,219.81,226.71,0
498,2026-09-13 12:06:04,78112e,CSC3902,China,27.3204,85.9035,6926.58,204.28,132.45,0
499,2026-09-13 12:06:04,70c0fe,OMA822,Oman,14.5032,79.8335,11582.4,267.12,297.16,0
500,2026-09-13 12:06:04,ab9e12,FDX5379,United States,26.3975,75.054,11887.2,249.58,20.64,0
501,2026-09-13 12:06:04,77058d,ALK504,Sri Lanka,13.4296,79.8029,11887.2,250.31,175.4,0
502,2026-09-13 12:06:04,70605b,KAC412,Kuwait,15.6506,95.3342,10363.2,263.44,293.11,0
503,2026-09-13 12:06:04,78007e,CAO1099,China,28.3011,79.0585,9456.42,231.95,283.73,0
504,2026-09-13 12:06:04,4851f6,KLM844,Kingdom of the Netherlands,19.9089,92.764,9144.0,274.62,305.24,0
505,2026-09-13 12:06:04,781368,CES2035,China,23.9966,90.4351,2293.62,116.06,322.93,0
506,2026-09-13 12:06:04,70612c,JZR1401,Kuwait,19.0893,72.9077,213.36,68.43,269.14,0
507,2026-09-13 12:06:04,8880e0,HVN55,Viet Nam,22.6964,88.5143,10965.18,272.07,285.35,0
508,2026-09-13 12:06:04,424462,PEX57H,United Kingdom,19.543,93.3099,13716.0,231.68,125.42,0
509,2026-09-13 12:06:04,76cccd,SIA7353,Singapore,13.6317,78.015,4008.12,173.94,193.34,0
510,2026-09-13 12:06:04,507c98,MFX530,Uzbekistan,24.5838,83.9813,9761.22,247.36,310.61,0
511,2026-09-13 12:06:04,8966ef,UAE9710,United Arab Emirates,14.3593,75.0168,10668.0,242.61,118.36,0
512,2026-09-13 12:06:04,75044b,MAS4,Malaysia,26.5034,74.2908,10972.8,264.04,298.51,0
513,2026-09-13 12:06:04,60182b,TUA695,Turkmenistan,25.157,85.6047,11277.6,231.8,129.24,0
514,2026-09-13 12:06:04,76cef9,SIA321,Singapore,21.6351,84.0342,10058.4,246.35,129.41,0
515,2026-09-13 12:06:04,507c5f,UZB562,Uzbekistan,19.1857,93.8853,9753.6,248.32,304.88,0
516,2026-09-13 12:06:04,750592,MAS103,Malaysia,23.7955,90.4361,510.54,111.54,143.82,0
517,2026-09-13 12:06:04,780fc4,CSN6068,China,26.8756,86.3815,8458.2,223.17,126.66,0
518,2026-09-13 12:06:04,76bcc1,TGW751,Singapore,26.6388,80.8332,12496.8,253.17,124.82,0
519,2026-09-13 12:06:04,39b221,CMA731,France,23.6828,86.6639,9753.6,274.23,281.69,0
520,2026-09-13 12:06:04,4cade1,KZR908,Ireland,28.4267,76.7871,4290.06,188.01,292.35,0
521,2026-09-13 12:06:04,800b14,IGO6175,India,26.6216,81.8939,11277.6,233.54,98.49,0
522,2026-09-13 12:06:04,3c4594,BOX539,Germany,28.8257,78.4697,9753.6,256.01,322.35,0
523,2026-09-13 12:06:04,800c01,IGO433,India,23.2689,90.6095,9761.22,238.06,252.78,0
524,2026-09-13 12:06:04,800c43,AIC2332,India,26.4077,81.1734,10660.38,229.48,124.87,0
525,2026-09-13 12:06:04,800c3c,AIC1RM,India,28.8282,76.9848,2849.88,137.36,270.43,0
526,2026-09-13 12:06:04,800c11,IGO6044,India,19.0996,82.3283,9753.6,241.18,171.78,0
527,2026-09-13 12:06:04,800c0c,AIC8PX,India,10.1548,76.4919,464.82,70.03,267.47,0
528,2026-09-13 12:06:04,800c70,,India,18.8905,73.149,5273.04,169.95,21.67,0
529,2026-09-13 12:06:04,800c87,AIC3YC,India,28.5487,77.0751,251.46,64.63,103.82,0
530,2026-09-13 12:06:04,800c85,AIC3CU,India,14.058,77.2983,7993.38,210.5,339.39,0
531,2026-09-13 12:06:04,710064,SVA757,Saudi Arabia,28.5438,74.8727,9669.78,261.36,270.68,0
532,2026-09-13 12:06:04,4cac16,KZR932,Ireland,28.3937,79.4261,10355.58,237.92,315.7,0
533,2026-09-13 12:06:04,4cac10,KZR564,Ireland,24.1198,82.9037,10370.82,248.85,325.78,0
534,2026-09-13 12:06:04,710054,SVA807,Saudi Arabia,23.3688,84.5248,10363.2,267.11,268.34,0
535,2026-09-13 12:06:04,800d10,IGO2373,India,26.3116,82.5577,11277.6,227.01,107.0,0
536,2026-09-13 12:06:04,800d2d,IGO6447,India,26.1546,78.5646,11574.78,235.02,320.6,0
537,2026-09-13 12:06:04,710105,SVA783,Saudi Arabia,11.7829,75.3243,8778.24,258.48,320.73,0
538,2026-09-13 12:06:04,800d6a,IGO7919,India,12.0435,78.0238,1805.94,137.65,172.05,0
539,2026-09-13 12:06:04,800d7a,,India,10.15,76.3767,220.98,92.81,266.19,0
540,2026-09-13 12:06:04,39d2af,AFR253,France,26.149,81.8231,10972.8,265.37,306.25,0
541,2026-09-13 12:06:04,800be5,AIC6QP,India,23.6285,73.7821,11277.6,233.23,24.36,0
542,2026-09-13 12:06:04,7100bf,SVA817,Saudi Arabia,8.4332,76.2385,10363.2,266.92,292.31,0
543,2026-09-13 12:06:04,800cbb,LLR623,India,19.4131,72.4551,3055.62,101.88,313.77,0
544,2026-09-13 12:06:04,4a1a61,RCR5512,Romania,22.8635,71.4584,10972.8,261.43,264.69,0
545,2026-09-13 12:06:04,800cfb,IGO7304,India,25.5666,91.3147,5791.2,111.79,78.59,0
546,2026-09-13 12:11:06,80162c,AXB184L,India,14.4572,77.8794,8077.2,212.5,13.3,0
547,2026-09-13 12:11:06,801642,AXB1069,India,26.2255,87.1447,9448.8,238.5,99.69,0
548,2026-09-13 12:11:06,801645,AIC4WL,India,28.5637,77.0911,,4.37,2.81,1
549,2026-09-13 12:11:06,80162f,AIC5XK,India,22.1685,72.914,10972.8,237.56,208.45,0
550,2026-09-13 12:11:06,80163d,IGO127,India,25.0699,89.6809,11140.44,216.06,57.45,0
551,2026-09-13 12:11:06,801648,IGO316H,India,30.5159,77.5834,10668.0,239.5,26.95,0
552,2026-09-13 12:11:06,801657,AIC3KQ,India,29.9892,75.2534,9144.0,216.07,354.4,0
553,2026-09-13 12:11:06,80160b,IGO1152,India,28.6948,76.5503,1927.86,110.23,135.57,0
554,2026-09-13 12:11:06,801615,AXB1510,India,26.6992,81.121,10668.0,233.76,106.36,0
555,2026-09-13 12:11:06,801685,AXB1561,India,27.2965,79.6751,9875.52,229.17,115.82,0
556,2026-09-13 12:11:06,801680,,India,28.5585,77.1175,,0.06,14.06,1
557,2026-09-13 12:11:06,80167b,AIC2184,India,22.3717,87.5696,10782.3,254.76,251.64,0
558,2026-09-13 12:11:06,80167f,AIC5DM,India,24.8729,76.9364,11262.36,230.22,172.81,0
559,2026-09-13 12:11:06,801698,AXB1001,India,26.2868,91.2774,9448.8,229.0,113.57,0
560,2026-09-13 12:11:06,80164b,IGO6429,India,28.8598,77.3943,6278.88,158.53,1.86,0
561,2026-09-13 12:11:06,80164e,AIC3GN,India,28.5562,77.132,579.12,79.86,104.93,0
562,2026-09-13 12:11:06,80164f,AIC4JT,India,28.5693,76.9785,739.14,75.74,103.75,0
563,2026-09-13 12:11:06,80164c,IGO2449,India,29.3007,77.0139,3390.9,152.3,199.54,0
564,2026-09-13 12:11:06,801659,AIC106,India,27.9633,75.2194,7086.6,189.49,2.49,0
565,2026-09-13 12:11:06,801669,IGO663E,India,26.1763,76.854,10058.4,220.87,177.73,0
566,2026-09-13 12:11:06,801674,AIC9WQ,India,13.1888,77.7935,1249.68,75.11,270.39,0
567,2026-09-13 12:11:06,80168a,AXB1524,India,22.5694,88.6027,1889.76,140.35,100.77,0
568,2026-09-13 12:11:06,8014b2,IGO6373,India,28.8293,76.8643,2743.2,135.82,270.65,0
569,2026-09-13 12:11:06,8014e4,IGO6747,India,19.9114,86.0822,10965.18,257.17,249.75,0
570,2026-09-13 12:11:06,8014dd,AIC2381,India,28.552,77.0594,335.28,67.75,103.61,0
571,2026-09-13 12:11:06,8014da,AIC1DC,India,30.4931,75.1473,6233.16,203.32,1.89,0
572,2026-09-13 12:11:06,8014de,,India,21.0816,72.5919,10332.72,230.14,182.31,0
573,2026-09-13 12:11:06,8014f3,AXB1805,India,22.3822,70.4347,3116.58,165.78,282.18,0
574,2026-09-13 12:11:06,8014f8,AKJ797G,India,24.642,82.3767,11277.6,230.71,68.41,0
575,2026-09-13 12:11:06,8014c0,IGO6157,India,22.7961,88.4626,632.46,87.94,186.04,0
576,2026-09-13 12:11:06,8014bb,IGO6937,India,19.3121,72.9373,4792.98,168.51,68.13,0
577,2026-09-13 12:11:06,8014ce,IGO503,India,22.5919,88.5341,2842.26,158.33,353.84,0
578,2026-09-13 12:11:06,8014d9,IGO301C,India,12.9953,80.0897,746.76,134.38,329.9,0
579,2026-09-13 12:11:06,801602,AIC4NN,India,22.6405,88.444,22.86,6.17,194.06,1
580,2026-09-13 12:11:06,801600,AIC11E,India,26.1217,74.8636,12496.8,247.48,30.62,0
581,2026-09-13 12:11:06,80174a,IGO246F,India,22.8999,86.0218,10058.4,221.08,77.77,0
582,2026-09-13 12:11:06,80175a,IGO720F,India,28.5891,76.8855,944.88,92.21,103.88,0
583,2026-09-13 12:11:06,801778,IGO36AK,India,22.6562,88.4447,,0.0,95.62,1
584,2026-09-13 12:11:06,801741,IGO342T,India,27.7145,80.3825,10965.18,239.79,291.39,0
585,2026-09-13 12:11:06,80172e,IGO971P,India,22.2468,87.4109,7322.82,221.46,241.41,0
586,2026-09-13 12:11:06,801749,IGO1131,India,15.4138,73.9183,10058.4,237.53,173.78,0
587,2026-09-13 12:11:06,801746,IGO6396,India,12.6984,91.3017,9144.0,249.72,318.76,0
588,2026-09-13 12:11:06,80173e,IGO603H,India,28.5489,77.074,259.08,74.5,103.17,0
589,2026-09-13 12:11:06,801788,IGO5217,India,14.6697,76.5297,10515.6,229.57,136.0,0
590,2026-09-13 12:11:06,80177b,AXB2816,India,23.1856,83.5357,11887.2,218.95,39.37,0
591,2026-09-13 12:11:06,80177e,IGO1064,India,19.6291,91.0212,10347.96,252.91,307.31,0
592,2026-09-13 12:11:06,800462,AIC114,India,24.1038,72.7409,11887.2,241.94,41.72,0
593,2026-09-13 12:11:06,800463,AIC189,India,24.1711,72.0605,9753.6,260.25,261.25,0
594,2026-09-13 12:11:06,801792,,India,28.5676,77.0969,,2.57,205.31,1
595,2026-09-13 12:11:06,8016a3,IGO59P,India,18.5369,85.5147,10675.62,228.69,39.71,0
596,2026-09-13 12:11:06,8016a4,IGO6692,India,26.7211,80.2619,9212.58,238.11,258.16,0
597,2026-09-13 12:11:06,8016a5,IGO355W,India,21.0469,82.7585,11582.4,245.55,224.58,0
598,2026-09-13 12:11:06,8016b7,IGO6132,India,30.684,75.2822,9753.6,250.75,2.35,0
599,2026-09-13 12:11:06,8016b8,IGO326,India,25.3698,90.2046,10668.0,222.6,58.51,0
600,2026-09-13 12:11:06,8016b5,IGO6911,India,19.1422,83.6742,10668.0,218.56,60.84,0
601,2026-09-13 12:11:06,8016b9,IGO305F,India,28.614,76.7687,1318.26,94.21,103.58,0
602,2026-09-13 12:11:06,8015c9,IGO239V,India,24.2598,85.8712,7985.76,191.88,116.08,0
603,2026-09-13 12:11:06,8015d3,IGO973,India,13.3193,78.878,8808.72,220.45,304.06,0
604,2026-09-13 12:11:06,8015cb,IGO231H,India,13.1885,77.8255,1424.94,91.06,270.65,0
605,2026-09-13 12:11:06,8015ad,IGO664E,India,14.1453,81.3415,9105.9,233.94,44.02,0
606,2026-09-13 12:11:06,8015ab,AKJ1851,India,26.4114,89.9606,8641.08,198.37,280.61,0
607,2026-09-13 12:11:06,8015b8,IGO2021,India,28.5591,77.0889,,0.0,278.44,1
608,2026-09-13 12:11:06,781a7a,CSS241,China,28.5559,77.1137,,6.69,14.06,1
609,2026-09-13 12:11:06,8015e6,IGO461W,India,26.1684,87.4915,11277.6,227.76,99.23,0
610,2026-09-13 12:11:06,8015f3,IGO5275,India,24.4608,85.0611,11582.4,243.34,232.65,0
611,2026-09-13 12:11:06,8015f7,AIC9HA,India,19.273,72.7763,3185.16,158.96,6.5,0
612,2026-09-13 12:11:06,8015ed,IGO7627,India,28.1911,77.8697,2324.1,133.09,265.79,0
613,2026-09-13 12:11:06,8015ef,AXB65V,India,30.0171,77.5297,1988.82,130.09,274.76,0
614,2026-09-13 12:11:06,70203e,BBC721,Bangladesh,22.9812,71.2397,10363.2,258.33,266.12,0
615,2026-09-13 12:11:06,702067,BBC388,Bangladesh,18.1252,95.7573,10058.4,229.4,137.54,0
616,2026-09-13 12:11:06,801725,IGO2020,India,26.1213,82.7223,6789.42,181.86,230.05,0
617,2026-09-13 12:11:06,801878,IGO1340,India,14.8986,79.0765,10980.42,248.02,296.88,0
618,2026-09-13 12:11:06,801883,IGO1494,India,14.637,93.9817,11582.4,245.51,306.22,0
619,2026-09-13 12:11:06,80184b,IGO12HC,India,10.1495,76.3575,426.72,103.51,267.44,0
620,2026-09-13 12:11:06,801862,IGO648,India,26.8785,75.9565,11590.02,236.35,205.11,0
621,2026-09-13 12:11:06,801864,IGO2401,India,26.6182,77.2494,9761.22,243.86,0.6,0
622,2026-09-13 12:11:06,80052b,AIC2PK,India,28.9968,75.9899,8534.4,216.62,302.78,0
623,2026-09-13 12:11:06,702097,UBG202,Bangladesh,23.884,90.2074,2034.54,126.62,321.27,0
624,2026-09-13 12:11:06,70209e,BBC201,Bangladesh,31.2441,74.9769,10355.58,242.24,286.28,0
625,2026-09-13 12:11:06,70209b,BBC355,Bangladesh,24.9806,87.3236,10706.1,265.38,294.88,0
626,2026-09-13 12:11:06,800588,AIC9TC,India,28.5473,77.0816,228.6,65.13,103.71,0
627,2026-09-13 12:11:06,440020,AUA7,Austria,16.6885,95.0173,11277.6,241.34,116.73,0
628,2026-09-13 12:11:06,8017a1,AXB46K,India,22.6449,88.4417,22.86,0.0,8.44,1
629,2026-09-13 12:11:06,8017a0,IGO636W,India,28.6381,76.6548,1386.84,94.83,103.81,0
630,2026-09-13 12:11:06,8016e0,IGO2588,India,24.1574,85.7599,11582.4,236.74,296.73,0
631,2026-09-13 12:11:06,8016de,,India,18.915,73.1595,2438.4,137.26,37.39,0
632,2026-09-13 12:11:06,8016df,IGO502,India,14.513,77.6067,10370.82,240.02,259.0,0
633,2026-09-13 12:11:06,8016dd,IGO874,India,23.524,87.3905,8755.38,228.45,315.0,0
634,2026-09-13 12:11:06,8003f2,AXB477,India,11.4584,75.4778,8801.1,243.12,321.53,0
635,2026-09-13 12:11:06,801800,IGO2487,India,28.5613,77.0847,,0.0,59.06,1
636,2026-09-13 12:11:06,801806,IGO357L,India,19.0894,72.9082,213.36,65.34,269.1,0
637,2026-09-13 12:11:06,89617d,UAE583,United Arab Emirates,22.9923,72.0868,10363.2,260.25,261.25,0
638,2026-09-13 12:11:06,80182a,IGO573Y,India,25.66,86.9437,9547.86,247.36,225.0,0
639,2026-09-13 12:11:06,801816,IGO769V,India,28.6126,77.7789,3657.6,154.6,296.48,0
640,2026-09-13 12:11:06,80180b,IGO1013,India,13.6269,92.0774,10058.4,231.68,121.01,0
641,2026-09-13 12:11:06,80180e,IGO671W,India,27.9458,75.805,6233.16,182.09,32.66,0
642,2026-09-13 12:11:06,801824,IGO251V,India,19.3097,72.5548,4305.3,166.34,153.36,0
643,2026-09-13 12:11:06,801828,IGO1510,India,16.0149,90.175,11574.78,235.33,283.4,0
644,2026-09-13 12:11:06,452181,ADZ4301,Bulgaria,22.2826,92.0045,10378.44,258.5,261.53,0
645,2026-09-13 12:11:06,800694,CG3,India,20.9129,88.1173,1524.0,88.52,358.33,0
646,2026-09-13 12:11:06,8018b7,IGO078,India,15.7748,74.1591,11285.22,223.2,124.86,0
647,2026-09-13 12:11:06,8018cf,IGO6010,India,28.5355,77.2138,1234.44,133.76,118.73,0
648,2026-09-13 12:11:06,7020a6,BBC602,Bangladesh,24.1681,90.6459,2499.36,112.88,263.46,0
649,2026-09-13 12:11:06,7020a5,BBC435,Bangladesh,22.0924,91.8547,3665.22,110.12,170.32,0
650,2026-09-13 12:11:06,8018df,IGO346K,India,13.8695,78.894,9761.22,236.01,120.81,0
651,2026-09-13 12:11:06,7020ae,AWA474,Bangladesh,24.9438,89.2178,4579.62,122.13,170.3,0
652,2026-09-13 12:11:06,7020ab,UBG205,Bangladesh,18.6486,85.0186,11582.4,242.2,208.69,0
653,2026-09-13 12:11:06,7020b8,UBG103,Bangladesh,22.9101,91.2867,3352.8,127.67,130.75,0
654,2026-09-13 12:11:06,7020b5,UBG534,Bangladesh,23.8426,90.3984,,20.06,143.44,1
655,2026-09-13 12:11:06,7020b4,UBG146,Bangladesh,22.8656,91.278,6096.0,216.51,319.92,0
656,2026-09-13 12:11:06,8018c2,AKJ1871,India,27.97,76.796,5532.12,191.37,217.02,0
657,2026-09-13 12:11:06,7020c8,AWA448,Bangladesh,22.7963,91.3412,4259.58,138.0,319.84,0
658,2026-09-13 12:11:06,7020c5,S2AFH,Bangladesh,23.9134,90.1217,1531.62,49.68,291.25,0
659,2026-09-13 12:11:06,8004dd,AIC113,India,28.562,77.0826,,0.77,270.0,1
660,2026-09-13 12:11:06,8017e5,IGO1074,India,21.9081,83.7975,10370.82,257.05,307.76,0
661,2026-09-13 12:11:06,80190c,IGO2299,India,28.2053,75.9349,4892.04,169.3,78.96,0
662,2026-09-13 12:11:06,801904,IGO142F,India,22.1548,84.32,10972.8,250.67,264.46,0
663,2026-09-13 12:11:06,4bb0ea,THY162,Turkey,18.8471,94.3344,11887.2,246.99,125.68,0
664,2026-09-13 12:11:06,89630c,UAE89V,United Arab Emirates,22.8437,70.27,10363.2,260.86,273.73,0
665,2026-09-13 12:11:06,800735,AIC352,India,28.3523,77.4707,3329.94,169.55,129.58,0
666,2026-09-13 12:11:06,4bb107,THY164,Turkey,22.1101,93.9539,11887.2,251.34,94.58,0
667,2026-09-13 12:11:06,4bb10c,THY066,Turkey,18.0526,95.4957,11887.2,241.59,126.6,0
668,2026-09-13 12:11:06,4bb189,THY299,Turkey,29.337,75.3919,10972.8,249.14,303.03,0
669,2026-09-13 12:11:06,4bb185,THY125,Turkey,25.576,85.1314,11574.78,256.6,292.14,0
670,2026-09-13 12:11:06,4bb150,THY6242,Turkey,22.0097,95.2451,12496.8,239.12,95.06,0
671,2026-09-13 12:11:06,4bb14a,THY84,Turkey,23.5854,92.7447,10058.4,248.4,100.98,0
672,2026-09-13 12:11:06,89652d,ABY816,United Arab Emirates,22.878,70.2771,10043.16,236.92,97.11,0
673,2026-09-13 12:11:06,896502,ADY044,United Arab Emirates,25.2754,76.0841,10370.82,240.84,247.65,0
674,2026-09-13 12:11:06,4bb196,THY65,Turkey,23.2047,87.7401,11582.4,252.1,319.39,0
675,2026-09-13 12:11:06,4bb18a,THY171,Turkey,29.4125,75.751,10355.58,256.58,348.08,0
676,2026-09-13 12:11:06,896458,UAE375,United Arab Emirates,22.5943,72.4395,12192.0,254.35,278.49,0
677,2026-09-13 12:11:06,4bb101,THY49A,Turkey,15.492,90.8764,11887.2,242.8,121.13,0
678,2026-09-13 12:11:06,896663,FDB74X,United Arab Emirates,30.1911,71.4183,,1.8,281.25,1
679,2026-09-13 12:11:06,8008c3,IGO202C,India,22.6438,88.4408,22.86,0.0,275.62,1
680,2026-09-13 12:11:06,8008c7,FLW ME 2,India,22.6628,88.4487,,7.72,2.81,1
681,2026-09-13 12:11:06,896617,UAE9839,United Arab Emirates,23.3814,85.0272,10363.2,268.62,268.57,0
682,2026-09-13 12:11:06,896616,UAE9865,United Arab Emirates,16.1351,89.6752,12192.0,246.42,283.89,0
683,2026-09-13 12:11:06,896614,UAE9861,United Arab Emirates,22.8816,69.6295,10972.8,257.89,274.12,0
684,2026-09-13 12:11:06,89660c,FDB392,United Arab Emirates,30.0451,72.0444,8473.44,216.91,216.03,0
685,2026-09-13 12:11:06,461f4d,FIN131,Finland,19.7156,86.2767,11887.2,241.74,118.75,0
686,2026-09-13 12:11:06,75020f,MAS105,Malaysia,12.9743,79.4616,9494.52,242.86,88.91,0
687,2026-09-13 12:11:06,75021f,MAS183,Malaysia,13.138,80.7308,4800.6,202.85,94.66,0
688,2026-09-13 12:11:06,507cb3,MFX5538,Uzbekistan,21.9614,88.9162,9745.98,251.38,290.73,0
689,2026-09-13 12:11:06,507cbb,SGA2562,Uzbekistan,22.7702,86.944,10363.2,263.36,273.47,0
690,2026-09-13 12:11:06,75026b,,Malaysia,24.6204,77.4389,11582.4,253.84,300.31,0
691,2026-09-13 12:11:06,76cd14,SIA509,Singapore,12.9793,79.66,9547.86,244.92,88.92,0
692,2026-09-13 12:11:06,781efb,CSS164,China,23.9123,91.0689,10668.0,229.03,97.88,0
693,2026-09-13 12:11:06,896740,ABY822,United Arab Emirates,20.9951,69.5192,10972.8,254.82,290.81,0
694,2026-09-13 12:11:06,896717,ABY824,United Arab Emirates,16.1089,89.7856,9997.44,235.82,283.88,0
695,2026-09-13 12:11:06,89666a,FJL849,United Arab Emirates,29.4152,71.6081,10972.8,222.33,228.56,0
696,2026-09-13 12:11:06,15203a,AFL295,Russian Federation,17.5555,96.1917,10972.8,254.24,306.94,0
697,2026-09-13 12:11:06,899040,EVA068,Taiwan,18.2831,92.8461,10668.0,243.52,128.4,0
698,2026-09-13 12:11:06,406f79,BAW15,United Kingdom,18.7062,87.3823,11887.2,252.84,134.26,0
699,2026-09-13 12:11:06,394a04,AFR256,France,20.4803,85.115,10058.4,249.88,145.23,0
700,2026-09-13 12:11:06,04022a,ETH3482,Ethiopia,22.6219,86.3389,12496.8,230.62,113.53,0
701,2026-09-13 12:11:06,06a390,QTR8952,Qatar,22.9446,72.3141,11887.2,245.7,85.32,0
702,2026-09-13 12:11:06,8990a5,CAL5663,Taiwan,22.2133,88.8919,10363.2,270.64,285.89,0
703,2026-09-13 12:11:06,06a2f4,QTR839,Qatar,22.9686,72.7281,11582.4,255.05,265.14,0
704,2026-09-13 12:11:06,06a2f2,QTR649,Qatar,23.7122,71.4205,12192.0,261.68,249.04,0
705,2026-09-13 12:11:06,781677,CSS160,China,23.5172,93.1117,10675.62,236.39,101.68,0
706,2026-09-13 12:11:06,4ba94e,THY54,Turkey,19.8596,92.838,10668.0,237.36,125.21,0
707,2026-09-13 12:11:06,4ba948,THY68,Turkey,21.5693,92.3389,10058.4,228.29,123.51,0
708,2026-09-13 12:11:06,aba7d9,FDX5603,United States,28.3718,76.8685,11277.6,251.5,127.85,0
709,2026-09-13 12:11:06,704010,MMA502,Myanmar,17.058,96.2653,952.5,83.47,326.31,0
710,2026-09-13 12:11:06,78064f,CES9616,China,19.8871,95.9787,9448.8,154.43,72.95,0
711,2026-09-13 12:11:06,39cf11,AFR199,France,21.5796,88.3747,10972.8,266.8,301.12,0
712,2026-09-13 12:11:06,80139b,AIC2119,India,21.6622,82.755,10965.18,240.16,320.65,0
713,2026-09-13 12:11:06,801407,AXB1264,India,26.1792,74.963,10668.0,234.28,20.7,0
714,2026-09-13 12:11:06,801408,AIC4EP,India,28.5065,76.7948,2644.14,137.25,283.88,0
715,2026-09-13 12:11:06,801409,AIC5TV,India,27.1557,80.3734,10355.58,236.15,310.32,0
716,2026-09-13 12:11:06,80142a,IGO6391,India,14.7586,74.6525,11887.2,228.69,153.84,0
717,2026-09-13 12:11:06,801444,AXB1803,India,23.8283,72.7269,10622.28,236.29,6.88,0
718,2026-09-13 12:11:06,801455,IGO582E,India,29.4092,77.8123,9144.0,228.09,51.5,0
719,2026-09-13 12:11:06,801422,IGO1632,India,22.1132,93.9283,10972.8,237.41,274.6,0
720,2026-09-13 12:11:06,80141e,AIC8RN,India,28.5605,77.0898,,5.66,188.44,1
721,2026-09-13 12:11:06,80141c,IGO403K,India,22.315,83.7902,10980.42,249.32,219.31,0
722,2026-09-13 12:11:06,801435,AXB904,India,15.5399,92.1776,11277.6,223.97,104.23,0
723,2026-09-13 12:11:06,504e27,ATG8816,Republic of Moldova,23.7287,87.687,10363.2,260.25,326.12,0
724,2026-09-13 12:11:06,80146f,IGO26P,India,11.9814,78.2272,7315.2,211.9,338.79,0
725,2026-09-13 12:11:06,801492,IGO6851,India,23.596,83.8678,10980.42,252.81,288.88,0
726,2026-09-13 12:11:06,801460,IGO5307,India,26.1118,85.5163,10675.62,230.99,89.74,0
727,2026-09-13 12:11:06,80145e,IGO742P,India,14.6996,74.763,9532.62,229.49,129.54,0
728,2026-09-13 12:11:06,80145b,IGO372Y,India,18.081,81.4316,10363.2,243.78,219.43,0
729,2026-09-13 12:11:06,80149a,IGO207,India,22.6442,88.4406,,0.32,275.62,1
730,2026-09-13 12:11:06,801524,AKJ243Z,India,13.2007,91.4853,9448.8,225.86,140.55,0
731,2026-09-13 12:11:06,801523,IGO2040,India,10.5383,76.7425,10904.22,225.01,153.67,0
732,2026-09-13 12:11:06,06a10e,QTR943,Qatar,16.1805,73.9481,12192.0,268.5,297.01,0
733,2026-09-13 12:11:06,06a10c,QTR959,Qatar,13.9668,75.7962,12192.0,264.04,298.51,0
734,2026-09-13 12:11:06,8850b7,THA324,Thailand,28.5655,77.082,,1.54,61.88,1
735,2026-09-13 12:11:06,801506,IGO735C,India,25.6148,84.1356,10988.04,240.93,292.07,0
736,2026-09-13 12:11:06,801508,AKJ1406,India,27.032,82.7459,10972.8,239.69,283.53,0
737,2026-09-13 12:11:06,801509,AKJ1939,India,28.4153,76.6839,4572.0,176.66,49.72,0
738,2026-09-13 12:11:06,80154b,IGO725,India,13.0632,80.0767,2529.84,140.17,69.37,0
739,2026-09-13 12:11:06,80154d,IGO235,India,20.5933,86.5362,10972.8,249.92,233.2,0
740,2026-09-13 12:11:06,801560,IGO1253,India,28.5666,77.0843,,3.86,61.88,1
741,2026-09-13 12:11:06,80155a,IGO6161,India,13.1665,77.9295,1874.52,111.17,335.1,0
742,2026-09-13 12:11:06,80152e,IGO879,India,18.076,83.6489,1280.16,103.78,132.39,0
743,2026-09-13 12:11:06,801539,AKJ6514,India,12.4279,75.1542,12192.0,226.62,333.43,0
744,2026-09-13 12:11:06,80152f,IGO201T,India,30.0019,77.9219,1684.02,114.16,7.51,0
745,2026-09-13 12:11:06,801581,IGO931P,India,22.5008,83.5249,11590.02,245.61,212.43,0
746,2026-09-13 12:11:06,80157c,AKJ655Z,India,28.2939,76.2138,3528.06,139.65,63.53,0
747,2026-09-13 12:11:06,801595,AXB1812,India,24.9759,76.8781,10668.0,233.07,166.21,0
748,2026-09-13 12:11:06,801594,AXB1462,India,28.7468,76.4746,2339.34,103.57,173.44,0
749,2026-09-13 12:11:06,06a0ab,QTR9J,Qatar,10.1861,76.6486,12184.38,256.64,307.83,0
750,2026-09-13 12:11:06,68000a,BTN773,Bhutan,26.8279,83.6573,11582.4,234.83,284.46,0
751,2026-09-13 12:11:06,8013cc,AIC237,India,27.784,78.3111,7856.22,223.94,111.14,0
752,2026-09-13 12:11:06,8013a4,AIC2NB,India,21.1074,84.6094,7581.9,199.33,125.86,0
753,2026-09-13 12:11:06,8013b1,AIC8WV,India,28.8073,74.7013,11269.98,238.81,11.43,0
754,2026-09-13 12:11:06,88516b,THA922,Thailand,18.3236,95.1132,9144.0,267.62,305.22,0
755,2026-09-13 12:11:06,885178,THA917,Thailand,17.9784,95.3397,11277.6,247.3,128.16,0
756,2026-09-13 12:11:06,800db0,AXB1036,India,26.3869,85.426,10980.42,241.18,285.84,0
757,2026-09-13 12:11:06,7c4926,QFA2,Australia,13.2918,93.0016,11887.2,238.95,137.97,0
758,2026-09-13 12:11:06,702c47,S3BRA,Bangladesh,23.7504,90.3863,281.94,41.06,232.13,0
759,2026-09-13 12:11:06,7103d6,SVA850,Saudi Arabia,12.117,94.1352,12489.18,231.01,135.63,0
760,2026-09-13 12:11:06,896c6c,UAF1351,United Arab Emirates,16.05,90.0292,11277.6,238.06,104.01,0
761,2026-09-13 12:11:06,4246b2,AZG434,United Kingdom,22.9425,84.5277,9753.6,269.92,274.59,0
762,2026-09-13 12:11:06,151dc2,AFL297,Russian Federation,15.1295,90.5277,10363.2,263.89,296.76,0
763,2026-09-13 12:11:06,aa8b77,N779LG,United States,13.8382,92.4289,10668.0,233.65,133.22,0
764,2026-09-13 12:11:06,4007ec,BAW2231,United Kingdom,21.099,88.1269,11277.6,244.46,134.66,0
765,2026-09-13 12:11:06,abda7d,FDX5080,United States,20.1487,86.3496,9448.8,225.29,50.93,0
766,2026-09-13 12:11:06,70c0f6,OMA815,Oman,22.8529,69.5589,11887.2,243.92,93.99,0
767,2026-09-13 12:11:06,7609b9,PIA284,Pakistan,31.6018,69.6714,11269.98,246.04,37.78,0
768,2026-09-13 12:11:06,78112e,CSC3902,China,26.9182,86.384,8229.6,226.68,133.8,0
769,2026-09-13 12:11:06,ab9e12,FDX5379,United States,27.0395,75.3237,10165.08,258.55,20.74,0
770,2026-09-13 12:11:06,77058d,ALK504,Sri Lanka,12.7434,79.8593,11887.2,249.8,175.39,0
771,2026-09-13 12:11:06,70605b,KAC412,Kuwait,15.8887,94.6384,10363.2,262.49,286.98,0
772,2026-09-13 12:11:06,78007e,CAO1099,China,28.4806,78.443,6256.02,194.57,288.82,0
773,2026-09-13 12:11:06,4851f6,KLM844,Kingdom of the Netherlands,20.3359,92.1207,9144.0,274.87,304.94,0
774,2026-09-13 12:11:06,781368,CES2035,China,23.976,90.2921,708.66,85.4,143.82,0
775,2026-09-13 12:11:06,8880e0,HVN55,Viet Nam,22.9792,87.7974,10972.8,260.29,304.7,0
776,2026-09-13 12:11:06,424462,PEX57H,United Kingdom,19.1799,93.8466,13716.0,229.82,125.43,0
777,2026-09-13 12:11:06,8940cf,DHX843,Bahrain,29.4772,71.6577,11887.2,250.01,48.5,0
778,2026-09-13 12:11:06,76cccd,SIA7353,Singapore,13.2512,78.0006,2743.2,105.67,176.37,0
779,2026-09-13 12:11:06,507c98,MFX530,Uzbekistan,25.0127,83.4321,9761.22,245.96,310.42,0
780,2026-09-13 12:11:06,8966ef,UAE9710,United Arab Emirates,14.0434,75.6164,10668.0,245.12,118.18,0
781,2026-09-13 12:11:06,75044b,MAS4,Malaysia,26.8277,73.6332,10972.8,262.23,298.73,0
782,2026-09-13 12:11:06,3951c1,AFR6727,France,19.2028,72.7554,2042.16,153.29,8.1,0
783,2026-09-13 12:11:06,60182b,TUA695,Turkmenistan,24.7573,86.1403,11277.6,233.9,129.47,0
784,2026-09-13 12:11:06,76cef9,SIA321,Singapore,21.2011,84.5957,10668.0,242.59,129.67,0
785,2026-09-13 12:11:06,507c5f,UZB562,Uzbekistan,19.572,93.2992,9753.6,250.72,304.64,0
786,2026-09-13 12:11:06,750592,MAS103,Malaysia,23.4502,90.6243,3406.14,174.92,157.89,0
787,2026-09-13 12:11:06,780fc4,CSN6068,China,26.4946,86.9575,8839.2,240.67,126.31,0
788,2026-09-13 12:11:06,76bcc1,TGW751,Singapore,26.2447,81.4589,12496.8,251.78,125.18,0
789,2026-09-13 12:11:06,39b221,CMA731,France,23.8297,85.8772,9753.6,270.09,281.2,0
790,2026-09-13 12:11:06,4cade1,KZR908,Ireland,28.6283,76.2246,6477.0,206.63,291.77,0
791,2026-09-13 12:11:06,800b14,IGO6175,India,26.5258,82.5856,11277.6,230.14,98.87,0
792,2026-09-13 12:11:06,3c4594,BOX539,Germany,29.2381,77.8645,9753.6,252.99,292.6,0
793,2026-09-13 12:11:06,800c01,IGO433,India,23.0705,89.9041,9761.22,261.66,252.85,0
794,2026-09-13 12:11:06,800c43,AIC2332,India,26.0497,81.7394,10675.62,230.37,125.18,0
795,2026-09-13 12:11:06,800c3c,AIC1RM,India,28.9025,76.6209,2331.72,116.32,285.39,0
796,2026-09-13 12:11:06,800c11,IGO6044,India,18.6608,82.7722,9738.36,230.3,134.0,0
797,2026-09-13 12:11:06,800c0c,AIC8PX,India,10.1527,76.4449,205.74,68.98,267.86,0
798,2026-09-13 12:11:06,800c70,IGO2442,India,18.9079,73.1562,5394.96,171.86,21.42,0
799,2026-09-13 12:11:06,800c64,AIC3TB,India,28.4518,77.1776,2461.26,147.13,216.47,0
800,2026-09-13 12:11:06,71005e,SVA735,Saudi Arabia,30.2209,72.2643,10279.38,243.12,231.53,0
801,2026-09-13 12:11:06,710064,SVA757,Saudi Arabia,28.5508,74.137,10363.2,251.57,270.47,0
802,2026-09-13 12:11:06,4cac16,KZR932,Ireland,28.8178,78.8845,10363.2,234.65,302.19,0
803,2026-09-13 12:11:06,4cac10,KZR564,Ireland,24.686,82.4816,10363.2,248.71,325.62,0
804,2026-09-13 12:11:06,710054,SVA807,Saudi Arabia,23.3471,83.7779,10363.2,270.24,268.04,0
805,2026-09-13 12:11:06,800d10,IGO2373,India,26.1315,83.2063,9212.58,216.27,107.01,0
806,2026-09-13 12:11:06,800d2d,IGO6447,India,26.6449,78.1141,10561.32,242.59,320.33,0
807,2026-09-13 12:11:06,800d41,AIC8US,India,19.0937,72.8295,541.02,90.32,304.32,0
808,2026-09-13 12:11:06,710105,SVA783,Saudi Arabia,12.1076,75.054,9837.42,269.34,320.5,0
809,2026-09-13 12:11:06,800d7a,SEJ5118,India,10.3967,76.1581,3291.84,169.34,334.06,0
810,2026-09-13 12:11:06,39d2af,AFR253,France,26.5709,81.1833,10972.8,261.47,306.04,0
811,2026-09-13 12:11:06,800bfb,AIC4TJ,India,19.0892,72.8986,160.02,66.37,269.11,0
812,2026-09-13 12:11:06,800be5,AIC6QP,India,23.7753,73.854,11285.22,232.55,24.3,0
813,2026-09-13 12:11:06,4b1920,SWR181,Switzerland,17.3363,96.4971,9144.0,268.46,307.68,0
814,2026-09-13 12:11:06,7100bf,SVA817,Saudi Arabia,8.6947,75.594,10363.2,267.2,292.17,0
815,2026-09-13 12:11:06,4a1a61,RCR5512,Romania,22.8171,70.6929,10972.8,261.96,273.94,0
816,2026-09-13 12:11:06,800cfb,IGO7304,India,25.6924,91.6251,4290.06,110.92,64.74,0
817,2026-09-13 12:16:08,80162c,AXB184L,India,14.4652,77.8814,8115.3,212.5,13.3,0
818,2026-09-13 12:16:08,801642,AXB1069,India,26.1146,87.8715,9448.8,241.28,90.37,0
819,2026-09-13 12:16:08,801645,AIC4WL,India,28.564,77.091,,4.37,351.56,1
820,2026-09-13 12:16:08,801643,AXB2648,India,13.3004,77.6411,1996.44,133.56,52.51,0
821,2026-09-13 12:16:08,80162f,AIC5XK,India,21.7247,72.7654,10972.8,239.05,192.3,0
822,2026-09-13 12:16:08,80163d,IGO127,India,25.3846,90.2297,8747.76,203.02,58.36,0
823,2026-09-13 12:16:08,801648,IGO316H,India,31.0866,77.5878,10668.0,226.23,338.8,0
824,2026-09-13 12:16:08,801657,AIC3KQ,India,30.5919,75.1836,9151.62,217.2,354.15,0
825,2026-09-13 12:16:08,80160a,,India,16.5796,82.5142,11887.2,216.03,15.33,0
826,2026-09-13 12:16:08,80160b,IGO1152,India,28.5978,76.845,1310.64,86.77,101.98,0
827,2026-09-13 12:16:08,801616,IGO311F,India,26.2265,92.3186,11582.4,251.46,245.85,0
828,2026-09-13 12:16:08,801615,AXB1510,India,26.515,81.8117,10675.62,232.58,106.71,0
829,2026-09-13 12:16:08,801685,AXB1561,India,27.0142,80.3194,10058.4,231.91,116.34,0
830,2026-09-13 12:16:08,80167b,AIC2184,India,22.2792,86.8172,11582.4,255.8,261.67,0
831,2026-09-13 12:16:08,80167f,AIC5DM,India,24.8331,76.9419,11262.36,230.73,172.83,0
832,2026-09-13 12:16:08,801698,AXB1001,India,26.0327,91.8781,9448.8,231.02,117.59,0
833,2026-09-13 12:16:08,80164b,IGO6429,India,29.3595,77.4133,8549.64,212.07,1.95,0
834,2026-09-13 12:16:08,80164e,AIC3GN,India,28.2591,77.0542,3268.98,156.71,217.4,0
835,2026-09-13 12:16:08,80164f,AIC4JT,India,28.5492,77.0727,266.7,70.0,104.04,0
836,2026-09-13 12:16:08,80164c,IGO2449,India,28.9029,76.8532,2743.2,130.98,199.5,0
837,2026-09-13 12:16:08,801659,AIC106,India,28.1434,75.7181,5433.06,167.13,74.47,0
838,2026-09-13 12:16:08,80165c,,India,11.7287,75.4831,8183.88,227.37,334.83,0
839,2026-09-13 12:16:08,801669,IGO663E,India,25.5565,76.881,10050.78,221.38,177.74,0
840,2026-09-13 12:16:08,80168c,,India,13.2126,77.6717,1219.2,98.1,294.15,0
841,2026-09-13 12:16:08,80168a,AXB1524,India,22.6877,89.0768,4770.12,173.44,78.19,0
842,2026-09-13 12:16:08,8014b2,IGO6373,India,28.8501,76.4519,2407.92,126.49,196.3,0
843,2026-09-13 12:16:08,8014e4,IGO6747,India,19.6625,85.3718,10965.18,256.08,249.42,0
844,2026-09-13 12:16:08,8014dd,AIC2381,India,28.5493,77.0719,266.7,68.87,103.83,0
845,2026-09-13 12:16:08,8014f3,AXB1805,India,22.4255,70.22,1714.5,144.19,282.15,0
846,2026-09-13 12:16:08,8014f8,AKJ797G,India,24.876,83.0301,11277.6,229.48,68.84,0
847,2026-09-13 12:16:08,8014c0,IGO6157,India,22.6401,88.4422,22.86,6.17,275.62,1
848,2026-09-13 12:16:08,8014ce,IGO503,India,22.8829,88.4925,1066.8,102.45,221.13,0
849,2026-09-13 12:16:08,8014d9,IGO301C,India,13.4129,79.9442,4503.42,186.11,341.97,0
850,2026-09-13 12:16:08,8014fd,AKJ1528,India,19.0894,72.9154,243.84,68.42,270.0,0
851,2026-09-13 12:16:08,801602,AIC4NN,India,22.6423,88.4405,9448.8,0.19,278.44,0
852,2026-09-13 12:16:08,801600,AIC11E,India,26.7557,75.2236,11247.12,258.14,26.77,0
853,2026-09-13 12:16:08,801605,AXB1617,India,28.567,77.1141,,3.6,2.81,1
854,2026-09-13 12:16:08,801613,AXB1832,India,10.6684,78.6568,7985.76,217.16,33.99,0
855,2026-09-13 12:16:08,80174a,IGO246F,India,22.9037,86.6555,8001.0,223.05,122.66,0
856,2026-09-13 12:16:08,80175a,IGO720F,India,28.5489,77.0741,259.08,72.49,103.54,0
857,2026-09-13 12:16:08,801772,IGO5178,India,19.0889,72.8473,289.56,77.25,272.67,0
858,2026-09-13 12:16:08,801778,IGO36AK,India,22.7035,88.2068,2865.12,155.73,305.32,0
859,2026-09-13 12:16:08,801741,IGO342T,India,27.9582,79.6771,10713.72,235.98,291.08,0
860,2026-09-13 12:16:08,801742,,India,28.5686,77.1048,,9.26,270.0,1
861,2026-09-13 12:16:08,80172e,IGO971P,India,21.9299,86.7976,9075.42,243.64,240.95,0
862,2026-09-13 12:16:08,801749,IGO1131,India,14.7555,73.9933,10058.4,237.64,173.54,0
863,2026-09-13 12:16:08,801746,IGO6396,India,12.6984,91.3017,9144.0,247.88,318.7,0
864,2026-09-13 12:16:08,80173e,IGO603H,India,28.5582,77.1145,,4.89,22.5,1
865,2026-09-13 12:16:08,801788,IGO5217,India,14.1856,76.9994,9090.66,210.75,142.04,0
866,2026-09-13 12:16:08,801786,AKJ477V,India,14.544,74.1253,11582.4,241.37,334.36,0
867,2026-09-13 12:16:08,80177b,AXB2816,India,23.7354,83.7773,10957.56,218.03,11.02,0
868,2026-09-13 12:16:08,80177e,IGO1064,India,20.0509,90.4329,10370.82,247.96,306.99,0
869,2026-09-13 12:16:08,800462,AIC114,India,24.5183,73.1454,11887.2,243.01,41.82,0
870,2026-09-13 12:16:08,800463,AIC189,India,24.0546,71.2787,9753.6,261.68,260.04,0
871,2026-09-13 12:16:08,8016a3,IGO59P,India,19.0322,85.946,10675.62,232.52,39.25,0
872,2026-09-13 12:16:08,8016a4,IGO6692,India,26.5764,79.5052,10363.2,236.31,257.81,0
873,2026-09-13 12:16:08,8016a5,IGO355W,India,20.6262,82.3578,11582.4,246.36,220.34,0
874,2026-09-13 12:16:08,8016b7,IGO6132,India,31.3842,75.3482,9753.6,255.17,15.91,0
875,2026-09-13 12:16:08,8016b8,IGO326,India,25.6924,90.7872,10668.0,220.92,58.72,0
876,2026-09-13 12:16:08,8016b5,IGO6911,India,19.4361,84.2331,9997.44,209.52,61.23,0
877,2026-09-13 12:16:08,8016b9,IGO305F,India,28.5573,77.0345,457.2,71.12,104.24,0
878,2026-09-13 12:16:08,8015c9,IGO239V,India,24.0305,86.3554,5196.84,168.94,124.08,0
879,2026-09-13 12:16:08,8015d3,IGO973,India,13.6699,78.3182,10347.96,236.89,302.59,0
880,2026-09-13 12:16:08,8015cb,IGO231H,India,13.1889,77.7932,1242.06,73.58,271.2,0
881,2026-09-13 12:16:08,8015b2,IGO325,India,13.4654,77.9817,2560.32,160.27,195.64,0
882,2026-09-13 12:16:08,8015ab,AKJ1851,India,26.4597,89.674,7749.54,186.86,280.63,0
883,2026-09-13 12:16:08,8015e6,IGO461W,India,26.3522,88.1049,11277.6,233.48,30.01,0
884,2026-09-13 12:16:08,8015f3,IGO5275,India,24.0474,84.4723,11582.4,244.69,232.43,0
885,2026-09-13 12:16:08,8015ed,IGO7627,India,28.1707,77.5195,853.44,101.57,273.78,0
886,2026-09-13 12:16:08,8015ef,AXB65V,India,30.0162,77.5364,1988.82,130.38,266.61,0
887,2026-09-13 12:16:08,70203e,BBC721,Bangladesh,22.9306,70.4622,10363.2,261.0,265.82,0
888,2026-09-13 12:16:08,702067,BBC388,Bangladesh,17.6507,96.2069,10058.4,230.62,138.16,0
889,2026-09-13 12:16:08,801723,IGO6109,India,31.3846,75.3485,9448.8,228.18,195.7,0
890,2026-09-13 12:16:08,801725,IGO2020,India,25.785,82.2473,8138.16,219.22,237.65,0
891,2026-09-13 12:16:08,801878,IGO1340,India,15.077,78.7143,10972.8,245.02,296.83,0
892,2026-09-13 12:16:08,801883,IGO1494,India,15.0466,93.4055,11590.02,251.07,306.17,0
893,2026-09-13 12:16:08,80184b,IGO12HC,India,10.464,76.4124,4450.08,171.64,27.1,0
894,2026-09-13 12:16:08,801862,IGO648,India,26.284,75.6474,11582.4,237.29,205.01,0
895,2026-09-13 12:16:08,801864,IGO2401,India,27.2679,77.2567,6507.48,217.62,0.54,0
896,2026-09-13 12:16:08,80052b,AIC2PK,India,29.2001,75.3627,9144.0,213.21,282.26,0
897,2026-09-13 12:16:08,702097,UBG202,Bangladesh,23.9311,90.328,556.26,75.42,143.6,0
898,2026-09-13 12:16:08,800584,AIC186,India,23.3801,96.2816,10972.8,248.65,272.13,0
899,2026-09-13 12:16:08,70209e,BBC201,Bangladesh,31.4121,74.2192,10363.2,240.66,282.34,0
900,2026-09-13 12:16:08,70209b,BBC355,Bangladesh,25.2966,86.5679,10965.18,267.04,294.59,0
901,2026-09-13 12:16:08,440020,AUA7,Austria,16.3844,95.6389,11277.6,241.35,117.0,0
902,2026-09-13 12:16:08,70a8ee,BHA282,Nepal,27.1224,87.0079,3825.24,116.3,283.3,0
903,2026-09-13 12:16:08,8017a1,AXB46K,India,22.6562,88.4442,,3.6,95.62,1
904,2026-09-13 12:16:08,8017a0,IGO636W,India,28.577,76.9428,845.82,85.97,104.2,0
905,2026-09-13 12:16:08,8016e0,IGO2588,India,24.4532,85.1142,11590.02,236.51,296.34,0
906,2026-09-13 12:16:08,8016df,IGO502,India,14.4939,77.2633,10363.2,240.14,289.13,0
907,2026-09-13 12:16:08,8016dd,IGO874,India,23.9883,86.8843,10149.84,241.54,314.83,0
908,2026-09-13 12:16:08,8003f2,AXB477,India,12.0068,75.035,10477.5,245.13,321.13,0
909,2026-09-13 12:16:08,801800,IGO2487,India,28.5613,77.0847,,0.0,59.06,1
910,2026-09-13 12:16:08,89617d,UAE583,United Arab Emirates,22.8795,71.3098,10424.16,259.99,260.89,0
911,2026-09-13 12:16:08,80182a,IGO573Y,India,25.1445,86.4526,10363.2,243.62,220.89,0
912,2026-09-13 12:16:08,80183a,IGO927T,India,12.8519,79.8402,4259.58,167.39,241.15,0
913,2026-09-13 12:16:08,801816,IGO769V,India,28.8019,77.3443,3268.98,152.54,296.22,0
914,2026-09-13 12:16:08,80180b,IGO1013,India,13.2674,92.6231,10058.4,231.74,130.41,0
915,2026-09-13 12:16:08,80180e,IGO671W,India,28.2668,76.1531,3985.26,145.4,63.07,0
916,2026-09-13 12:16:08,801824,IGO251V,India,19.2141,72.9306,3208.02,139.93,90.42,0
917,2026-09-13 12:16:08,801828,IGO1510,India,16.1484,89.6181,11582.4,231.26,280.51,0
918,2026-09-13 12:16:08,452181,ADZ4301,Bulgaria,22.3288,91.2239,10378.44,266.29,277.66,0
919,2026-09-13 12:16:08,800694,CG3,India,21.1338,88.1127,1524.0,75.64,358.83,0
920,2026-09-13 12:16:08,8018b7,IGO078,India,15.42,74.6824,11277.6,222.65,125.12,0
921,2026-09-13 12:16:08,8018e0,IGO6097,India,23.2687,91.187,5433.06,196.02,184.21,0
922,2026-09-13 12:16:08,8018cf,IGO6010,India,28.3644,76.8963,4777.74,188.89,285.97,0
923,2026-09-13 12:16:08,7020a6,BBC602,Bangladesh,24.0997,90.3346,1470.66,104.24,234.03,0
924,2026-09-13 12:16:08,7020a5,BBC435,Bangladesh,21.8377,91.8995,2270.76,105.57,171.59,0
925,2026-09-13 12:16:08,8018df,IGO346K,India,13.521,79.487,6141.72,215.36,121.22,0
926,2026-09-13 12:16:08,7020ae,AWA474,Bangladesh,24.6028,89.3133,4587.24,130.92,152.63,0
927,2026-09-13 12:16:08,7020ab,UBG205,Bangladesh,18.0767,84.6431,11582.4,244.6,215.93,0
928,2026-09-13 12:16:08,7020b8,UBG103,Bangladesh,22.8958,91.3046,3345.18,127.67,130.75,0
929,2026-09-13 12:16:08,7020b4,UBG146,Bangladesh,23.3034,90.8809,5082.54,185.62,320.4,0
930,2026-09-13 12:16:08,8018c2,AKJ1871,India,27.491,76.4804,7513.32,211.89,206.38,0
931,2026-09-13 12:16:08,7020bc,AWA444,Bangladesh,22.223,91.6771,3810.0,100.25,339.89,0
932,2026-09-13 12:16:08,7020c8,AWA448,Bangladesh,23.0906,91.0731,4259.58,138.0,319.84,0
933,2026-09-13 12:16:08,7020c5,S2AFH,Bangladesh,23.9701,89.9947,1859.28,50.2,294.2,0
934,2026-09-13 12:16:08,8017e5,IGO1074,India,21.9461,83.7449,10370.82,256.73,307.67,0
935,2026-09-13 12:16:08,801914,IGO447L,India,22.0069,72.9232,11277.6,233.07,0.89,0
936,2026-09-13 12:16:08,80190c,IGO2299,India,28.3701,76.3858,3147.06,146.78,63.35,0
937,2026-09-13 12:16:08,801904,IGO142F,India,22.1171,83.9062,10972.8,250.72,264.35,0
938,2026-09-13 12:16:08,4bb0ea,THY162,Turkey,18.4528,94.9168,11887.2,241.88,124.6,0
939,2026-09-13 12:16:08,89630c,UAE89V,United Arab Emirates,22.8913,69.4838,10363.2,263.02,274.04,0
940,2026-09-13 12:16:08,800735,AIC352,India,28.0,77.9485,6591.3,217.69,129.82,0
941,2026-09-13 12:16:08,4bb107,THY164,Turkey,22.0517,94.7064,11887.2,252.49,94.91,0
942,2026-09-13 12:16:08,4bb10c,THY066,Turkey,17.6486,96.061,11887.2,242.92,126.82,0
943,2026-09-13 12:16:08,4bb189,THY299,Turkey,29.8973,75.0803,10965.18,262.58,4.27,0
944,2026-09-13 12:16:08,4bb185,THY125,Turkey,25.7986,84.3814,11582.4,256.08,287.78,0
945,2026-09-13 12:16:08,4bb150,THY6242,Turkey,21.9493,95.9571,12496.8,239.21,95.31,0
946,2026-09-13 12:16:08,4bb14a,THY84,Turkey,23.4496,93.4825,10058.4,249.47,98.18,0
947,2026-09-13 12:16:08,89652d,ABY816,United Arab Emirates,22.7941,70.9844,10050.78,238.65,97.43,0
948,2026-09-13 12:16:08,896502,ADY044,United Arab Emirates,25.2313,75.9819,10370.82,241.36,244.09,0
949,2026-09-13 12:16:08,4bb196,THY65,Turkey,23.5986,87.0939,11582.4,260.63,300.61,0
950,2026-09-13 12:16:08,4bb18a,THY171,Turkey,30.0846,75.4743,10355.58,257.4,339.28,0
951,2026-09-13 12:16:08,896458,UAE375,United Arab Emirates,22.6965,71.6884,12192.0,253.62,278.16,0
952,2026-09-13 12:16:08,4bb101,THY49A,Turkey,15.0902,91.4169,11887.2,240.15,145.56,0
953,2026-09-13 12:16:08,896663,FDB74X,United Arab Emirates,30.2481,71.3419,1287.78,129.18,238.02,0
954,2026-09-13 12:16:08,8008c3,IGO202C,India,22.6438,88.4406,22.86,0.0,275.62,1
955,2026-09-13 12:16:08,8008c7,FLW ME 2,India,22.6722,88.4498,,3.6,5.62,1
956,2026-09-13 12:16:08,896617,UAE9839,United Arab Emirates,23.3617,84.2669,10363.2,268.67,268.24,0
957,2026-09-13 12:16:08,896614,UAE9861,United Arab Emirates,22.93,68.8544,10972.8,259.83,273.75,0
958,2026-09-13 12:16:08,89660c,FDB392,United Arab Emirates,29.6636,71.5739,9654.54,228.13,232.33,0
959,2026-09-13 12:16:08,461f4d,FIN131,Finland,19.2725,86.8203,11894.82,248.82,135.34,0
960,2026-09-13 12:16:08,75020f,MAS105,Malaysia,12.9866,80.1482,10241.28,239.74,90.37,0
961,2026-09-13 12:16:08,75021f,MAS183,Malaysia,13.093,81.2576,6941.82,228.23,100.65,0
962,2026-09-13 12:16:08,507cb3,MFX5538,Uzbekistan,22.3405,88.3076,9753.6,247.0,314.75,0
963,2026-09-13 12:16:08,507cbb,SGA2562,Uzbekistan,22.8139,86.1609,10363.2,260.22,273.29,0
964,2026-09-13 12:16:08,75026b,XAX604,Malaysia,24.9746,76.7694,11582.4,254.66,299.93,0
965,2026-09-13 12:16:08,76cd14,SIA509,Singapore,12.9616,80.4453,10888.98,255.23,95.32,0
966,2026-09-13 12:16:08,781efb,CSS164,China,23.7905,91.7363,10675.62,227.66,102.53,0
967,2026-09-13 12:16:08,896740,ABY822,United Arab Emirates,21.2459,68.8135,10965.18,248.43,290.61,0
968,2026-09-13 12:16:08,780d2c,CCA011,China,28.5691,77.0871,,2.31,222.19,1
969,2026-09-13 12:16:08,15203a,AFL295,Russian Federation,17.981,95.5976,10972.8,255.17,306.64,0
970,2026-09-13 12:16:08,899040,EVA068,Taiwan,17.8601,93.4036,10668.0,242.4,128.45,0
971,2026-09-13 12:16:08,406f79,BAW15,United Kingdom,18.2065,87.916,11887.2,252.82,135.25,0
972,2026-09-13 12:16:08,394a04,AFR256,France,19.9879,85.5818,10058.4,246.08,139.92,0
973,2026-09-13 12:16:08,04022a,ETH3482,Ethiopia,22.4323,86.9834,12496.8,223.97,103.69,0
974,2026-09-13 12:16:08,06a390,QTR8952,Qatar,22.9826,72.8216,11887.2,247.71,85.47,0
975,2026-09-13 12:16:08,8990a5,CAL5663,Taiwan,22.6825,88.3035,10363.2,265.19,302.24,0
976,2026-09-13 12:16:08,06a2f4,QTR839,Qatar,22.8894,71.7584,11582.4,256.72,264.83,0
977,2026-09-13 12:16:08,06a2f2,QTR649,Qatar,23.4317,70.6876,12184.38,263.05,244.89,0
978,2026-09-13 12:16:08,781677,CSS160,China,23.4162,93.8209,10668.0,239.52,96.04,0
979,2026-09-13 12:16:08,4ba94e,THY54,Turkey,19.4746,93.4112,10668.0,239.81,125.39,0
980,2026-09-13 12:16:08,4ba948,THY68,Turkey,20.8284,93.4591,10058.4,234.59,126.62,0
981,2026-09-13 12:16:08,7803eb,CES2030,China,19.4075,94.4537,10668.0,58.66,164.74,0
982,2026-09-13 12:16:08,aba7d9,FDX5603,United States,27.943,77.489,11277.6,249.15,128.12,0
983,2026-09-13 12:16:08,704020,MMA504,Myanmar,15.9004,96.9215,7139.94,227.21,331.46,0
984,2026-09-13 12:16:08,39cf11,AFR199,France,22.0538,87.7851,10972.8,263.04,310.64,0
985,2026-09-13 12:16:08,801407,AXB1264,India,26.8189,75.0043,9509.76,232.41,350.83,0
986,2026-09-13 12:16:08,801408,AIC4EP,India,28.6182,76.5002,2042.16,95.33,71.76,0
987,2026-09-13 12:16:08,801409,AIC5TV,India,27.588,79.7986,10363.2,235.15,310.03,0
988,2026-09-13 12:16:08,80142a,IGO6391,India,14.0425,75.0117,11887.2,230.99,153.83,0
989,2026-09-13 12:16:08,80142b,IGO504,India,25.0396,82.8032,4846.32,162.26,196.77,0
990,2026-09-13 12:16:08,801444,AXB1803,India,24.3568,72.7957,9380.22,230.03,6.81,0
991,2026-09-13 12:16:08,801455,IGO582E,India,29.7636,78.3328,9006.84,202.38,52.96,0
992,2026-09-13 12:16:08,801458,,India,16.0452,78.0728,11475.72,224.88,15.12,0
993,2026-09-13 12:16:08,801422,IGO1632,India,22.1643,93.2217,10972.8,235.75,274.25,0
994,2026-09-13 12:16:08,80141e,AIC8RN,India,28.5581,77.0894,,4.12,188.44,1
995,2026-09-13 12:16:08,80141c,IGO403K,India,22.1265,83.6253,10972.8,249.39,219.14,0
996,2026-09-13 12:16:08,801435,AXB904,India,15.3142,92.756,11277.6,218.76,133.0,0
997,2026-09-13 12:16:08,504e27,ATG8816,Republic of Moldova,24.3278,87.2414,10363.2,259.85,324.26,0
998,2026-09-13 12:16:08,80146f,IGO26P,India,12.4843,78.0385,4709.16,186.57,356.52,0
999,2026-09-13 12:16:08,801492,IGO6851,India,23.8273,83.1424,10965.18,250.23,289.33,0
1000,2026-09-13 12:16:08,801460,IGO5307,India,26.1129,86.2303,10675.62,231.5,90.13,0
1001,2026-09-13 12:16:08,80145e,IGO742P,India,14.5735,74.8378,8656.32,231.07,130.21,0
1002,2026-09-13 12:16:08,80145b,IGO372Y,India,17.6646,80.9078,10347.96,244.01,240.3,0
1003,2026-09-13 12:16:08,80148f,IGO162P,India,16.7687,81.9191,11285.22,224.51,35.11,0
1004,2026-09-13 12:16:08,801520,VUMAC,India,13.2989,77.3991,2667.0,129.68,167.4,0
1005,2026-09-13 12:16:08,801524,AKJ243Z,India,12.7199,91.8756,7764.78,202.07,143.07,0
1006,2026-09-13 12:16:08,801523,IGO2040,India,10.0062,76.8986,8016.24,196.04,178.95,0
1007,2026-09-13 12:16:08,06a10c,QTR959,Qatar,14.3248,75.1163,12192.0,262.4,298.32,0
1008,2026-09-13 12:16:08,801506,IGO735C,India,25.8617,83.4582,11582.4,238.06,291.69,0
1009,2026-09-13 12:16:08,801508,AKJ1406,India,27.1863,82.0287,10972.8,235.82,283.88,0
1010,2026-09-13 12:16:08,801509,AKJ1939,India,28.4967,77.139,4191.0,154.27,141.91,0
1011,2026-09-13 12:16:08,80154b,IGO725,India,13.147,80.3789,1066.8,98.27,154.91,0
1012,2026-09-13 12:16:08,80154d,IGO235,India,20.067,86.141,10972.8,242.86,190.62,0
1013,2026-09-13 12:16:08,801560,IGO1253,India,28.4411,77.4031,3505.2,149.51,119.48,0
1014,2026-09-13 12:16:08,80155a,IGO6161,India,13.1892,77.7561,1051.56,77.17,270.76,0
1015,2026-09-13 12:16:08,80152e,IGO879,India,17.9529,83.602,525.78,80.62,280.66,0
1016,2026-09-13 12:16:08,801540,,India,18.8896,73.0154,10675.62,230.24,168.14,0
1017,2026-09-13 12:16:08,801581,IGO931P,India,22.4527,83.492,11590.02,245.61,212.43,0
1018,2026-09-13 12:16:08,80157c,AKJ655Z,India,28.4568,76.5832,2682.24,121.94,63.98,0
1019,2026-09-13 12:16:08,80157a,AKJ6513,India,21.9972,72.9674,12496.8,225.31,3.8,0
1020,2026-09-13 12:16:08,801595,AXB1812,India,24.8584,76.9101,10668.0,231.7,165.99,0
1021,2026-09-13 12:16:08,801594,AXB1462,India,28.6212,76.7343,1470.66,94.71,103.51,0
1022,2026-09-13 12:16:08,06a0ab,QTR9J,Qatar,10.6227,76.0668,12184.38,258.15,307.14,0
1023,2026-09-13 12:16:08,68000a,BTN773,Bhutan,26.9887,82.948,11582.4,236.69,283.7,0
1024,2026-09-13 12:16:08,8013cc,AIC237,India,27.558,78.9665,9479.28,225.27,111.29,0
1025,2026-09-13 12:16:08,8013b1,AIC8WV,India,29.458,74.8504,11582.4,238.81,11.43,0
1026,2026-09-13 12:16:08,88516b,THA922,Thailand,18.7525,94.4715,9144.0,269.0,305.82,0
1027,2026-09-13 12:16:08,885178,THA917,Thailand,17.5539,95.9034,11277.6,246.5,128.3,0
1028,2026-09-13 12:16:08,800db0,AXB1036,India,26.5683,84.7109,10965.18,238.14,285.54,0
1029,2026-09-13 12:16:08,7c4926,QFA2,Australia,12.8014,93.4593,11887.2,239.01,135.61,0
1030,2026-09-13 12:16:08,800fd1,,India,26.4772,78.7204,5791.2,121.85,146.71,0
1031,2026-09-13 12:16:08,702c47,S3BRA,Bangladesh,23.7895,90.3515,281.94,38.07,0.0,0
1032,2026-09-13 12:16:08,7103d6,SVA850,Saudi Arabia,11.6666,94.6126,12496.8,236.7,130.86,0
1033,2026-09-13 12:16:08,896c6c,UAF1351,United Arab Emirates,15.948,90.6947,11277.6,233.65,91.64,0
1034,2026-09-13 12:16:08,4246b2,AZG434,United Kingdom,22.9902,83.7769,9753.6,270.52,273.27,0
1035,2026-09-13 12:16:08,151dc2,AFL297,Russian Federation,15.8037,90.239,10972.8,265.84,342.2,0
1036,2026-09-13 12:16:08,aa8b77,N779LG,United States,13.4047,92.9083,10668.0,226.71,136.56,0
1037,2026-09-13 12:16:08,4007ec,BAW2231,United Kingdom,20.9039,88.7512,11277.6,233.69,88.11,0
1038,2026-09-13 12:16:08,abda7d,FDX5080,United States,20.5459,86.8702,9448.8,229.78,51.18,0
1039,2026-09-13 12:16:08,70c0f6,OMA815,Oman,22.8089,70.2898,11879.58,244.37,93.74,0
1040,2026-09-13 12:16:08,7609af,ABQ271,Pakistan,31.7544,70.2864,10668.0,252.12,51.21,0
1041,2026-09-13 12:16:08,7609b9,PIA284,Pakistan,32.0512,70.085,11277.6,246.9,38.23,0
1042,2026-09-13 12:16:08,78112e,CSC3902,China,26.5486,86.9638,8839.2,230.74,122.8,0
1043,2026-09-13 12:16:08,70c0fe,,Oman,15.0622,78.7053,11574.78,269.41,296.91,0
1044,2026-09-13 12:16:08,ab9e12,FDX5379,United States,27.5621,75.7804,7696.2,214.99,44.71,0
1045,2026-09-13 12:16:08,77058d,ALK504,Sri Lanka,12.1669,79.9064,11887.2,252.36,175.44,0
1046,2026-09-13 12:16:08,70605b,KAC412,Kuwait,16.1486,93.9268,10363.2,265.1,292.23,0
1047,2026-09-13 12:16:08,78007e,CAO1099,China,28.6406,77.9129,4084.32,167.24,288.66,0
1048,2026-09-13 12:16:08,4851f6,KLM844,Kingdom of the Netherlands,20.7721,91.4476,9144.0,273.11,304.41,0
1049,2026-09-13 12:16:08,781368,CES2035,China,23.8403,90.4043,,6.94,61.88,1
1050,2026-09-13 12:16:08,8880e0,HVN55,Viet Nam,23.4284,87.1884,10965.18,263.76,298.16,0
1051,2026-09-13 12:16:08,424462,PEX57H,United Kingdom,19.0139,94.092,13716.0,228.39,125.37,0
1052,2026-09-13 12:16:08,8940cf,DHX843,Bahrain,29.9313,72.3697,11879.58,251.84,71.05,0
1053,2026-09-13 12:16:08,76cccd,SIA7353,Singapore,13.1888,77.7936,1257.3,86.43,270.68,0
1054,2026-09-13 12:16:08,507c98,MFX530,Uzbekistan,25.4579,82.8548,9753.6,242.8,308.38,0
1055,2026-09-13 12:16:08,8966ef,UAE9710,United Arab Emirates,13.7147,76.2424,9944.1,252.05,118.4,0
1056,2026-09-13 12:16:08,3951c1,AFR6727,France,19.2962,72.7676,2796.54,161.06,6.6,0
1057,2026-09-13 12:16:08,60182b,TUA695,Turkmenistan,24.3471,86.6837,11277.6,230.93,129.58,0
1058,2026-09-13 12:16:08,76cef9,SIA321,Singapore,20.7504,85.1325,10668.0,250.05,155.7,0
1059,2026-09-13 12:16:08,507c5f,UZB562,Uzbekistan,19.9655,92.6971,9745.98,249.72,304.51,0
1060,2026-09-13 12:16:08,76ceed,SIA318,Singapore,10.1001,93.7663,9144.0,263.01,315.24,0
1061,2026-09-13 12:16:08,750592,MAS103,Malaysia,23.0144,90.9464,5814.06,195.14,132.65,0
1062,2026-09-13 12:16:08,780fc4,CSN6068,China,26.1384,87.5896,9441.18,236.97,116.29,0
1063,2026-09-13 12:16:08,76bcc1,TGW751,Singapore,25.8387,82.0943,12489.18,251.95,125.44,0
1064,2026-09-13 12:16:08,39b221,CMA731,France,23.9756,85.0726,10241.28,267.77,280.96,0
1065,2026-09-13 12:16:08,4cade1,KZR908,Ireland,28.8545,75.6048,7947.66,218.87,293.55,0
1066,2026-09-13 12:16:08,800b14,IGO6175,India,26.4245,83.2915,11277.6,231.9,99.19,0
1067,2026-09-13 12:16:08,3c4594,BOX539,Germany,29.5138,77.128,9753.6,250.36,293.88,0
1068,2026-09-13 12:16:08,800c01,IGO433,India,22.8885,89.2109,6400.8,210.57,267.76,0
1069,2026-09-13 12:16:08,800c43,AIC2332,India,25.6801,82.3163,10675.62,229.11,125.4,0
1070,2026-09-13 12:16:08,800c3c,AIC1RM,India,28.7595,76.6355,1722.12,113.89,133.72,0
1071,2026-09-13 12:16:08,800c11,IGO6044,India,18.0629,82.9251,9745.98,248.01,202.31,0
1072,2026-09-13 12:16:08,800c64,AIC3TB,India,28.0589,76.8961,6012.18,187.22,211.29,0
1073,2026-09-13 12:16:08,71005e,SVA735,Saudi Arabia,29.7984,71.6568,10363.2,243.36,231.26,0
1074,2026-09-13 12:16:08,710064,SVA757,Saudi Arabia,28.5317,73.3047,10363.2,250.32,267.17,0
1075,2026-09-13 12:16:08,4cac16,KZR932,Ireland,28.9801,78.1752,10363.2,234.69,276.8,0
1076,2026-09-13 12:16:08,4cac10,KZR564,Ireland,25.2571,82.051,10363.2,249.72,325.49,0
1077,2026-09-13 12:16:08,800d10,IGO2373,India,25.9494,83.8556,6126.48,211.85,107.38,0
1078,2026-09-13 12:16:08,800d03,SEJ2951,India,31.2109,76.3232,6408.42,165.37,146.8,0
1079,2026-09-13 12:16:08,800d2d,IGO6447,India,27.1581,77.6374,7155.18,213.61,319.98,0
1080,2026-09-13 12:16:08,800d41,AIC8US,India,19.2605,72.7843,2385.06,154.14,26.57,0
1081,2026-09-13 12:16:08,710108,SVA723,Saudi Arabia,31.7666,70.0555,10972.8,236.9,228.52,0
1082,2026-09-13 12:16:08,800d7a,SEJ5118,India,10.6284,76.0434,4671.06,199.24,333.63,0
1083,2026-09-13 12:16:08,39d2af,AFR253,France,27.0076,80.5681,10972.8,259.8,310.5,0
1084,2026-09-13 12:16:08,4b191c,SWR176,Switzerland,10.4096,92.6974,10668.0,240.16,140.65,0
1085,2026-09-13 12:16:08,4b1920,SWR181,Switzerland,17.7828,95.873,9144.0,269.05,306.76,0
1086,2026-09-13 12:16:08,7100bf,SVA817,Saudi Arabia,8.9552,74.9481,10363.2,268.35,292.19,0
1087,2026-09-13 12:16:08,4a1a61,RCR5512,Romania,22.8656,69.9057,10972.8,262.37,273.6,0
1088,2026-09-13 12:16:08,800cfb,IGO7304,India,25.705,91.6547,4061.46,111.83,64.38,0
1089,2026-09-13 12:21:10,801642,AXB1069,India,26.5905,88.2619,9448.8,242.11,30.38,0
1090,2026-09-13 12:21:10,801643,AXB2648,India,13.2293,78.0274,4693.92,161.7,103.99,0
1091,2026-09-13 12:21:10,80162f,AIC5XK,India,21.4384,72.7301,10972.8,239.05,192.3,0
1092,2026-09-13 12:21:10,80163d,IGO127,India,25.6466,90.6995,5082.54,165.68,64.63,0
1093,2026-09-13 12:21:10,801648,IGO316H,India,31.7055,77.5755,10668.0,231.06,4.09,0
1094,2026-09-13 12:21:10,801657,AIC3KQ,India,31.1662,75.2767,9144.0,218.07,15.74,0
1095,2026-09-13 12:21:10,80160a,IGO539T,India,17.2413,82.7014,11887.2,226.0,15.18,0
1096,2026-09-13 12:21:10,80160b,IGO1152,India,28.5478,77.0789,266.7,67.75,103.61,0
1097,2026-09-13 12:21:10,801616,IGO311F,India,25.928,91.5904,11582.4,254.14,245.35,0
1098,2026-09-13 12:21:10,801615,AXB1510,India,26.3355,82.4719,10668.0,230.26,107.02,0
1099,2026-09-13 12:21:10,801685,AXB1561,India,26.8851,80.9695,10058.4,232.04,95.47,0
1100,2026-09-13 12:21:10,80167b,AIC2184,India,22.1783,86.0902,11582.4,252.39,261.32,0
1101,2026-09-13 12:21:10,801698,AXB1001,India,25.7316,92.4151,9311.64,223.58,123.84,0
1102,2026-09-13 12:21:10,80164b,IGO6429,India,29.9653,77.4367,10302.24,216.19,1.91,0
1103,2026-09-13 12:21:10,80164e,AIC3GN,India,27.8519,76.785,6362.7,195.37,207.78,0
1104,2026-09-13 12:21:10,80164c,IGO2449,India,28.7307,76.5822,2125.98,105.15,154.19,0
1105,2026-09-13 12:21:10,801659,AIC106,India,28.2641,76.1458,3733.8,140.57,63.72,0
1106,2026-09-13 12:21:10,801663,IGO371F,India,11.9129,77.2248,7597.14,214.05,15.47,0
1107,2026-09-13 12:21:10,80165c,AXB411,India,12.2265,75.245,9189.72,238.41,334.71,0
1108,2026-09-13 12:21:10,801669,IGO663E,India,25.0202,76.9041,10058.4,217.77,177.83,0
1109,2026-09-13 12:21:10,80168c,IGO169J,India,13.552,77.6741,4968.24,175.18,16.2,0
1110,2026-09-13 12:21:10,80168a,AXB1524,India,22.8792,89.5953,6484.62,192.95,58.85,0
1111,2026-09-13 12:21:10,8014b2,IGO6373,India,28.6499,76.6791,1531.62,100.59,123.53,0
1112,2026-09-13 12:21:10,8014e4,IGO6747,India,19.3991,84.6975,10980.42,254.39,245.51,0
1113,2026-09-13 12:21:10,8014f3,AXB1805,India,22.3973,70.0602,1005.84,103.5,149.87,0
1114,2026-09-13 12:21:10,8014f8,AKJ797G,India,25.0991,83.6627,11277.6,230.44,68.93,0
1115,2026-09-13 12:21:10,8014c0,IGO6157,India,22.6416,88.4404,,0.0,275.62,0
1116,2026-09-13 12:21:10,8014bd,IGO6029,India,15.2945,75.8853,10675.62,224.81,135.37,0
1117,2026-09-13 12:21:10,8014ce,IGO503,India,22.6641,88.4468,68.58,71.98,186.57,0
1118,2026-09-13 12:21:10,8014d9,IGO301C,India,13.9041,79.7803,7673.34,203.36,342.02,0
1119,2026-09-13 12:21:10,8014fd,AKJ1528,India,19.0894,72.9081,205.74,70.49,269.16,0
1120,2026-09-13 12:21:10,801600,AIC11E,India,27.3818,75.5782,8542.02,253.54,27.03,0
1121,2026-09-13 12:21:10,801605,AXB1617,India,28.5687,77.1026,,4.37,270.0,1
1122,2026-09-13 12:21:10,80174a,IGO246F,India,22.771,87.1921,5006.34,198.5,55.24,0
1123,2026-09-13 12:21:10,80174b,IGO6349,India,19.0889,72.7796,876.3,123.02,268.08,0
1124,2026-09-13 12:21:10,801772,IGO5178,India,18.8801,72.8361,4320.54,165.36,111.54,0
1125,2026-09-13 12:21:10,801778,IGO36AK,India,23.0672,87.8589,5829.3,200.33,317.91,0
1126,2026-09-13 12:21:10,801741,IGO342T,India,28.19,78.9939,8869.68,249.94,290.86,0
1127,2026-09-13 12:21:10,801742,,India,28.5687,77.0994,,6.43,270.0,1
1128,2026-09-13 12:21:10,80172e,IGO971P,India,21.5977,86.1622,10233.66,257.28,240.67,0
1129,2026-09-13 12:21:10,801749,IGO1131,India,14.1268,74.0645,10050.78,234.46,173.7,0
1130,2026-09-13 12:21:10,801746,IGO6396,India,12.6984,91.3017,9144.0,241.63,350.32,0
1131,2026-09-13 12:21:10,801788,IGO5217,India,13.6874,77.3232,6591.3,187.54,147.66,0
1132,2026-09-13 12:21:10,801786,AKJ477V,India,15.1327,73.8351,11582.4,244.82,334.35,0
1133,2026-09-13 12:21:10,80177b,AXB2816,India,24.1949,84.0785,8435.34,200.4,54.72,0
1134,2026-09-13 12:21:10,80177e,IGO1064,India,20.4462,89.8736,10363.2,244.39,301.05,0
1135,2026-09-13 12:21:10,800463,AIC189,India,23.7507,70.6141,9753.6,260.83,224.44,0
1136,2026-09-13 12:21:10,8016a3,IGO59P,India,19.5701,86.2295,10668.0,224.09,39.32,0
1137,2026-09-13 12:21:10,8016a4,IGO6692,India,26.4401,78.8119,10363.2,239.66,257.6,0
1138,2026-09-13 12:21:10,8016a5,IGO355W,India,19.9902,81.799,11582.4,244.56,218.51,0
1139,2026-09-13 12:21:10,8016b7,IGO6132,India,31.8675,75.508,9738.36,252.91,15.82,0
1140,2026-09-13 12:21:10,8016b8,IGO326,India,25.9824,91.3177,10675.62,223.83,59.01,0
1141,2026-09-13 12:21:10,8016b5,IGO6911,India,19.5073,84.3705,9136.38,205.12,61.38,0
1142,2026-09-13 12:21:10,8016b9,IGO305F,India,28.549,77.0736,259.08,72.99,103.45,0
1143,2026-09-13 12:21:10,8015c9,IGO239V,India,23.7941,86.7384,2743.2,146.11,123.8,0
1144,2026-09-13 12:21:10,8015d3,IGO973,India,14.0124,77.7699,10965.18,236.99,303.76,0
1145,2026-09-13 12:21:10,8015d4,VTSKN,India,19.0116,72.7637,2514.6,118.68,184.47,0
1146,2026-09-13 12:21:10,8015b2,IGO325,India,13.1892,77.7528,1028.7,84.37,270.35,0
1147,2026-09-13 12:21:10,8015e6,IGO461W,India,26.6974,88.4321,11292.84,233.34,87.09,0
1148,2026-09-13 12:21:10,8015f3,IGO5275,India,23.7357,84.0333,11582.4,243.47,232.21,0
1149,2026-09-13 12:21:10,8015ed,IGO7627,India,28.1986,77.5101,640.08,57.03,103.03,0
1150,2026-09-13 12:21:10,8015ef,AXB65V,India,30.0475,77.6789,1684.02,104.24,41.4,0
1151,2026-09-13 12:21:10,70203e,BBC721,Bangladesh,22.8796,69.7076,10363.2,261.87,269.32,0
1152,2026-09-13 12:21:10,702067,BBC388,Bangladesh,17.211,96.6657,10058.4,231.42,127.69,0
1153,2026-09-13 12:21:10,801723,IGO6109,India,30.7991,75.1579,9448.8,230.96,192.09,0
1154,2026-09-13 12:21:10,801725,IGO2020,India,25.535,81.8122,9296.4,223.2,237.52,0
1155,2026-09-13 12:21:10,801883,IGO1494,India,15.4436,92.8431,11582.4,249.02,305.92,0
1156,2026-09-13 12:21:10,80184b,IGO12HC,India,10.919,76.6485,7307.58,204.77,27.21,0
1157,2026-09-13 12:21:10,801862,IGO648,India,25.7005,75.3656,11582.4,238.32,200.47,0
1158,2026-09-13 12:21:10,801864,IGO2401,India,27.7746,77.2626,4625.34,167.72,0.53,0
1159,2026-09-13 12:21:10,80184e,IGO1026,India,12.8193,80.7963,2994.66,154.62,297.33,0
1160,2026-09-13 12:21:10,80052b,AIC2PK,India,29.6223,75.0545,9144.0,221.27,4.13,0
1161,2026-09-13 12:21:10,702097,UBG202,Bangladesh,23.8411,90.4055,,6.43,53.44,1
1162,2026-09-13 12:21:10,800584,AIC186,India,23.4031,95.5562,10972.8,248.08,271.78,0
1163,2026-09-13 12:21:10,70209e,BBC201,Bangladesh,31.4148,74.2046,10363.2,240.66,282.34,0
1164,2026-09-13 12:21:10,70209b,BBC355,Bangladesh,25.4658,85.802,10972.8,266.35,281.14,0
1165,2026-09-13 12:21:10,440020,AUA7,Austria,16.0892,96.2371,11277.6,241.12,117.17,0
1166,2026-09-13 12:21:10,70a8ee,BHA282,Nepal,27.2234,86.6261,3825.24,120.19,291.07,0
1167,2026-09-13 12:21:10,8017a1,AXB46K,India,22.4175,88.3671,2270.76,146.02,210.72,0
1168,2026-09-13 12:21:10,8017a0,IGO636W,India,28.5492,77.0725,266.7,74.0,103.26,0
1169,2026-09-13 12:21:10,8016e0,IGO2588,India,24.7773,84.5213,11582.4,234.54,301.91,0
1170,2026-09-13 12:21:10,8016de,IGO954W,India,19.0893,72.9079,213.36,68.43,269.14,0
1171,2026-09-13 12:21:10,8016dd,IGO874,India,24.4498,86.3754,10972.8,241.55,314.65,0
1172,2026-09-13 12:21:10,8016f8,VUBCB,India,27.9442,79.8494,4053.84,153.45,324.55,0
1173,2026-09-13 12:21:10,8016bc,IGO521C,India,23.9711,91.6926,9753.6,247.29,259.09,0
1174,2026-09-13 12:21:10,8003f2,AXB477,India,12.0874,74.9702,10744.2,241.84,321.91,0
1175,2026-09-13 12:21:10,801800,IGO2487,India,28.5613,77.0847,,0.0,59.06,1
1176,2026-09-13 12:21:10,89617d,UAE583,United Arab Emirates,22.8253,70.5673,10972.8,257.82,273.89,0
1177,2026-09-13 12:21:10,80182a,IGO573Y,India,24.6416,85.9787,10363.2,248.47,220.55,0
1178,2026-09-13 12:21:10,80183a,IGO927T,India,12.5085,79.4597,7536.18,202.89,222.02,0
1179,2026-09-13 12:21:10,801816,IGO769V,India,28.8071,76.942,2255.52,126.17,272.57,0
1180,2026-09-13 12:21:10,80180b,IGO1013,India,12.8765,93.1137,10058.4,229.63,129.18,0
1181,2026-09-13 12:21:10,80180e,IGO671W,India,28.4214,76.5031,3048.0,121.71,63.65,0
1182,2026-09-13 12:21:10,801824,IGO251V,India,19.2139,72.9448,3147.06,139.42,90.42,0
1183,2026-09-13 12:21:10,801828,IGO1510,India,16.1484,89.6181,11582.4,231.26,280.51,0
1184,2026-09-13 12:21:10,452181,ADZ4301,Bulgaria,22.422,90.4547,10378.44,269.21,277.36,0
1185,2026-09-13 12:21:10,800694,CG3,India,21.3457,88.1058,1516.38,76.68,358.46,0
1186,2026-09-13 12:21:10,8018b0,AIC188,India,22.946,68.5836,11887.2,243.28,93.52,0
1187,2026-09-13 12:21:10,8018b7,IGO078,India,15.0787,75.1822,11277.6,223.37,125.15,0
1188,2026-09-13 12:21:10,8018e0,IGO6097,India,23.0742,90.6609,7856.22,218.12,260.36,0
1189,2026-09-13 12:21:10,8018cf,IGO6010,India,28.5746,76.3223,7764.78,213.39,294.65,0
1190,2026-09-13 12:21:10,7020a6,BBC602,Bangladesh,23.8906,90.3602,274.32,69.5,145.25,0
1191,2026-09-13 12:21:10,8018df,IGO346K,India,13.2966,79.9874,2918.46,187.74,108.04,0
1192,2026-09-13 12:21:10,7020ae,AWA474,Bangladesh,24.3573,89.586,4579.62,129.98,132.59,0
1193,2026-09-13 12:21:10,7020ab,UBG205,Bangladesh,17.5968,84.1662,11582.4,248.52,228.36,0
1194,2026-09-13 12:21:10,7020b4,UBG146,Bangladesh,23.715,90.6743,3131.82,155.46,329.36,0
1195,2026-09-13 12:21:10,8018c2,AKJ1871,India,26.9618,76.1884,9029.7,228.69,206.16,0
1196,2026-09-13 12:21:10,7020bc,AWA444,Bangladesh,22.4658,91.4965,4267.2,130.55,326.25,0
1197,2026-09-13 12:21:10,7020c8,AWA448,Bangladesh,23.3839,90.8303,4267.2,137.37,338.24,0
1198,2026-09-13 12:21:10,7020c5,S2AFH,Bangladesh,24.0163,89.8524,1851.66,49.94,294.98,0
1199,2026-09-13 12:21:10,8004d5,,India,28.5649,77.0807,,0.0,59.06,1
1200,2026-09-13 12:21:10,8004dd,,India,28.563,77.0825,,2.31,329.06,1
1201,2026-09-13 12:21:10,801914,IGO447L,India,22.5494,73.1819,11269.98,233.12,25.21,0
1202,2026-09-13 12:21:10,80190c,IGO2299,India,28.5579,76.6498,2743.2,137.66,291.48,0
1203,2026-09-13 12:21:10,80191a,,India,28.5685,77.1083,,5.4,270.0,1
1204,2026-09-13 12:21:10,4bb0ea,THY162,Turkey,18.0702,95.4721,11887.2,242.31,126.63,0
1205,2026-09-13 12:21:10,89630c,UAE89V,United Arab Emirates,22.9382,68.717,10363.2,266.48,273.54,0
1206,2026-09-13 12:21:10,4bb0e9,THY48L,Turkey,12.1721,79.4064,11582.4,252.92,295.16,0
1207,2026-09-13 12:21:10,800735,AIC352,India,27.7004,78.5548,8839.2,242.18,111.17,0
1208,2026-09-13 12:21:10,4bb107,THY164,Turkey,22.0263,95.0186,11887.2,251.51,95.05,0
1209,2026-09-13 12:21:10,4bb10c,THY066,Turkey,17.2589,96.6009,11887.2,238.01,127.71,0
1210,2026-09-13 12:21:10,4bb189,THY299,Turkey,30.601,75.1409,10972.8,260.02,4.31,0
1211,2026-09-13 12:21:10,4bb185,THY125,Turkey,26.0061,83.6557,11582.4,256.59,287.38,0
1212,2026-09-13 12:21:10,4bb150,THY6242,Turkey,21.8114,96.632,12496.8,241.08,104.84,0
1213,2026-09-13 12:21:10,4bb14a,THY84,Turkey,23.3778,94.2093,10058.4,252.52,96.2,0
1214,2026-09-13 12:21:10,89652d,ABY816,United Arab Emirates,22.7093,71.6709,10058.4,237.25,97.73,0
1215,2026-09-13 12:21:10,4bb196,THY65,Turkey,23.9559,86.4325,11582.4,263.99,300.31,0
1216,2026-09-13 12:21:10,4bb18a,THY171,Turkey,30.7331,75.1901,10355.58,258.25,339.11,0
1217,2026-09-13 12:21:10,896458,UAE375,United Arab Emirates,22.793,70.953,12192.0,257.11,277.94,0
1218,2026-09-13 12:21:10,4bb101,THY49A,Turkey,14.5561,91.7871,11887.2,239.42,146.04,0
1219,2026-09-13 12:21:10,8008d0,CFT 4,India,22.652,88.4414,,3.6,278.44,1
1220,2026-09-13 12:21:10,896663,FDB74X,United Arab Emirates,29.9395,71.1315,3909.06,189.01,216.59,0
1221,2026-09-13 12:21:10,8008c7,FLW ME 2,India,22.6582,88.4482,,7.46,182.81,1
1222,2026-09-13 12:21:10,896617,UAE9839,United Arab Emirates,23.3464,83.7574,10363.2,266.13,268.01,0
1223,2026-09-13 12:21:10,896616,,United Arab Emirates,16.6432,87.6393,12192.0,251.92,281.42,0
1224,2026-09-13 12:21:10,896614,UAE9861,United Arab Emirates,22.958,68.1006,10972.8,262.88,270.0,0
1225,2026-09-13 12:21:10,89660c,FDB392,United Arab Emirates,29.625,71.5167,9761.22,228.44,232.23,0
1226,2026-09-13 12:21:10,461f4d,FIN131,Finland,18.7901,87.3176,12496.8,248.83,135.67,0
1227,2026-09-13 12:21:10,75020f,MAS105,Malaysia,12.9309,80.7787,10668.0,229.99,95.52,0
1228,2026-09-13 12:21:10,507cb3,MFX5538,Uzbekistan,22.8418,87.8474,9761.22,242.22,330.06,0
1229,2026-09-13 12:21:10,507cbb,SGA2562,Uzbekistan,22.875,85.4098,10363.2,260.22,274.88,0
1230,2026-09-13 12:21:10,75026b,XAX604,Malaysia,25.385,76.1658,11582.4,252.6,307.22,0
1231,2026-09-13 12:21:10,76cd14,SIA509,Singapore,12.8983,81.1306,11887.2,247.55,95.49,0
1232,2026-09-13 12:21:10,8965f6,ABY514,United Arab Emirates,24.1258,68.3086,10675.62,227.94,91.03,0
1233,2026-09-13 12:21:10,781efb,CSS164,China,23.6541,92.4026,10675.62,236.26,102.7,0
1234,2026-09-13 12:21:10,896740,ABY822,United Arab Emirates,21.4787,68.1494,10066.02,247.41,290.32,0
1235,2026-09-13 12:21:10,780d2c,CCA011,China,28.5291,77.2516,1356.36,105.45,104.99,0
1236,2026-09-13 12:21:10,76cd75,SIA326,Singapore,10.1671,94.2119,10363.2,265.08,334.48,0
1237,2026-09-13 12:21:10,15203a,AFL295,Russian Federation,18.3848,95.0197,10972.8,251.98,304.01,0
1238,2026-09-13 12:21:10,899040,EVA068,Taiwan,17.4509,93.9385,10668.0,245.53,128.79,0
1239,2026-09-13 12:21:10,406f79,BAW15,United Kingdom,17.9768,88.1536,11879.58,248.94,131.4,0
1240,2026-09-13 12:21:10,394a04,AFR256,France,19.3504,85.8828,10058.4,252.44,157.09,0
1241,2026-09-13 12:21:10,04022a,ETH3482,Ethiopia,22.3791,87.6156,12496.8,221.67,80.52,0
1242,2026-09-13 12:21:10,06a390,QTR8952,Qatar,23.0023,73.0936,11887.2,248.69,85.61,0
1243,2026-09-13 12:21:10,8990a5,CAL5663,Taiwan,23.1894,87.7894,10363.2,261.44,317.55,0
1244,2026-09-13 12:21:10,06a2f4,QTR839,Qatar,22.824,71.0072,11582.4,260.45,264.56,0
1245,2026-09-13 12:21:10,06a2f2,QTR649,Qatar,23.1167,70.0073,12192.0,260.22,242.83,0
1246,2026-09-13 12:21:10,781677,CSS160,China,23.3467,94.5154,10668.0,240.2,96.39,0
1247,2026-09-13 12:21:10,4ba94e,THY54,Turkey,19.096,93.9698,10668.0,242.26,125.58,0
1248,2026-09-13 12:21:10,4ba948,THY68,Turkey,20.4442,93.9952,10058.4,236.66,127.49,0
1249,2026-09-13 12:21:10,aba7d9,FDX5603,United States,27.453,77.9739,11277.6,247.86,145.49,0
1250,2026-09-13 12:21:10,704020,MMA504,Myanmar,16.365,96.6597,4823.46,172.19,331.44,0
1251,2026-09-13 12:21:10,70401f,MMA338,Myanmar,21.7056,95.9713,0.0,1.03,270.0,0
1252,2026-09-13 12:21:10,39cf11,AFR199,France,22.4907,87.1775,10972.8,267.11,307.49,0
1253,2026-09-13 12:21:10,801407,AXB1264,India,27.3864,75.1858,8001.0,217.27,24.93,0
1254,2026-09-13 12:21:10,801408,AIC4EP,India,28.6109,76.7831,937.26,95.71,103.36,0
1255,2026-09-13 12:21:10,801409,AIC5TV,India,27.9494,79.2219,10363.2,232.15,303.34,0
1256,2026-09-13 12:21:10,80142a,IGO6391,India,13.8673,75.0992,11902.44,232.14,153.83,0
1257,2026-09-13 12:21:10,80142b,IGO504,India,24.4627,82.6092,7437.12,199.3,197.73,0
1258,2026-09-13 12:21:10,801454,IGO211,India,10.1503,76.3807,259.08,83.93,267.54,0
1259,2026-09-13 12:21:10,801455,IGO582E,India,29.7711,78.4508,7094.22,196.78,325.44,0
1260,2026-09-13 12:21:10,801422,IGO1632,India,22.2099,92.5443,10972.8,235.57,273.63,0
1261,2026-09-13 12:21:10,80141d,AIC2KJ,India,11.8243,92.7059,4701.54,185.93,339.26,0
1262,2026-09-13 12:21:10,80141c,IGO403K,India,21.2477,82.8637,10972.8,251.72,218.86,0
1263,2026-09-13 12:21:10,801435,AXB904,India,14.9104,93.1981,11277.6,219.09,133.29,0
1264,2026-09-13 12:21:10,504e27,ATG8816,Republic of Moldova,24.8984,86.7951,10363.2,261.7,324.28,0
1265,2026-09-13 12:21:10,80146f,IGO26P,India,12.9456,77.9881,2926.08,129.82,350.65,0
1266,2026-09-13 12:21:10,801492,IGO6851,India,23.974,82.6865,10972.8,250.06,289.22,0
1267,2026-09-13 12:21:10,801460,IGO5307,India,26.1108,86.9028,8389.62,214.01,90.41,0
1268,2026-09-13 12:21:10,80145b,IGO372Y,India,17.4006,80.4268,10363.2,244.26,240.2,0
1269,2026-09-13 12:21:10,80148f,IGO162P,India,17.2654,82.2844,11292.84,223.25,35.34,0
1270,2026-09-13 12:21:10,801520,VUMAC,India,13.1091,77.5715,1341.12,95.26,92.48,0
1271,2026-09-13 12:21:10,801524,AKJ243Z,India,12.3059,92.0154,5052.06,204.75,180.14,0
1272,2026-09-13 12:21:10,801523,IGO2040,India,9.7318,76.9033,6652.26,171.33,179.14,0
1273,2026-09-13 12:21:10,06a10c,QTR959,Qatar,14.6597,74.4748,12192.0,260.76,298.13,0
1274,2026-09-13 12:21:10,801506,IGO735C,India,26.0966,82.8028,11574.78,237.2,291.5,0
1275,2026-09-13 12:21:10,801508,AKJ1406,India,27.3322,81.3561,10972.8,240.32,283.62,0
1276,2026-09-13 12:21:10,801509,AKJ1939,India,28.2209,77.3541,1645.92,118.8,195.06,0
1277,2026-09-13 12:21:10,80154b,IGO725,India,13.0132,80.2302,327.66,69.36,249.15,0
1278,2026-09-13 12:21:10,80154d,IGO235,India,19.6355,85.6038,10965.18,254.14,235.47,0
1279,2026-09-13 12:21:10,801566,IGO700T,India,10.1707,76.189,2354.58,89.31,279.95,0
1280,2026-09-13 12:21:10,801560,IGO1253,India,28.2026,77.8805,6690.36,199.28,119.54,0
1281,2026-09-13 12:21:10,80152e,IGO879,India,17.9731,83.5006,,6.17,101.25,1
1282,2026-09-13 12:21:10,801581,IGO931P,India,21.3719,82.7604,11597.64,245.5,212.16,0
1283,2026-09-13 12:21:10,80157c,AKJ655Z,India,28.6311,76.4162,2438.4,128.53,19.16,0
1284,2026-09-13 12:21:10,80157a,AKJ6513,India,22.7347,73.2125,11117.58,231.99,20.65,0
1285,2026-09-13 12:21:10,801594,AXB1462,India,28.5674,76.9872,693.42,73.62,103.74,0
1286,2026-09-13 12:21:10,06a0b6,QTR650,Qatar,26.0668,74.6321,11879.58,249.77,81.35,0
1287,2026-09-13 12:21:10,06a0ab,QTR9J,Qatar,10.8498,75.763,12184.38,260.0,307.12,0
1288,2026-09-13 12:21:10,68000a,BTN773,Bhutan,27.1359,82.2599,11582.4,233.21,283.39,0
1289,2026-09-13 12:21:10,8013cc,AIC237,India,27.3354,79.5849,10805.16,217.42,115.96,0
1290,2026-09-13 12:21:10,8013b1,AIC8WV,India,30.0915,74.995,11590.02,241.33,11.31,0
1291,2026-09-13 12:21:10,8013fc,IGO715Y,India,15.4276,74.0598,952.5,87.94,241.34,0
1292,2026-09-13 12:21:10,88516b,THA922,Thailand,19.1753,93.8522,9144.0,266.96,305.59,0
1293,2026-09-13 12:21:10,885178,THA917,Thailand,17.1412,96.4467,11277.6,246.82,128.4,0
1294,2026-09-13 12:21:10,800db0,AXB1036,India,26.7399,84.0284,10972.8,237.29,285.72,0
1295,2026-09-13 12:21:10,7c4926,QFA2,Australia,12.3353,93.9195,11887.2,242.3,135.86,0
1296,2026-09-13 12:21:10,702c47,S3BRA,Bangladesh,23.7503,90.37,320.04,49.84,258.69,0
1297,2026-09-13 12:21:10,7103d6,SVA850,Saudi Arabia,11.2517,95.0983,12496.8,233.75,130.98,0
1298,2026-09-13 12:21:10,896c6c,UAF1351,United Arab Emirates,15.8104,91.3106,11277.6,227.46,118.65,0
1299,2026-09-13 12:21:10,151dc2,AFL297,Russian Federation,16.3641,89.8134,10972.8,259.0,315.16,0
1300,2026-09-13 12:21:10,aa8b77,N779LG,United States,12.9549,93.3426,10668.0,229.64,136.72,0
1301,2026-09-13 12:21:10,4007ec,BAW2231,United Kingdom,20.7842,89.3952,11277.6,246.21,126.85,0
1302,2026-09-13 12:21:10,abda7d,FDX5080,United States,20.9736,87.3311,9448.8,222.51,31.19,0
1303,2026-09-13 12:21:10,70c0f6,OMA815,Oman,22.7444,71.0016,11887.2,248.41,97.26,0
1304,2026-09-13 12:21:10,7609af,ABQ271,Pakistan,31.9511,70.5733,10675.62,252.84,51.19,0
1305,2026-09-13 12:21:10,7609b9,PIA284,Pakistan,32.1714,70.1964,11079.48,253.4,38.41,0
1306,2026-09-13 12:21:10,78112e,CSC3902,China,26.2118,87.5405,9799.32,221.75,122.88,0
1307,2026-09-13 12:21:10,ab9e12,FDX5379,United States,28.0555,75.9969,5059.68,184.98,18.99,0
1308,2026-09-13 12:21:10,70605b,KAC412,Kuwait,16.4173,93.2404,10363.2,265.19,291.99,0
1309,2026-09-13 12:21:10,78007e,CAO1099,China,28.7819,77.4373,3520.44,163.82,288.49,0
1310,2026-09-13 12:21:10,4851f6,KLM844,Kingdom of the Netherlands,21.1867,90.7985,9144.0,272.67,304.08,0
1311,2026-09-13 12:21:10,781368,CES2035,China,23.8507,90.4018,,0.0,53.44,1
1312,2026-09-13 12:21:10,8880e0,HVN55,Viet Nam,23.7645,86.5014,10972.8,265.31,297.61,0
1313,2026-09-13 12:21:10,424462,PEX57H,United Kingdom,19.8863,95.9769,13716.0,12.74,133.36,0
1314,2026-09-13 12:21:10,8940cf,DHX843,Bahrain,30.1089,72.7641,10126.98,239.37,48.22,0
1315,2026-09-13 12:21:10,507c7f,MFX7621,Uzbekistan,31.2345,70.5962,11277.6,235.81,167.78,0
1316,2026-09-13 12:21:10,76cccd,SIA7353,Singapore,13.189,77.7757,1158.24,84.88,270.35,0
1317,2026-09-13 12:21:10,507c98,MFX530,Uzbekistan,25.8492,82.2737,9761.22,244.98,306.46,0
1318,2026-09-13 12:21:10,8966ef,UAE9710,United Arab Emirates,13.4119,76.8147,7193.28,222.82,118.4,0
1319,2026-09-13 12:21:10,60182b,TUA695,Turkmenistan,23.9519,87.2015,11277.6,230.8,129.94,0
1320,2026-09-13 12:21:10,76cef9,SIA321,Singapore,20.1331,85.3882,10668.0,249.3,133.24,0
1321,2026-09-13 12:21:10,507c5f,UZB562,Uzbekistan,20.3533,92.097,9753.6,253.56,304.33,0
1322,2026-09-13 12:21:10,76ceed,SIA318,Singapore,10.6149,93.2595,9144.0,262.64,314.84,0
1323,2026-09-13 12:21:10,750592,MAS103,Malaysia,22.6336,91.3917,7299.96,220.24,132.82,0
1324,2026-09-13 12:21:10,8a0a13,UBG149,Indonesia,23.5714,90.4897,3223.26,130.37,150.7,0
1325,2026-09-13 12:21:10,780fc4,CSN6068,China,25.8632,88.209,10668.0,232.37,116.28,0
1326,2026-09-13 12:21:10,76bcc1,TGW751,Singapore,25.4461,82.7008,12496.8,250.69,125.65,0
1327,2026-09-13 12:21:10,39b221,CMA731,France,24.1111,84.3012,10363.2,269.09,280.69,0
1328,2026-09-13 12:21:10,4cade1,KZR908,Ireland,29.2034,75.0666,9060.18,228.53,323.7,0
1329,2026-09-13 12:21:10,4073ce,VIR355,United Kingdom,19.0885,72.8503,91.44,95.18,269.07,0
1330,2026-09-13 12:21:10,800b14,IGO6175,India,26.3225,83.9769,11277.6,232.58,99.42,0
1331,2026-09-13 12:21:10,3c4594,BOX539,Germany,29.7797,76.4256,9753.6,251.83,293.48,0
1332,2026-09-13 12:21:10,800c01,IGO433,India,22.8563,88.7405,4168.14,122.08,259.07,0
1333,2026-09-13 12:21:10,800c43,AIC2332,India,25.3239,82.866,10668.0,227.43,125.7,0
1334,2026-09-13 12:21:10,800c3c,AIC1RM,India,28.5869,76.8962,914.4,86.72,103.38,0
1335,2026-09-13 12:21:10,800c11,IGO6044,India,17.4671,82.602,9768.84,248.71,206.94,0
1336,2026-09-13 12:21:10,800c64,AIC3TB,India,27.6202,76.5513,8420.1,205.88,216.67,0
1337,2026-09-13 12:21:10,71005e,SVA735,Saudi Arabia,29.5143,71.2536,10363.2,244.33,230.98,0
1338,2026-09-13 12:21:10,710064,SVA757,Saudi Arabia,28.5251,73.1559,10363.2,250.32,267.17,0
1339,2026-09-13 12:21:10,4cac16,KZR932,Ireland,29.0575,77.4623,10355.58,233.48,277.47,0
1340,2026-09-13 12:21:10,4cac10,KZR564,Ireland,25.8124,81.6278,10370.82,250.59,325.2,0
1341,2026-09-13 12:21:10,800d10,IGO2373,India,25.7651,84.3936,3215.64,165.99,118.71,0
1342,2026-09-13 12:21:10,800d03,SEJ2951,India,30.8477,76.6226,6400.8,167.61,143.24,0
1343,2026-09-13 12:21:10,800d2d,IGO6447,India,27.5954,77.3853,5410.2,177.33,347.09,0
1344,2026-09-13 12:21:10,710108,SVA723,Saudi Arabia,31.5313,69.7441,10972.8,236.17,228.53,0
1345,2026-09-13 12:21:10,39d2af,AFR253,France,27.4671,79.9605,11582.4,253.73,310.15,0
1346,2026-09-13 12:21:10,4b191c,SWR176,Switzerland,9.9138,93.1084,10668.0,242.33,140.6,0
1347,2026-09-13 12:21:10,4b1920,SWR181,Switzerland,18.2137,95.2692,9144.0,267.31,306.63,0
1348,2026-09-13 12:21:10,4a1a61,RCR5512,Romania,22.9129,69.1423,11209.02,263.46,273.81,0
1349,2026-09-13 12:26:11,801642,AXB1069,India,26.6686,88.3588,9448.8,240.34,101.98,0
1350,2026-09-13 12:26:11,801643,AXB2648,India,13.1257,78.5245,6644.64,193.11,94.89,0
1351,2026-09-13 12:26:11,80163d,IGO127,India,25.7671,90.9357,3642.36,157.94,59.68,0
1352,2026-09-13 12:26:11,801648,IGO316H,India,32.3188,77.6264,10675.62,233.84,6.06,0
1353,2026-09-13 12:26:11,801657,AIC3KQ,India,31.7341,75.4639,9144.0,215.46,15.8,0
1354,2026-09-13 12:26:11,80160a,IGO539T,India,17.8412,82.8728,11887.2,219.28,15.37,0
1355,2026-09-13 12:26:11,80160b,IGO1152,India,28.4925,76.8656,1234.44,122.11,286.14,0
1356,2026-09-13 12:26:11,801616,IGO311F,India,25.6288,90.8734,11582.4,251.8,245.11,0
1357,2026-09-13 12:26:11,801615,AXB1510,India,26.1492,83.1431,9707.88,227.65,107.08,0
1358,2026-09-13 12:26:11,801621,IGO83FK,India,31.5632,76.1283,10591.8,219.38,147.84,0
1359,2026-09-13 12:26:11,801632,AKJ1814,India,19.2299,72.8806,11277.6,228.64,2.58,0
1360,2026-09-13 12:26:11,801685,AXB1561,India,26.8197,81.699,10058.4,231.68,95.86,0
1361,2026-09-13 12:26:11,80167b,AIC2184,India,22.0717,85.3476,11582.4,257.79,261.05,0
1362,2026-09-13 12:26:11,80164b,IGO6429,India,30.5647,77.5723,11277.6,235.7,13.76,0
1363,2026-09-13 12:26:11,80164e,AIC3GN,India,27.3528,76.4911,8519.16,214.23,207.61,0
1364,2026-09-13 12:26:11,80164c,IGO2449,India,28.6138,76.86,998.22,105.52,130.06,0
1365,2026-09-13 12:26:11,801659,AIC106,India,28.4155,76.4895,2392.68,117.33,63.43,0
1366,2026-09-13 12:26:11,801663,IGO371F,India,12.5133,77.393,9342.12,236.38,15.4,0
1367,2026-09-13 12:26:11,801669,IGO663E,India,24.9056,76.9091,10058.4,217.77,177.83,0
1368,2026-09-13 12:26:11,80168c,IGO169J,India,14.1012,77.8091,7185.66,231.4,12.58,0
1369,2026-09-13 12:26:11,80168a,AXB1524,India,23.1246,90.097,7010.4,191.38,73.12,0
1370,2026-09-13 12:26:11,8014b2,IGO6373,India,28.5745,76.9544,807.72,84.6,103.36,0
1371,2026-09-13 12:26:11,8014e4,IGO6747,India,19.137,84.0117,10965.18,255.93,248.54,0
1372,2026-09-13 12:26:11,8014e5,IGO364F,India,24.7957,82.7271,10675.62,233.12,18.39,0
1373,2026-09-13 12:26:11,8014f8,AKJ797G,India,25.3257,84.3158,11277.6,231.69,69.19,0
1374,2026-09-13 12:26:11,8014f2,AKJ2004,India,15.2408,74.3869,11277.6,226.18,154.25,0
1375,2026-09-13 12:26:11,8014bd,IGO6029,India,14.7199,76.4703,10675.62,227.72,135.37,0
1376,2026-09-13 12:26:11,8014ce,IGO503,India,22.6405,88.4396,22.86,0.0,337.5,1
1377,2026-09-13 12:26:11,8014d9,IGO301C,India,14.4672,79.5915,9509.76,224.83,341.73,0
1378,2026-09-13 12:26:11,801600,AIC11E,India,27.9498,75.9036,5478.78,214.2,27.0,0
1379,2026-09-13 12:26:11,80174a,IGO246F,India,22.8924,87.6978,3025.14,149.61,80.7,0
1380,2026-09-13 12:26:11,80174b,IGO6349,India,18.9988,72.7144,2316.48,147.18,188.44,0
1381,2026-09-13 12:26:11,801772,IGO5178,India,18.8752,72.8501,4450.08,166.31,109.89,0
1382,2026-09-13 12:26:11,801778,IGO36AK,India,23.4884,87.4445,8115.3,218.06,317.2,0
1383,2026-09-13 12:26:11,801741,IGO342T,India,28.4239,78.2898,6080.76,224.65,290.51,0
1384,2026-09-13 12:26:11,80172e,IGO971P,India,21.245,85.4955,10972.8,265.38,240.5,0
1385,2026-09-13 12:26:11,801749,IGO1131,India,13.9898,74.0801,10050.78,235.03,173.59,0
1386,2026-09-13 12:26:11,801746,IGO6396,India,14.9424,90.0338,10980.42,249.91,353.86,0
1387,2026-09-13 12:26:11,801752,IGO5316,India,21.8908,73.196,11285.22,234.13,12.69,0
1388,2026-09-13 12:26:11,801788,IGO5217,India,13.4056,77.7534,3703.32,190.47,132.26,0
1389,2026-09-13 12:26:11,801786,AKJ477V,India,15.7399,73.5342,11582.4,243.43,334.19,0
1390,2026-09-13 12:26:11,80177b,AXB2816,India,24.4868,84.5382,6050.28,176.25,55.1,0
1391,2026-09-13 12:26:11,80177e,IGO1064,India,20.6846,89.2059,10363.2,245.5,287.94,0
1392,2026-09-13 12:26:11,800463,AIC189,India,23.2337,70.072,9753.6,261.23,223.88,0
1393,2026-09-13 12:26:11,8016a3,IGO59P,India,20.046,86.6433,10675.62,222.57,39.47,0
1394,2026-09-13 12:26:11,8016a4,IGO6692,India,26.295,78.0933,10363.2,238.99,257.19,0
1395,2026-09-13 12:26:11,8016a5,IGO355W,India,19.5214,81.405,11582.4,244.65,218.34,0
1396,2026-09-13 12:26:11,8016b8,IGO326,India,26.207,91.955,10622.28,221.91,77.41,0
1397,2026-09-13 12:26:11,8016b9,IGO305F,India,28.5567,77.114,,8.75,16.88,1
1398,2026-09-13 12:26:11,8015c9,IGO239V,India,23.6318,87.0103,1531.62,113.79,92.33,0
1399,2026-09-13 12:26:11,8015d3,IGO973,India,14.3627,77.2236,10980.42,243.42,303.19,0
1400,2026-09-13 12:26:11,8015d4,VTSKN,India,18.8334,72.8851,4876.8,155.77,126.95,0
1401,2026-09-13 12:26:11,8015b2,IGO325,India,13.1892,77.7528,1028.7,84.38,270.7,0
1402,2026-09-13 12:26:11,8002ce,,India,24.729,77.5093,11582.4,237.99,319.73,0
1403,2026-09-13 12:26:11,8015e4,,India,15.7946,73.7198,2095.5,140.44,349.02,0
1404,2026-09-13 12:26:11,8015e6,IGO461W,India,26.521,89.2883,11269.98,233.67,100.91,0
1405,2026-09-13 12:26:11,8015f3,IGO5275,India,23.2997,83.4257,11582.4,246.35,232.13,0
1406,2026-09-13 12:26:11,8015ed,IGO7627,India,28.1847,77.5857,266.7,55.19,101.83,0
1407,2026-09-13 12:26:11,8015ef,AXB65V,India,30.0475,77.6789,1684.02,103.08,62.67,0
1408,2026-09-13 12:26:11,70203e,BBC721,Bangladesh,22.9258,68.9262,10363.2,264.46,273.68,0
1409,2026-09-13 12:26:11,801723,IGO6109,India,30.2151,74.9245,10363.2,214.31,189.39,0
1410,2026-09-13 12:26:11,801725,IGO2020,India,25.189,81.2168,10363.2,231.18,237.26,0
1411,2026-09-13 12:26:11,801883,IGO1494,India,15.8421,92.2744,11574.78,244.0,305.73,0
1412,2026-09-13 12:26:11,80184b,IGO12HC,India,11.448,76.9238,9060.18,229.62,27.2,0
1413,2026-09-13 12:26:11,801862,IGO648,India,25.4052,75.2445,11574.78,239.94,200.46,0
1414,2026-09-13 12:26:11,801864,IGO2401,India,28.2212,77.2903,3657.6,160.29,7.38,0
1415,2026-09-13 12:26:11,80184e,IGO1026,India,13.0956,80.5784,2095.5,110.99,329.04,0
1416,2026-09-13 12:26:11,80052b,AIC2PK,India,30.2266,75.1071,8260.08,220.36,4.55,0
1417,2026-09-13 12:26:11,800584,AIC186,India,23.4232,94.8136,10972.8,249.59,271.54,0
1418,2026-09-13 12:26:11,70209e,BBC201,Bangladesh,31.5296,72.6981,10355.58,240.3,273.93,0
1419,2026-09-13 12:26:11,70209b,BBC355,Bangladesh,25.6141,85.0138,10972.8,263.22,288.22,0
1420,2026-09-13 12:26:11,440020,AUA7,Austria,15.7858,96.8466,11277.6,241.14,117.44,0
1421,2026-09-13 12:26:11,70a8ee,BHA282,Nepal,27.3386,86.2642,3703.32,124.7,295.93,0
1422,2026-09-13 12:26:11,8017a1,AXB46K,India,22.1209,87.9957,5074.92,195.76,230.12,0
1423,2026-09-13 12:26:11,8016e0,IGO2588,India,25.1143,83.9242,11582.4,231.43,301.64,0
1424,2026-09-13 12:26:11,8016dd,IGO874,India,24.9178,85.8539,10972.8,241.92,314.4,0
1425,2026-09-13 12:26:11,8016bc,IGO521C,India,23.5856,91.2068,9768.84,230.04,185.65,0
1426,2026-09-13 12:26:11,8016ba,IGO535,India,25.0044,81.6128,11285.22,227.6,72.1,0
1427,2026-09-13 12:26:11,801800,IGO2487,India,28.5613,77.0847,,0.0,59.06,1
1428,2026-09-13 12:26:11,89617d,UAE583,United Arab Emirates,22.8716,69.7998,10972.8,258.26,273.65,0
1429,2026-09-13 12:26:11,80182a,IGO573Y,India,24.1232,85.4954,10363.2,248.47,220.55,0
1430,2026-09-13 12:26:11,80183a,IGO927T,India,12.281,79.2534,8694.42,219.76,221.49,0
1431,2026-09-13 12:26:11,801816,IGO769V,India,28.8207,76.5813,2133.6,114.86,272.82,0
1432,2026-09-13 12:26:11,80180b,IGO1013,India,12.4761,93.6157,10058.4,231.48,129.14,0
1433,2026-09-13 12:26:11,80180e,IGO671W,India,28.5911,76.5574,2743.2,135.56,286.99,0
1434,2026-09-13 12:26:11,801832,AKJ903U,India,19.0892,72.9015,175.26,76.14,269.61,0
1435,2026-09-13 12:26:11,452181,ADZ4301,Bulgaria,22.514,89.6618,10378.44,271.06,276.98,0
1436,2026-09-13 12:26:11,800694,CG3,India,21.4788,88.1871,1524.0,74.12,88.01,0
1437,2026-09-13 12:26:11,8018a8,IGO438V,India,13.467,77.6386,3070.86,155.91,16.88,0
1438,2026-09-13 12:26:11,8018b0,AIC188,India,22.9025,69.3049,11887.2,244.4,93.86,0
1439,2026-09-13 12:26:11,8018b7,IGO078,India,14.7396,75.6758,11285.22,227.37,125.24,0
1440,2026-09-13 12:26:11,8018e0,IGO6097,India,22.962,89.9671,8534.4,254.41,259.99,0
1441,2026-09-13 12:26:11,8018cf,IGO6010,India,28.9167,75.7634,9616.44,231.61,327.33,0
1442,2026-09-13 12:26:11,7020a6,BBC602,Bangladesh,23.8507,90.4011,,2.57,104.06,1
1443,2026-09-13 12:26:11,8018df,IGO346K,India,13.1237,80.3452,838.2,103.02,182.86,0
1444,2026-09-13 12:26:11,7020ae,AWA474,Bangladesh,24.2108,89.9364,3124.2,129.64,104.48,0
1445,2026-09-13 12:26:11,7020ab,UBG205,Bangladesh,17.1326,83.6377,11582.4,249.35,222.91,0
1446,2026-09-13 12:26:11,7020b4,UBG146,Bangladesh,24.0389,90.4004,1478.28,135.1,322.74,0
1447,2026-09-13 12:26:11,8018c2,AKJ1871,India,26.3746,75.8673,10157.46,246.18,206.03,0
1448,2026-09-13 12:26:11,7020bc,AWA444,Bangladesh,22.7712,91.2811,4518.66,115.58,326.81,0
1449,2026-09-13 12:26:11,7020c8,AWA448,Bangladesh,23.7367,90.6571,3322.32,116.92,320.36,0
1450,2026-09-13 12:26:11,7020c5,S2AFH,Bangladesh,24.0627,89.7116,1844.04,53.18,294.58,0
1451,2026-09-13 12:26:11,8004d5,AIC1SS,India,28.5649,77.0807,,0.0,59.06,1
1452,2026-09-13 12:26:11,8017e3,AKJ1835,India,19.0887,72.8487,335.28,76.66,270.77,0
1453,2026-09-13 12:26:11,8017ee,,India,28.5659,77.1149,,0.64,191.25,1
1454,2026-09-13 12:26:11,801914,IGO447L,India,23.1545,73.4917,11277.6,234.71,25.44,0
1455,2026-09-13 12:26:11,80190c,IGO2299,India,28.6919,76.5298,2004.06,100.9,96.15,0
1456,2026-09-13 12:26:11,80191a,,India,28.5687,77.1022,,3.34,270.0,1
1457,2026-09-13 12:26:11,8005f0,AIC132,India,15.2669,73.2767,12496.8,236.13,118.07,0
1458,2026-09-13 12:26:11,4bb0ea,THY162,Turkey,17.6698,96.0324,11887.2,242.92,126.82,0
1459,2026-09-13 12:26:11,4bb0e9,THY48L,Turkey,12.4717,78.7459,11582.4,259.88,294.69,0
1460,2026-09-13 12:26:11,800735,AIC352,India,27.4607,79.2463,10942.32,236.54,111.43,0
1461,2026-09-13 12:26:11,4bb107,THY164,Turkey,22.0263,95.0186,11887.2,251.51,95.05,0
1462,2026-09-13 12:26:11,4bb189,THY299,Turkey,31.1563,74.7747,10965.18,242.0,316.64,0
1463,2026-09-13 12:26:11,4bb185,THY125,Turkey,26.2165,82.9068,11574.78,257.27,287.09,0
1464,2026-09-13 12:26:11,4bb14a,THY84,Turkey,23.3007,94.9589,10058.4,253.72,96.52,0
1465,2026-09-13 12:26:11,89652d,ABY816,United Arab Emirates,22.6209,72.3599,10050.78,233.76,97.97,0
1466,2026-09-13 12:26:11,4bb196,THY65,Turkey,24.3197,85.7496,11582.4,260.92,300.05,0
1467,2026-09-13 12:26:11,4bb18a,THY171,Turkey,31.2458,74.6766,10355.58,250.38,316.67,0
1468,2026-09-13 12:26:11,896458,UAE375,United Arab Emirates,22.8483,70.1943,12192.0,256.75,273.79,0
1469,2026-09-13 12:26:11,4bb101,THY49A,Turkey,14.0467,92.2126,11887.2,239.02,134.22,0
1470,2026-09-13 12:26:11,8964e8,ABY273,United Arab Emirates,32.0704,69.9671,10675.62,249.6,31.43,0
1471,2026-09-13 12:26:11,896664,FDB564,United Arab Emirates,23.0075,73.3085,10972.8,246.13,265.56,0
1472,2026-09-13 12:26:11,8008c7,FLW ME 2,India,22.6609,88.4446,,21.09,185.62,1
1473,2026-09-13 12:26:11,896616,,United Arab Emirates,16.8233,86.7895,12192.0,264.76,284.17,0
1474,2026-09-13 12:26:11,461f4d,FIN131,Finland,18.2995,87.8192,12496.8,248.47,135.75,0
1475,2026-09-13 12:26:11,75020f,MAS105,Malaysia,12.87,81.4287,10668.0,232.6,95.58,0
1476,2026-09-13 12:26:11,507cb3,MFX5538,Uzbekistan,23.4436,87.5423,9753.6,241.7,335.34,0
1477,2026-09-13 12:26:11,507cbb,SGA2562,Uzbekistan,22.9333,84.6509,10363.2,252.4,274.68,0
1478,2026-09-13 12:26:11,75026b,XAX604,Malaysia,25.8029,75.5558,11582.4,249.09,306.94,0
1479,2026-09-13 12:26:11,76cd14,SIA509,Singapore,12.8402,81.7437,11887.2,244.48,95.55,0
1480,2026-09-13 12:26:11,8965f6,ABY514,United Arab Emirates,24.1142,68.998,10690.86,230.5,90.9,0
1481,2026-09-13 12:26:11,781efb,CSS164,China,23.5194,93.1003,10668.0,240.02,101.62,0
1482,2026-09-13 12:26:11,780d2c,CCA011,China,28.2418,77.5689,4282.44,187.57,127.31,0
1483,2026-09-13 12:26:11,780d2a,,China,28.5638,77.0809,,4.63,16.88,1
1484,2026-09-13 12:26:11,76cd75,SIA326,Singapore,10.757,93.7551,10363.2,264.96,311.46,0
1485,2026-09-13 12:26:11,15203a,AFL295,Russian Federation,18.788,94.4208,10972.8,255.42,305.74,0
1486,2026-09-13 12:26:11,899040,EVA068,Taiwan,17.0287,94.4861,10668.0,244.4,128.85,0
1487,2026-09-13 12:26:11,899035,EVA067,Taiwan,17.2198,96.5898,9144.0,273.25,325.74,0
1488,2026-09-13 12:26:11,406f79,BAW15,United Kingdom,17.9768,88.1536,11879.58,249.19,135.59,0
1489,2026-09-13 12:26:11,394a04,AFR256,France,18.8581,86.1153,10058.4,247.96,155.62,0
1490,2026-09-13 12:26:11,04022a,ETH3482,Ethiopia,22.4858,88.2689,12496.8,226.67,80.07,0
1491,2026-09-13 12:26:11,8990a5,CAL5663,Taiwan,23.6914,87.2314,10363.2,261.96,309.66,0
1492,2026-09-13 12:26:11,06a2f4,QTR839,Qatar,22.8458,70.2332,11574.78,262.4,273.71,0
1493,2026-09-13 12:26:11,06a2f2,QTR649,Qatar,22.9034,69.284,12192.0,264.16,274.36,0
1494,2026-09-13 12:26:11,781677,CSS160,China,23.2719,95.2301,10668.0,241.85,96.6,0
1495,2026-09-13 12:26:11,4ba94e,THY54,Turkey,18.7048,94.5417,10668.0,244.3,125.83,0
1496,2026-09-13 12:26:11,4ba948,THY68,Turkey,19.0379,94.6266,10058.4,244.5,127.91,0
1497,2026-09-13 12:26:11,040255,ETH445,Ethiopia,28.5638,77.0997,243.84,68.63,104.77,0
1498,2026-09-13 12:26:11,aba7d9,FDX5603,United States,26.8873,78.3997,11277.6,248.55,146.31,0
1499,2026-09-13 12:26:11,704020,MMA504,Myanmar,16.5441,96.5588,3863.34,161.6,331.48,0
1500,2026-09-13 12:26:11,70401f,MMA338,Myanmar,21.7056,95.9713,0.0,0.0,0.0,0
1501,2026-09-13 12:26:11,39cf11,AFR199,France,22.9333,86.5555,11376.66,261.66,307.41,0
1502,2026-09-13 12:26:11,801407,AXB1264,India,27.8185,75.5842,6477.0,199.38,46.05,0
1503,2026-09-13 12:26:11,801408,AIC4EP,India,28.5567,77.0373,441.96,70.62,104.34,0
1504,2026-09-13 12:26:11,801409,AIC5TV,India,28.2582,78.6015,8328.66,219.04,295.9,0
1505,2026-09-13 12:26:11,80142a,,India,12.8286,75.6147,11879.58,237.22,154.16,0
1506,2026-09-13 12:26:11,80142b,IGO504,India,24.1703,82.5049,8427.72,215.88,198.05,0
1507,2026-09-13 12:26:11,801454,IGO211,India,10.4279,76.1707,4267.2,161.74,333.35,0
1508,2026-09-13 12:26:11,801455,IGO582E,India,29.9819,77.9383,3604.26,163.24,298.83,0
1509,2026-09-13 12:26:11,801422,IGO1632,India,22.2566,91.8448,10980.42,238.87,274.32,0
1510,2026-09-13 12:26:11,80141d,AIC2KJ,India,12.249,92.3607,7360.92,214.67,310.14,0
1511,2026-09-13 12:26:11,80141c,IGO403K,India,20.7818,82.465,10972.8,250.35,218.66,0
1512,2026-09-13 12:26:11,801435,AXB904,India,14.4977,93.6474,11277.6,219.09,133.29,0
1513,2026-09-13 12:26:11,504e27,ATG8816,Republic of Moldova,25.4839,86.3326,10363.2,262.12,324.34,0
1514,2026-09-13 12:26:11,80146f,IGO26P,India,13.1875,77.8857,1699.26,94.15,270.63,0
1515,2026-09-13 12:26:11,801492,IGO6851,India,24.2646,81.7573,10972.8,248.91,288.06,0
1516,2026-09-13 12:26:11,801460,IGO5307,India,26.1065,87.4669,5554.98,186.75,90.63,0
1517,2026-09-13 12:26:11,80148f,IGO162P,India,17.7496,82.6434,11277.6,216.13,35.51,0
1518,2026-09-13 12:26:11,801520,VUMAC,India,13.1356,77.6275,982.98,64.32,271.37,0
1519,2026-09-13 12:26:11,801524,AKJ243Z,India,11.9862,92.1253,3627.12,154.3,150.87,0
1520,2026-09-13 12:26:11,801523,IGO2040,India,9.0642,76.9145,2872.74,153.34,178.85,0
1521,2026-09-13 12:26:11,06a10c,QTR959,Qatar,14.9995,73.8183,12192.0,263.27,297.97,0
1522,2026-09-13 12:26:11,801506,IGO735C,India,26.335,82.1264,11407.14,235.68,291.24,0
1523,2026-09-13 12:26:11,801508,AKJ1406,India,27.5585,80.6384,10972.8,242.51,292.98,0
1524,2026-09-13 12:26:11,801509,AKJ1939,India,28.1936,77.5371,502.92,68.52,102.58,0
1525,2026-09-13 12:26:11,80154b,IGO725,India,12.9985,80.1911,106.68,70.03,248.9,0
1526,2026-09-13 12:26:11,80154d,IGO235,India,19.2331,85.0027,11254.74,251.76,225.99,0
1527,2026-09-13 12:26:11,801569,IGO6737,India,20.8576,84.8299,8625.84,224.51,313.61,0
1528,2026-09-13 12:26:11,801566,IGO700T,India,10.1785,75.929,4152.9,100.91,267.66,0
1529,2026-09-13 12:26:11,801560,IGO1253,India,27.9139,78.451,8945.88,219.63,119.93,0
1530,2026-09-13 12:26:11,80152e,IGO879,India,17.9754,83.5045,,3.09,2.81,1
1531,2026-09-13 12:26:11,801539,AKJ6514,India,14.5826,74.1287,12192.0,228.96,345.56,0
1532,2026-09-13 12:26:11,801581,IGO931P,India,20.856,82.3972,11582.4,246.42,217.11,0
1533,2026-09-13 12:26:11,80157c,AKJ655Z,India,28.6472,76.735,1379.22,95.56,110.48,0
1534,2026-09-13 12:26:11,80157a,AKJ6513,India,23.2453,73.3694,9601.2,204.63,14.56,0
1535,2026-09-13 12:26:11,801594,AXB1462,India,28.5474,77.0808,236.22,69.87,103.63,0
1536,2026-09-13 12:26:11,06a0b6,QTR650,Qatar,26.1652,75.3856,11887.2,249.91,81.95,0
1537,2026-09-13 12:26:11,68000a,BTN773,Bhutan,27.3368,81.5841,11574.78,230.81,291.3,0
1538,2026-09-13 12:26:11,8013cc,AIC237,India,27.0685,80.196,11277.6,232.83,116.23,0
1539,2026-09-13 12:26:11,8013b1,AIC8WV,India,30.7386,75.1434,11582.4,241.33,11.31,0
1540,2026-09-13 12:26:11,8013fc,IGO715Y,India,15.387,73.8643,175.26,69.31,258.44,0
1541,2026-09-13 12:26:11,88516b,THA922,Thailand,19.6016,93.2221,9144.0,270.79,305.41,0
1542,2026-09-13 12:26:11,885178,THA917,Thailand,16.7213,96.9952,11277.6,244.56,128.51,0
1543,2026-09-13 12:26:11,800db0,AXB1036,India,26.9045,83.3217,10980.42,238.81,284.22,0
1544,2026-09-13 12:26:11,7c4926,QFA2,Australia,11.8569,94.3934,11887.2,241.2,135.78,0
1545,2026-09-13 12:26:11,702c47,S3BRA,Bangladesh,23.7759,90.3516,297.18,48.9,358.19,0
1546,2026-09-13 12:26:11,7103d6,SVA850,Saudi Arabia,10.8226,95.5982,12489.18,238.1,131.06,0
1547,2026-09-13 12:26:11,896c6c,UAF1351,United Arab Emirates,15.6026,91.9183,11277.6,227.83,103.85,0
1548,2026-09-13 12:26:11,7820d7,CSC9647,China,19.0895,72.9218,281.94,71.0,269.17,0
1549,2026-09-13 12:26:11,151dc2,AFL297,Russian Federation,16.6181,89.5741,10972.8,252.29,323.46,0
1550,2026-09-13 12:26:11,151db5,,Russian Federation,25.7127,78.9405,10363.2,266.78,319.61,0
1551,2026-09-13 12:26:11,aa8b77,N779LG,United States,12.4895,93.7898,10668.0,234.0,136.69,0
1552,2026-09-13 12:26:11,4007ec,BAW2231,United Kingdom,20.3804,89.9686,11277.6,243.23,126.92,0
1553,2026-09-13 12:26:11,abda7d,FDX5080,United States,21.4907,87.6658,9448.8,217.92,31.29,0
1554,2026-09-13 12:26:11,770453,ALK166,Sri Lanka,10.1484,76.3557,533.4,94.38,265.94,0
1555,2026-09-13 12:26:11,7609ee,PIA753,Pakistan,31.7979,70.1063,9959.34,223.44,228.64,0
1556,2026-09-13 12:26:11,70c0f6,OMA815,Oman,22.6561,71.7318,11887.2,249.63,97.58,0
1557,2026-09-13 12:26:11,78112e,CSC3902,China,25.8761,88.1291,10050.78,227.63,121.32,0
1558,2026-09-13 12:26:11,ab9e12,FDX5379,United States,28.341,76.3201,3329.94,145.4,63.53,0
1559,2026-09-13 12:26:11,70605b,KAC412,Kuwait,16.6897,92.538,10363.2,265.29,291.74,0
1560,2026-09-13 12:26:11,78007e,CAO1099,China,28.7996,77.0028,2438.4,120.28,262.87,0
1561,2026-09-13 12:26:11,4851f6,KLM844,Kingdom of the Netherlands,21.6069,90.1329,9677.4,272.09,303.9,0
1562,2026-09-13 12:26:11,781368,CES2035,China,23.8507,90.4018,,0.0,53.44,1
1563,2026-09-13 12:26:11,8880e0,HVN55,Viet Nam,24.1012,85.7978,10965.18,264.84,297.41,0
1564,2026-09-13 12:26:11,424462,PEX57H,United Kingdom,19.8857,95.9766,13716.0,12.43,245.56,0
1565,2026-09-13 12:26:11,507c7f,MFX7621,Uzbekistan,30.6038,70.7558,11277.6,233.19,167.77,0
1566,2026-09-13 12:26:11,507c98,MFX530,Uzbekistan,26.2484,81.6735,9753.6,244.49,306.1,0
1567,2026-09-13 12:26:11,8966ef,UAE9710,United Arab Emirates,13.3585,77.3986,4427.22,197.55,89.7,0
1568,2026-09-13 12:26:11,60182b,TUA695,Turkmenistan,23.5416,87.7333,11277.6,231.86,130.05,0
1569,2026-09-13 12:26:11,76cef9,SIA321,Singapore,19.6856,85.9215,10668.0,247.3,139.22,0
1570,2026-09-13 12:26:11,507c5f,UZB562,Uzbekistan,20.7518,91.4789,9753.6,257.56,304.42,0
1571,2026-09-13 12:26:11,76ceed,SIA318,Singapore,11.1076,92.7363,9144.0,263.56,312.79,0
1572,2026-09-13 12:26:11,750592,MAS103,Malaysia,22.2101,91.8701,8648.7,229.35,140.1,0
1573,2026-09-13 12:26:11,8a0a13,UBG149,Indonesia,23.2652,90.7609,6400.8,180.43,135.23,0
1574,2026-09-13 12:26:11,780fc4,CSN6068,China,25.5801,88.8401,10668.0,228.46,116.91,0
1575,2026-09-13 12:26:11,76bcc1,TGW751,Singapore,25.0429,83.3155,12496.8,251.6,125.93,0
1576,2026-09-13 12:26:11,39b221,CMA731,France,24.2432,83.5261,10363.2,268.81,280.36,0
1577,2026-09-13 12:26:11,4cade1,KZR908,Ireland,29.8284,75.0068,9144.0,242.35,7.56,0
1578,2026-09-13 12:26:11,4073ce,VIR355,United Kingdom,19.3075,72.7179,3154.68,162.83,8.54,0
1579,2026-09-13 12:26:11,800b14,IGO6175,India,26.215,84.6759,11277.6,231.32,99.86,0
1580,2026-09-13 12:26:11,3c4594,BOX539,Germany,30.1525,75.7713,9753.6,251.38,319.4,0
1581,2026-09-13 12:26:11,800c01,IGO433,India,22.7705,88.4617,632.46,87.28,185.07,0
1582,2026-09-13 12:26:11,800c43,AIC2332,India,24.9556,83.4276,10675.62,227.62,125.99,0
1583,2026-09-13 12:26:11,800c3c,AIC1RM,India,28.549,77.0736,259.08,65.75,104.04,0
1584,2026-09-13 12:26:11,800c11,IGO6044,India,16.8663,82.3098,9753.6,239.0,225.09,0
1585,2026-09-13 12:26:11,800c64,AIC3TB,India,27.1623,76.1559,9753.6,229.63,219.18,0
1586,2026-09-13 12:26:11,4cac16,KZR932,Ireland,29.1379,76.7441,10355.58,229.14,277.09,0
1587,2026-09-13 12:26:11,4cac10,KZR564,Ireland,26.3738,81.1947,10355.58,247.9,325.06,0
1588,2026-09-13 12:26:11,800d10,IGO2373,India,25.6238,84.6764,2034.54,103.38,118.86,0
1589,2026-09-13 12:26:11,800d03,SEJ2951,India,30.5258,77.0056,6400.8,169.67,127.11,0
1590,2026-09-13 12:26:11,800d2d,IGO6447,India,28.0516,77.2669,3870.96,161.51,353.6,0
1591,2026-09-13 12:26:11,800d7a,SEJ5118,India,11.9804,75.244,9227.82,251.55,319.89,0
1592,2026-09-13 12:26:11,39d2af,AFR253,France,27.8261,79.2931,11582.4,255.09,288.95,0
1593,2026-09-13 12:26:11,4b1920,SWR181,Switzerland,18.6388,94.6369,9144.0,269.34,309.5,0
1594,2026-09-13 12:26:11,4a1a61,RCR5512,Romania,22.9575,68.3595,11582.4,264.01,271.56,0
1595,2026-09-13 12:31:12,801642,AXB1069,India,26.4174,89.626,8854.44,231.97,104.78,0
1596,2026-09-13 12:31:12,801645,AIC4WL,India,28.54,77.2031,1310.64,127.28,104.99,0
1597,2026-09-13 12:31:12,801643,AXB2648,India,13.0798,79.0716,8450.58,208.15,95.1,0
1598,2026-09-13 12:31:12,801648,IGO316H,India,32.3188,77.6264,10675.62,233.84,6.06,0
1599,2026-09-13 12:31:12,801657,AIC3KQ,India,31.8085,75.4885,9144.0,216.09,15.89,0
1600,2026-09-13 12:31:12,80160a,IGO539T,India,18.4069,83.0353,11894.82,220.91,15.4,0
1601,2026-09-13 12:31:12,80160b,IGO1152,India,28.5914,76.8738,807.72,107.97,102.38,0
1602,2026-09-13 12:31:12,801616,IGO311F,India,25.3463,90.2066,11582.4,251.3,244.8,0
1603,2026-09-13 12:31:12,801615,AXB1510,India,25.9823,83.7403,6560.82,195.74,107.43,0
1604,2026-09-13 12:31:12,801621,IGO83FK,India,31.0841,76.5313,10668.0,222.98,127.69,0
1605,2026-09-13 12:31:12,801685,AXB1561,India,26.7546,82.3846,10058.4,232.87,96.21,0
1606,2026-09-13 12:31:12,801681,AXB1810,India,19.0891,72.8956,144.78,73.57,269.2,0
1607,2026-09-13 12:31:12,80167b,AIC2184,India,21.9653,84.6292,11582.4,253.81,260.79,0
1608,2026-09-13 12:31:12,80164b,IGO6429,India,31.1982,77.533,11262.36,240.02,2.83,0
1609,2026-09-13 12:31:12,80164e,AIC3GN,India,26.8218,76.1818,9654.54,233.78,207.52,0
1610,2026-09-13 12:31:12,80164c,IGO2449,India,28.5491,77.0726,266.7,66.75,103.82,0
1611,2026-09-13 12:31:12,801659,AIC106,India,28.5382,76.5392,1950.72,121.52,272.43,0
1612,2026-09-13 12:31:12,801663,IGO371F,India,13.1247,77.551,10698.48,232.21,13.45,0
1613,2026-09-13 12:31:12,80168c,IGO169J,India,14.5417,77.9098,8511.54,226.66,12.59,0
1614,2026-09-13 12:31:12,80168a,AXB1524,India,23.2703,90.6153,6278.88,176.41,73.04,0
1615,2026-09-13 12:31:12,8014b2,IGO6373,India,28.5503,77.0675,289.56,65.13,103.71,0
1616,2026-09-13 12:31:12,8014e4,IGO6747,India,18.8684,83.355,10965.18,249.65,242.64,0
1617,2026-09-13 12:31:12,8014e5,IGO364F,India,25.3825,82.9391,7962.9,221.41,18.14,0
1618,2026-09-13 12:31:12,8014f7,IGO1871,India,12.8191,79.9593,3268.98,160.4,211.09,0
1619,2026-09-13 12:31:12,8014f8,AKJ797G,India,25.5428,84.9519,11277.6,232.29,69.52,0
1620,2026-09-13 12:31:12,8014f2,AKJ2004,India,14.747,74.6347,11277.6,228.69,153.84,0
1621,2026-09-13 12:31:12,8014bd,IGO6029,India,14.2687,76.9265,8366.76,205.9,135.4,0
1622,2026-09-13 12:31:12,8014d9,IGO301C,India,14.7304,79.5027,9753.6,230.2,341.77,0
1623,2026-09-13 12:31:12,801600,AIC11E,India,28.3033,76.2352,3878.58,141.49,63.43,0
1624,2026-09-13 12:31:12,80174a,IGO246F,India,22.8679,88.1186,1790.7,141.52,91.46,0
1625,2026-09-13 12:31:12,801778,IGO36AK,India,23.9473,86.9917,9144.0,240.37,317.78,0
1626,2026-09-13 12:31:12,80172c,,India,18.9162,73.1603,3063.24,129.74,36.78,0
1627,2026-09-13 12:31:12,801738,IGO6738,India,15.4174,73.7386,1188.72,131.61,320.71,0
1628,2026-09-13 12:31:12,801736,IGO196,India,10.279,76.3176,2842.26,141.07,25.26,0
1629,2026-09-13 12:31:12,801741,IGO342T,India,28.6263,77.748,3954.78,178.99,296.27,0
1630,2026-09-13 12:31:12,801742,,India,28.5671,77.0967,,0.64,205.31,1
1631,2026-09-13 12:31:12,80172d,IGO2009,India,25.3618,78.7992,11574.78,243.35,298.68,0
1632,2026-09-13 12:31:12,80172e,IGO971P,India,20.8942,84.8414,10972.8,263.59,240.28,0
1633,2026-09-13 12:31:12,80173b,OAH102,India,8.3413,76.8006,11277.6,231.96,38.06,0
1634,2026-09-13 12:31:12,801746,IGO6396,India,15.5592,89.869,10980.42,231.76,339.88,0
1635,2026-09-13 12:31:12,801752,IGO5316,India,22.5003,73.3438,11285.22,236.87,12.8,0
1636,2026-09-13 12:31:12,801788,IGO5217,India,13.1883,77.9923,2407.92,106.22,266.11,0
1637,2026-09-13 12:31:12,801786,AKJ477V,India,16.0481,73.3804,11582.4,243.89,334.25,0
1638,2026-09-13 12:31:12,80177b,AXB2816,India,24.7008,84.8777,4533.9,141.99,55.33,0
1639,2026-09-13 12:31:12,80177e,IGO1064,India,20.8985,88.5532,10355.58,247.83,277.15,0
1640,2026-09-13 12:31:12,800462,AIC114,India,26.2178,74.4987,11887.2,245.72,34.42,0
1641,2026-09-13 12:31:12,800463,AIC189,India,22.8914,69.4725,9753.6,261.08,274.41,0
1642,2026-09-13 12:31:12,8016a3,IGO59P,India,20.4993,87.0401,10660.38,221.85,39.45,0
1643,2026-09-13 12:31:12,8016a4,IGO6692,India,26.1513,77.4011,10370.82,239.72,256.98,0
1644,2026-09-13 12:31:12,8016b8,IGO326,India,26.3333,92.54,7909.56,191.04,75.18,0
1645,2026-09-13 12:31:12,8015bc,IGO6336,India,13.4573,77.7737,3970.02,164.81,72.19,0
1646,2026-09-13 12:31:12,8015d3,IGO973,India,14.7166,76.6678,10972.8,238.57,303.21,0
1647,2026-09-13 12:31:12,8015d4,VTSKN,India,18.8045,73.3341,4274.82,147.9,86.61,0
1648,2026-09-13 12:31:12,8015d9,IGO7194,India,10.6628,78.6526,6911.34,231.15,34.11,0
1649,2026-09-13 12:31:12,8015a4,IGO5365,India,28.5514,77.0731,,10.29,284.06,1
1650,2026-09-13 12:31:12,8002ce,IFC1,India,25.2952,77.3241,11582.4,231.02,358.98,0
1651,2026-09-13 12:31:12,8015e6,IGO461W,India,26.4017,89.9661,11269.98,228.62,101.16,0
1652,2026-09-13 12:31:12,8015f3,IGO5275,India,23.2997,83.4257,11582.4,246.35,232.13,0
1653,2026-09-13 12:31:12,70203e,BBC721,Bangladesh,22.958,68.1653,10363.2,263.91,270.0,0
1654,2026-09-13 12:31:12,801723,IGO6109,India,29.619,74.8167,10370.82,228.11,188.95,0
1655,2026-09-13 12:31:12,801883,IGO1494,India,16.2605,91.7615,11582.4,244.82,314.57,0
1656,2026-09-13 12:31:12,80187d,IGO2277,India,15.3946,73.9039,396.24,77.29,258.09,0
1657,2026-09-13 12:31:12,80184b,IGO12HC,India,12.0216,77.1559,10363.2,230.72,17.38,0
1658,2026-09-13 12:31:12,801864,IGO2401,India,28.4529,77.0447,3368.04,143.99,283.64,0
1659,2026-09-13 12:31:12,80184e,IGO1026,India,13.05,80.3283,739.14,85.98,248.96,0
1660,2026-09-13 12:31:12,80052b,AIC2PK,India,30.6743,75.0341,6697.98,169.5,348.62,0
1661,2026-09-13 12:31:12,800584,AIC186,India,23.4395,94.0883,10972.8,251.11,271.29,0
1662,2026-09-13 12:31:12,70209e,BBC201,Bangladesh,31.5702,71.9675,10363.2,239.68,273.57,0
1663,2026-09-13 12:31:12,70209b,BBC355,Bangladesh,25.8279,84.2798,11391.9,258.68,287.71,0
1664,2026-09-13 12:31:12,70a8ee,BHA282,Nepal,27.4947,85.9237,3268.98,124.07,298.48,0
1665,2026-09-13 12:31:12,70a8e7,SHA435,Nepal,27.7784,85.2428,3208.02,101.42,278.46,0
1666,2026-09-13 12:31:12,8017a1,AXB46K,India,21.8202,87.5026,7139.94,218.81,239.64,0
1667,2026-09-13 12:31:12,8016e0,IGO2588,India,25.4368,83.3457,11582.4,231.34,301.36,0
1668,2026-09-13 12:31:12,8016dd,IGO874,India,25.37,85.3443,10980.42,243.39,314.06,0
1669,2026-09-13 12:31:12,8016bc,IGO521C,India,23.2885,90.6791,9730.74,241.01,253.0,0
1670,2026-09-13 12:31:12,8016ba,IGO535,India,25.1903,82.2511,11277.6,228.27,72.42,0
1671,2026-09-13 12:31:12,8016ca,AXB2932,India,25.8865,91.1541,5013.96,158.91,238.37,0
1672,2026-09-13 12:31:12,8016cc,AXB35E,India,23.0123,84.9574,4457.7,172.85,223.43,0
1673,2026-09-13 12:31:12,801800,IGO2487,India,28.5608,77.0839,,1.03,337.5,1
1674,2026-09-13 12:31:12,89617d,UAE583,United Arab Emirates,22.9179,69.0562,10972.8,260.35,273.74,0
1675,2026-09-13 12:31:12,80182a,IGO573Y,India,23.6162,85.0282,10370.82,249.71,220.15,0
1676,2026-09-13 12:31:12,801839,IGO6493,India,23.1512,83.5207,9784.08,217.63,89.19,0
1677,2026-09-13 12:31:12,801819,IGO175,India,25.4358,77.3801,10370.82,250.21,357.76,0
1678,2026-09-13 12:31:12,801816,IGO769V,India,28.6648,76.6313,1493.52,102.22,134.39,0
1679,2026-09-13 12:31:12,80180b,IGO1013,India,12.0857,94.1024,10058.4,230.68,129.3,0
1680,2026-09-13 12:31:12,80180e,IGO671W,India,28.6863,76.4451,1996.44,113.32,122.39,0
1681,2026-09-13 12:31:12,801828,,India,16.6533,87.6412,11582.4,240.22,282.99,0
1682,2026-09-13 12:31:12,452181,ADZ4301,Bulgaria,22.6041,88.8803,10378.44,276.05,279.66,0
1683,2026-09-13 12:31:12,800694,CG3,India,21.4829,88.397,1524.0,74.48,84.05,0
1684,2026-09-13 12:31:12,8018a8,IGO438V,India,13.9424,77.7843,5760.72,202.96,16.64,0
1685,2026-09-13 12:31:12,8018b0,AIC188,India,22.8121,69.9947,11879.58,242.05,99.54,0
1686,2026-09-13 12:31:12,8018b7,IGO078,India,14.3811,76.1914,11285.22,225.84,128.62,0
1687,2026-09-13 12:31:12,8018e0,IGO6097,India,22.9819,89.2703,6446.52,224.72,284.45,0
1688,2026-09-13 12:31:12,8018cf,IGO6010,India,29.4437,75.4228,9768.84,234.52,353.58,0
1689,2026-09-13 12:31:12,7020a6,BBC602,Bangladesh,23.8509,90.4015,,1.03,53.44,1
1690,2026-09-13 12:31:12,8018df,IGO346K,India,12.9984,80.1911,106.68,79.96,248.88,0
1691,2026-09-13 12:31:12,7020ae,AWA474,Bangladesh,24.0443,90.2381,1348.74,106.51,144.24,0
1692,2026-09-13 12:31:12,7020ab,UBG205,Bangladesh,16.7558,83.2742,11582.4,251.53,222.93,0
1693,2026-09-13 12:31:12,7020b4,UBG146,Bangladesh,23.9109,90.3441,403.86,78.3,143.28,0
1694,2026-09-13 12:31:12,8018c2,AKJ1871,India,25.8083,75.5606,10972.8,242.74,205.75,0
1695,2026-09-13 12:31:12,7020bc,AWA444,Bangladesh,23.0358,91.0936,4876.8,132.27,326.74,0
1696,2026-09-13 12:31:12,7020c8,AWA448,Bangladesh,23.9607,90.4653,2217.42,99.81,324.02,0
1697,2026-09-13 12:31:12,7020c5,S2AFH,Bangladesh,24.118,89.5795,1844.04,45.73,287.01,0
1698,2026-09-13 12:31:12,8004d5,AIC1SS,India,28.5649,77.0807,,0.0,59.06,1
1699,2026-09-13 12:31:12,8017e3,AKJ1835,India,19.24,72.7982,2415.54,148.81,5.36,0
1700,2026-09-13 12:31:12,801914,IGO447L,India,23.728,73.7884,11277.6,237.23,25.56,0
1701,2026-09-13 12:31:12,80190c,IGO2299,India,28.6084,76.7948,1089.66,96.83,103.52,0
1702,2026-09-13 12:31:12,80191a,IGO6676,India,28.5687,77.0996,,0.0,270.0,1
1703,2026-09-13 12:31:12,8005f0,AIC132,India,14.9638,73.8627,12496.8,238.67,118.17,0
1704,2026-09-13 12:31:12,4bb0ea,THY162,Turkey,17.2841,96.5671,11887.2,238.82,127.56,0
1705,2026-09-13 12:31:12,4bb0e9,THY48L,Turkey,12.7629,78.0989,11582.4,259.67,294.58,0
1706,2026-09-13 12:31:12,800735,AIC352,India,27.1994,79.8977,11887.2,245.49,115.97,0
1707,2026-09-13 12:31:12,4bb107,THY164,Turkey,22.0263,95.0186,11887.2,251.51,95.05,0
1708,2026-09-13 12:31:12,4bb189,THY299,Turkey,31.4187,74.1839,10972.8,234.3,282.3,0
1709,2026-09-13 12:31:12,4bb185,THY125,Turkey,26.4166,82.1779,11574.78,256.33,286.8,0
1710,2026-09-13 12:31:12,4bb14a,THY84,Turkey,23.2224,95.6864,10058.4,252.82,96.78,0
1711,2026-09-13 12:31:12,89652d,ABY816,United Arab Emirates,22.5632,72.799,10073.64,236.52,98.25,0
1712,2026-09-13 12:31:12,896502,ADY044,United Arab Emirates,24.1089,73.5269,10980.42,248.02,242.85,0
1713,2026-09-13 12:31:12,4bb196,THY65,Turkey,24.6667,85.0896,11574.78,260.85,299.8,0
1714,2026-09-13 12:31:12,4bb18a,THY171,Turkey,31.4189,74.1828,10355.58,240.16,282.37,0
1715,2026-09-13 12:31:12,896458,UAE375,United Arab Emirates,22.8935,69.4499,12192.0,258.33,273.88,0
1716,2026-09-13 12:31:12,4bb101,THY49A,Turkey,13.5967,92.6686,11887.2,237.55,135.61,0
1717,2026-09-13 12:31:12,8964e8,ABY273,United Arab Emirates,32.2962,70.1293,10675.62,248.45,31.45,0
1718,2026-09-13 12:31:12,896664,FDB564,United Arab Emirates,22.9545,72.6018,10972.8,244.2,265.17,0
1719,2026-09-13 12:31:12,896616,UAE9865,United Arab Emirates,16.984,86.1027,12207.24,269.39,283.59,0
1720,2026-09-13 12:31:12,ac3857,FDX5384,United States,31.2894,74.6098,11277.6,260.07,154.96,0
1721,2026-09-13 12:31:12,461f4d,FIN131,Finland,17.8532,88.2809,12496.8,245.55,135.42,0
1722,2026-09-13 12:31:12,89653e,ETD446,United Arab Emirates,22.9579,68.2753,9448.8,259.79,90.11,0
1723,2026-09-13 12:31:12,75020f,MAS105,Malaysia,12.8459,81.6806,10957.56,234.19,95.67,0
1724,2026-09-13 12:31:12,507cb3,MFX5538,Uzbekistan,23.9042,87.0492,9761.22,253.94,307.43,0
1725,2026-09-13 12:31:12,507cbb,SGA2562,Uzbekistan,22.9823,83.9298,10363.2,251.43,273.17,0
1726,2026-09-13 12:31:12,75026b,XAX604,Malaysia,26.1782,74.9509,11582.4,246.77,300.57,0
1727,2026-09-13 12:31:12,76cd14,SIA509,Singapore,12.8076,82.0814,11887.2,244.48,95.55,0
1728,2026-09-13 12:31:12,8965f6,ABY514,United Arab Emirates,24.1028,69.663,11277.6,227.95,91.16,0
1729,2026-09-13 12:31:12,781efb,CSS164,China,23.4193,93.7892,10675.62,242.08,95.98,0
1730,2026-09-13 12:31:12,896717,ABY824,United Arab Emirates,16.7898,86.9295,10972.8,245.8,283.8,0
1731,2026-09-13 12:31:12,780d2c,CCA011,China,27.909,78.0614,6903.72,222.36,127.48,0
1732,2026-09-13 12:31:12,780d2a,CCA059,China,28.568,77.0901,,5.4,348.75,1
1733,2026-09-13 12:31:12,76cd75,SIA326,Singapore,11.233,93.218,10363.2,266.29,311.95,0
1734,2026-09-13 12:31:12,15203a,AFL295,Russian Federation,19.1865,93.8371,10972.8,255.84,305.67,0
1735,2026-09-13 12:31:12,899040,EVA068,Taiwan,16.6719,95.0512,10668.0,245.02,116.83,0
1736,2026-09-13 12:31:12,899035,EVA067,Taiwan,17.6841,96.0122,9144.0,272.66,306.87,0
1737,2026-09-13 12:31:12,406f79,BAW15,United Kingdom,17.9768,88.1536,11879.58,255.75,150.34,0
1738,2026-09-13 12:31:12,394a04,AFR256,France,18.2716,86.387,10058.4,248.57,158.0,0
1739,2026-09-13 12:31:12,04022a,ETH3482,Ethiopia,22.589,88.9135,12496.8,227.54,84.16,0
1740,2026-09-13 12:31:12,8990a5,CAL5663,Taiwan,24.094,86.6068,10363.2,263.13,298.62,0
1741,2026-09-13 12:31:12,06a2f4,QTR839,Qatar,22.8919,69.4732,11582.4,266.1,273.99,0
1742,2026-09-13 12:31:12,06a2f2,QTR649,Qatar,22.9495,68.5229,12192.0,265.45,273.56,0
1743,2026-09-13 12:31:12,781677,CSS160,China,23.1962,95.9229,10675.62,242.54,96.94,0
1744,2026-09-13 12:31:12,4ba94e,THY54,Turkey,18.3296,95.1038,10668.0,245.16,124.66,0
1745,2026-09-13 12:31:12,4ba948,THY68,Turkey,18.6002,95.1815,10058.4,243.29,128.13,0
1746,2026-09-13 12:31:12,040255,ETH445,Ethiopia,28.4103,77.3019,2910.84,158.3,229.22,0
1747,2026-09-13 12:31:12,aba7d9,FDX5603,United States,26.3468,78.7985,11277.6,244.98,146.48,0
1748,2026-09-13 12:31:12,39cf11,AFR199,France,23.3593,85.9498,11582.4,263.3,307.14,0
1749,2026-09-13 12:31:12,801407,AXB1264,India,28.1673,75.9928,4876.8,167.73,46.12,0
1750,2026-09-13 12:31:12,801408,AIC4EP,India,28.5497,77.0703,266.7,66.88,104.25,0
1751,2026-09-13 12:31:12,801409,AIC5TV,India,28.4902,78.061,5013.96,178.78,295.75,0
1752,2026-09-13 12:31:12,801415,IGO7443,India,28.2042,74.7311,4572.0,120.42,88.53,0
1753,2026-09-13 12:31:12,80142a,IGO6391,India,12.2486,75.9002,11620.5,232.15,154.12,0
1754,2026-09-13 12:31:12,80143a,AIC4KU,India,15.4521,74.0567,1645.92,102.87,188.05,0
1755,2026-09-13 12:31:12,801454,IGO211,India,10.8745,75.9444,7048.5,206.83,333.24,0
1756,2026-09-13 12:31:12,801455,IGO582E,India,30.1164,77.8129,2286.0,107.44,62.94,0
1757,2026-09-13 12:31:12,801422,IGO1632,India,22.3373,91.1563,10957.56,243.88,277.51,0
1758,2026-09-13 12:31:12,80141d,AIC2KJ,India,12.6324,91.898,8915.4,233.31,310.08,0
1759,2026-09-13 12:31:12,80141c,IGO403K,India,20.1939,81.9662,10980.42,250.03,218.57,0
1760,2026-09-13 12:31:12,801435,AXB904,India,14.0937,94.0846,11277.6,222.33,133.59,0
1761,2026-09-13 12:31:12,504e27,ATG8816,Republic of Moldova,26.0498,85.879,10363.2,262.19,323.94,0
1762,2026-09-13 12:31:12,80146f,IGO26P,India,13.1893,77.7445,990.6,82.33,271.07,0
1763,2026-09-13 12:31:12,801492,IGO6851,India,24.3901,81.3355,10972.8,248.75,287.95,0
1764,2026-09-13 12:31:12,80148f,IGO162P,India,18.278,82.8965,11269.98,219.84,20.98,0
1765,2026-09-13 12:31:12,06a1e9,QTR8977,Qatar,22.3383,72.9638,10363.2,261.03,283.68,0
1766,2026-09-13 12:31:12,801523,IGO2040,India,8.6862,76.9209,1554.48,116.28,178.99,0
1767,2026-09-13 12:31:12,06a10c,QTR959,Qatar,15.3171,73.1996,12192.0,263.49,297.82,0
1768,2026-09-13 12:31:12,801536,IGO2137,India,31.7974,75.9775,11277.6,244.04,148.62,0
1769,2026-09-13 12:31:12,801534,AIC6DJ,India,19.1166,72.7675,1409.7,138.06,354.23,0
1770,2026-09-13 12:31:12,801506,IGO735C,India,26.5553,81.4905,9913.62,218.03,290.87,0
1771,2026-09-13 12:31:12,801508,AKJ1406,India,27.8084,79.9692,10972.8,238.94,292.53,0
1772,2026-09-13 12:31:12,801509,AKJ1939,India,28.1848,77.5851,266.7,66.79,102.0,0
1773,2026-09-13 12:31:12,80154d,IGO235,India,18.7637,84.4969,11590.02,251.79,226.32,0
1774,2026-09-13 12:31:12,801569,IGO6737,India,21.2908,84.3427,9906.0,244.56,313.3,0
1775,2026-09-13 12:31:12,801566,IGO700T,India,10.1662,75.6449,4876.8,136.52,266.98,0
1776,2026-09-13 12:31:12,801560,IGO1253,India,27.6085,79.0465,10233.66,235.59,120.15,0
1777,2026-09-13 12:31:12,801539,AKJ6514,India,15.1765,73.9666,12192.0,232.1,345.1,0
1778,2026-09-13 12:31:12,801581,IGO931P,India,20.2892,81.9482,11574.78,246.73,216.61,0
1779,2026-09-13 12:31:12,80157c,AKJ655Z,India,28.5662,76.9928,662.94,75.74,103.75,0
1780,2026-09-13 12:31:12,801594,,India,28.5561,77.1138,,7.46,14.06,1
1781,2026-09-13 12:31:12,06a0b6,QTR650,Qatar,26.257,76.1205,11879.58,249.19,82.29,0
1782,2026-09-13 12:31:12,68000a,BTN773,Bhutan,27.5587,80.9387,11590.02,231.4,290.97,0
1783,2026-09-13 12:31:12,8013cc,AIC237,India,26.8548,80.8098,11292.84,235.49,106.89,0
1784,2026-09-13 12:31:12,8013b1,AIC8WV,India,31.3298,75.3303,11582.4,242.17,15.78,0
1785,2026-09-13 12:31:12,88516b,THA922,Thailand,20.0239,92.5916,9144.0,272.47,305.16,0
1786,2026-09-13 12:31:12,800db0,AXB1036,India,27.0562,82.6345,10972.8,236.95,283.43,0
1787,2026-09-13 12:31:12,7c4926,QFA2,Australia,11.4598,94.8551,11887.2,241.78,130.95,0
1788,2026-09-13 12:31:12,702c47,S3BRA,Bangladesh,23.7759,90.3516,297.18,48.9,358.19,0
1789,2026-09-13 12:31:12,7103d6,SVA850,Saudi Arabia,10.4039,96.0837,12496.8,239.89,131.17,0
1790,2026-09-13 12:31:12,896c6c,UAF1351,United Arab Emirates,15.4551,92.5211,11277.6,222.97,104.29,0
1791,2026-09-13 12:31:12,7820d7,CSC9647,China,19.0891,72.8927,129.54,72.04,268.77,0
1792,2026-09-13 12:31:12,aab841,CKS704,United States,22.84,96.4403,9144.0,264.81,263.08,0
1793,2026-09-13 12:31:12,151dc2,AFL297,Russian Federation,16.6181,89.5741,10972.8,260.86,310.6,0
1794,2026-09-13 12:31:12,151db5,AFL285,Russian Federation,26.3985,78.293,10363.2,263.43,319.44,0
1795,2026-09-13 12:31:12,aa8b77,N779LG,United States,12.0399,94.2197,10668.0,230.39,136.9,0
1796,2026-09-13 12:31:12,4007ec,BAW2231,United Kingdom,19.9899,90.5178,11277.6,244.57,127.14,0
1797,2026-09-13 12:31:12,abda7d,FDX5080,United States,21.9822,87.9997,9448.8,216.86,46.35,0
1798,2026-09-13 12:31:12,770453,ALK166,Sri Lanka,9.9508,76.481,3512.82,182.38,128.36,0
1799,2026-09-13 12:31:12,7609ee,PIA753,Pakistan,31.5184,69.7351,10363.2,219.42,228.61,0
1800,2026-09-13 12:31:12,70c0f6,OMA815,Oman,22.6064,72.1309,11879.58,251.3,97.77,0
1801,2026-09-13 12:31:12,78112e,CSC3902,China,25.5592,88.7066,10066.02,229.75,121.45,0
1802,2026-09-13 12:31:12,ab9e12,FDX5379,United States,28.4887,76.6402,2819.4,117.58,25.67,0
1803,2026-09-13 12:31:12,70605b,KAC412,Kuwait,16.9465,91.8587,10363.2,262.17,289.96,0
1804,2026-09-13 12:31:12,78007e,CAO1099,China,28.7603,76.6399,2438.4,121.75,263.21,0
1805,2026-09-13 12:31:12,4851f6,KLM844,Kingdom of the Netherlands,22.0052,89.4949,9753.6,268.24,303.66,0
1806,2026-09-13 12:31:12,8880e0,HVN55,Viet Nam,24.4229,85.1161,10972.8,261.37,297.17,0
1807,2026-09-13 12:31:12,424462,PEX57H,United Kingdom,19.8856,95.9765,13716.0,12.0,210.96,0
1808,2026-09-13 12:31:12,507c7f,MFX7621,Uzbekistan,30.1675,70.8651,11277.6,231.57,167.82,0
1809,2026-09-13 12:31:12,507c98,MFX530,Uzbekistan,26.6323,81.089,9753.6,244.07,306.17,0
1810,2026-09-13 12:31:12,8966ef,UAE9710,United Arab Emirates,13.3356,77.8359,3086.1,136.97,118.49,0
1811,2026-09-13 12:31:12,60182b,TUA695,Turkmenistan,23.1456,88.2412,11277.6,231.8,130.23,0
1812,2026-09-13 12:31:12,76cef9,SIA321,Singapore,19.2486,86.4376,10668.0,245.92,125.12,0
1813,2026-09-13 12:31:12,507c5f,UZB562,Uzbekistan,21.1414,90.8703,9768.84,257.41,304.17,0
1814,2026-09-13 12:31:12,76ceed,SIA318,Singapore,11.6249,92.2422,9144.0,263.66,317.69,0
1815,2026-09-13 12:31:12,750592,MAS103,Malaysia,21.734,92.2894,9448.8,230.83,141.06,0
1816,2026-09-13 12:31:12,8a0a13,UBG149,Indonesia,22.935,91.113,6400.8,165.88,135.5,0
1817,2026-09-13 12:31:12,780fc4,CSN6068,China,25.2995,89.4391,10675.62,228.99,118.0,0
1818,2026-09-13 12:31:12,76bcc1,TGW751,Singapore,24.6506,83.9061,12489.18,248.91,126.09,0
1819,2026-09-13 12:31:12,39b221,CMA731,France,24.3572,82.8358,10363.2,267.02,280.1,0
1820,2026-09-13 12:31:12,4cade1,KZR908,Ireland,30.4775,75.1077,9144.0,246.57,7.67,0
1821,2026-09-13 12:31:12,4073ce,VIR355,United Kingdom,19.3145,72.719,3177.54,167.99,8.45,0
1822,2026-09-13 12:31:12,800b14,IGO6175,India,26.1094,85.3407,11277.6,215.85,100.16,0
1823,2026-09-13 12:31:12,3c4594,BOX539,Germany,30.6607,75.271,9753.6,250.44,318.75,0
1824,2026-09-13 12:31:12,800c01,IGO433,India,22.6412,88.4412,,5.66,5.62,1
1825,2026-09-13 12:31:12,800c43,AIC2332,India,24.5985,83.9658,10675.62,227.92,126.09,0
1826,2026-09-13 12:31:12,800c11,IGO6044,India,16.8501,82.2923,9753.6,240.1,228.21,0
1827,2026-09-13 12:31:12,800c88,AIC1HL,India,31.6993,77.5747,10363.2,221.75,183.99,0
1828,2026-09-13 12:31:12,800c64,AIC3TB,India,26.6686,75.707,9753.6,239.91,219.08,0
1829,2026-09-13 12:31:12,4cac16,KZR932,Ireland,29.2119,76.0494,10363.2,230.55,276.79,0
1830,2026-09-13 12:31:12,4cac10,KZR564,Ireland,26.8901,80.7609,10370.82,246.53,319.06,0
1831,2026-09-13 12:31:12,800d03,SEJ2951,India,30.1824,77.3252,6400.8,168.2,152.49,0
1832,2026-09-13 12:31:12,800d2d,IGO6447,India,28.4147,77.2173,3657.6,152.6,283.85,0
1833,2026-09-13 12:31:12,800d7a,SEJ5118,India,12.1554,75.0961,9715.5,250.17,320.09,0
1834,2026-09-13 12:31:12,39d2af,AFR253,France,28.0513,78.5755,11582.4,253.8,289.17,0
1835,2026-09-13 12:31:12,4b1920,SWR181,Switzerland,19.0817,94.046,9144.0,268.81,303.84,0
1836,2026-09-13 12:31:12,7100ba,SVA797,Saudi Arabia,31.75,70.0732,11231.88,225.38,229.07,0
1837,2026-09-13 12:31:12,800ce0,IGO7918,India,11.7316,77.9093,2987.04,90.32,4.57,0
1838,2026-09-13 12:36:13,801642,AXB1069,India,26.2597,90.2756,6004.56,203.17,105.27,0
1839,2026-09-13 12:36:13,801645,AIC4WL,India,28.2192,77.0224,4267.2,169.98,216.38,0
1840,2026-09-13 12:36:13,801643,AXB2648,India,13.0277,79.6789,9860.28,225.71,95.1,0
1841,2026-09-13 12:36:13,80163f,AIC2GV,India,21.706,73.6263,11574.78,234.0,186.44,0
1842,2026-09-13 12:36:13,80160a,IGO539T,India,18.9884,83.2036,11879.58,217.79,15.48,0
1843,2026-09-13 12:36:13,80160b,IGO1152,India,28.5492,77.0724,266.7,67.88,104.04,0
1844,2026-09-13 12:36:13,801616,IGO311F,India,24.9955,89.5548,11582.4,249.44,237.29,0
1845,2026-09-13 12:36:13,801615,AXB1510,India,25.8441,84.2241,4572.0,143.5,107.53,0
1846,2026-09-13 12:36:13,801621,IGO83FK,India,30.6583,76.8405,10668.0,193.88,215.71,0
1847,2026-09-13 12:36:13,801685,AXB1561,India,26.6843,83.0878,10058.4,230.43,96.54,0
1848,2026-09-13 12:36:13,80167b,AIC2184,India,21.8576,83.9239,11582.4,254.99,260.59,0
1849,2026-09-13 12:36:13,80164b,IGO6429,India,31.8572,77.5873,11277.6,244.99,4.09,0
1850,2026-09-13 12:36:13,80164e,AIC3GN,India,26.2374,75.8451,10530.84,242.05,207.33,0
1851,2026-09-13 12:36:13,80164f,AIC4JT,India,28.5604,77.0898,,3.09,188.44,1
1852,2026-09-13 12:36:13,80164c,IGO2449,India,28.549,77.0839,,13.89,284.06,1
1853,2026-09-13 12:36:13,801659,AIC106,India,28.6201,76.5939,1059.18,97.7,75.67,0
1854,2026-09-13 12:36:13,801663,IGO371F,India,13.7351,77.6995,10965.18,224.73,13.37,0
1855,2026-09-13 12:36:13,80168a,AXB1524,India,23.4082,91.1008,5059.68,163.55,72.99,0
1856,2026-09-13 12:36:13,8014e4,IGO6747,India,18.5508,82.7138,10980.42,252.42,242.44,0
1857,2026-09-13 12:36:13,8014e5,IGO364F,India,25.9176,83.1342,4975.86,190.34,18.43,0
1858,2026-09-13 12:36:13,8014f7,IGO1871,India,12.3875,79.698,6827.52,204.16,210.77,0
1859,2026-09-13 12:36:13,8014f8,AKJ797G,India,25.6921,85.6344,11277.6,231.04,78.44,0
1860,2026-09-13 12:36:13,8014f2,AKJ2004,India,14.132,74.9452,11277.6,229.61,153.66,0
1861,2026-09-13 12:36:13,801600,AIC11E,India,28.474,76.5903,3048.0,124.62,41.65,0
1862,2026-09-13 12:36:13,801605,,India,28.5675,77.0968,,2.31,205.31,1
1863,2026-09-13 12:36:13,801606,AXB1216,India,18.9073,84.328,9494.52,224.31,229.18,0
1864,2026-09-13 12:36:13,801603,AIC2QW,India,28.5652,77.0813,,2.31,61.88,1
1865,2026-09-13 12:36:13,80174a,IGO246F,India,22.8241,88.4618,624.84,86.97,165.96,0
1866,2026-09-13 12:36:13,801778,IGO36AK,India,24.4959,86.6128,9791.7,244.68,306.36,0
1867,2026-09-13 12:36:13,801738,IGO6738,India,15.6643,73.7593,2865.12,149.51,18.25,0
1868,2026-09-13 12:36:13,801736,IGO196,India,10.6697,76.5185,5996.94,194.18,27.11,0
1869,2026-09-13 12:36:13,801741,IGO342T,India,28.8257,77.2768,3093.72,151.5,273.31,0
1870,2026-09-13 12:36:13,801742,,India,28.567,77.0966,,2.06,205.31,1
1871,2026-09-13 12:36:13,80172d,IGO2009,India,25.7556,78.2377,11582.4,242.74,332.62,0
1872,2026-09-13 12:36:13,80172e,IGO971P,India,20.5382,84.1774,10972.8,261.58,247.57,0
1873,2026-09-13 12:36:13,80173b,OAH102,India,8.8375,77.1912,11277.6,227.86,38.22,0
1874,2026-09-13 12:36:13,801746,IGO6396,India,16.17,89.6919,10980.42,235.87,338.64,0
1875,2026-09-13 12:36:13,801752,IGO5316,India,23.1293,73.4977,11285.22,233.75,12.84,0
1876,2026-09-13 12:36:13,801788,IGO5217,India,13.1892,77.7537,1043.94,75.63,270.78,0
1877,2026-09-13 12:36:13,80177b,AXB2816,India,24.7493,84.9374,4145.28,143.71,29.13,0
1878,2026-09-13 12:36:13,80177e,IGO1064,India,21.175,87.9224,10363.2,242.68,313.88,0
1879,2026-09-13 12:36:13,800462,AIC114,India,26.7716,74.9229,11841.48,248.87,34.64,0
1880,2026-09-13 12:36:13,800463,AIC189,India,22.9396,68.6933,9753.6,263.91,273.58,0
1881,2026-09-13 12:36:13,801792,IGO324E,India,28.3591,77.1857,3345.18,147.46,200.21,0
1882,2026-09-13 12:36:13,8016a3,IGO59P,India,20.9564,87.4422,10668.0,213.02,39.61,0
1883,2026-09-13 12:36:13,8016a4,IGO6692,India,26.0011,76.695,10363.2,240.08,256.62,0
1884,2026-09-13 12:36:13,8015bc,IGO6336,India,13.6723,78.2228,7025.64,201.93,46.14,0
1885,2026-09-13 12:36:13,8015d3,IGO973,India,14.9523,76.2955,10972.8,238.01,303.0,0
1886,2026-09-13 12:36:13,8002ce,IFC1,India,25.9353,77.3107,11582.4,233.1,358.74,0
1887,2026-09-13 12:36:13,8015e6,IGO461W,India,26.2808,90.6341,11277.6,227.91,101.59,0
1888,2026-09-13 12:36:13,801723,IGO6109,India,29.0052,74.7071,10363.2,232.76,188.9,0
1889,2026-09-13 12:36:13,801883,IGO1494,India,16.7325,91.264,11590.02,242.29,314.31,0
1890,2026-09-13 12:36:13,80187d,IGO2277,India,15.388,73.8698,213.36,76.48,259.14,0
1891,2026-09-13 12:36:13,80184b,IGO12HC,India,12.6298,77.3508,10363.2,234.13,17.52,0
1892,2026-09-13 12:36:13,801864,IGO2401,India,28.5444,76.6497,2468.88,126.43,285.34,0
1893,2026-09-13 12:36:13,80184e,IGO1026,India,12.9979,80.1896,106.68,78.82,248.96,0
1894,2026-09-13 12:36:13,800584,AIC186,India,23.4739,93.3414,10972.8,254.65,281.54,0
1895,2026-09-13 12:36:13,70209e,BBC201,Bangladesh,31.5755,71.8652,10355.58,239.65,273.45,0
1896,2026-09-13 12:36:13,70209b,BBC355,Bangladesh,26.0388,83.5399,11574.78,257.24,287.46,0
1897,2026-09-13 12:36:13,70a8ee,BHA282,Nepal,27.5605,85.771,3040.38,125.41,295.51,0
1898,2026-09-13 12:36:13,70a8e7,SHA435,Nepal,27.8222,84.849,4991.1,139.42,276.99,0
1899,2026-09-13 12:36:13,70a8e9,,Nepal,26.9046,86.8524,5029.2,162.78,301.43,0
1900,2026-09-13 12:36:13,8017a1,AXB46K,India,21.5126,86.9164,8839.2,239.5,252.5,0
1901,2026-09-13 12:36:13,8017a0,,India,28.5664,77.114,,3.86,14.06,1
1902,2026-09-13 12:36:13,8016e0,IGO2588,India,25.7651,82.7492,11582.4,230.36,301.21,0
1903,2026-09-13 12:36:13,8016dd,IGO874,India,25.7706,84.7678,10957.56,238.21,301.22,0
1904,2026-09-13 12:36:13,8016bc,IGO521C,India,23.1032,90.0207,7520.94,225.04,252.85,0
1905,2026-09-13 12:36:13,8016ba,IGO535,India,25.3769,82.9028,11269.98,226.82,72.72,0
1906,2026-09-13 12:36:13,8016c7,AXB172M,India,19.0676,72.791,716.28,114.41,191.41,0
1907,2026-09-13 12:36:13,8016ca,AXB2932,India,25.6314,90.6851,7025.64,194.54,238.96,0
1908,2026-09-13 12:36:13,8016cc,AXB35E,India,22.6808,84.6206,6522.72,193.26,223.17,0
1909,2026-09-13 12:36:13,704729,MMA782,Myanmar,22.7167,94.149,3581.4,92.74,146.31,0
1910,2026-09-13 12:36:13,801800,IGO2487,India,28.5613,77.0836,,3.86,329.06,1
1911,2026-09-13 12:36:13,801811,,India,12.616,81.7331,8625.84,204.73,282.19,0
1912,2026-09-13 12:36:13,89617d,UAE583,United Arab Emirates,22.9578,68.2852,10972.8,262.37,270.0,0
1913,2026-09-13 12:36:13,80182a,IGO573Y,India,23.0992,84.5566,10972.8,243.19,220.02,0
1914,2026-09-13 12:36:13,80183a,IGO927T,India,11.2072,78.1454,10332.72,231.5,233.13,0
1915,2026-09-13 12:36:13,801819,IGO175,India,26.1142,77.3511,10050.78,247.64,357.74,0
1916,2026-09-13 12:36:13,801816,IGO769V,India,28.5807,76.9254,807.72,102.57,103.34,0
1917,2026-09-13 12:36:13,80180b,IGO1013,India,11.6679,94.5738,10058.4,225.11,137.96,0
1918,2026-09-13 12:36:13,80180e,IGO671W,India,28.6119,76.7784,868.68,102.57,103.34,0
1919,2026-09-13 12:36:13,801824,IGO251V,India,19.1879,72.8904,1699.26,128.86,62.41,0
1920,2026-09-13 12:36:13,801828,,India,16.7979,86.9986,11582.4,246.47,282.9,0
1921,2026-09-13 12:36:13,452181,ADZ4301,Bulgaria,22.7378,88.0783,10378.44,274.79,280.03,0
1922,2026-09-13 12:36:13,70a9b1,BHA554,Nepal,27.1799,85.0106,1234.44,85.98,338.96,0
1923,2026-09-13 12:36:13,800694,CG3,India,21.5226,88.2631,1661.16,77.47,329.69,0
1924,2026-09-13 12:36:13,8018a8,IGO438V,India,14.3454,77.9083,7315.2,216.61,16.84,0
1925,2026-09-13 12:36:13,8018b0,AIC188,India,23.0446,70.6583,11887.2,248.85,61.47,0
1926,2026-09-13 12:36:13,8018b7,IGO078,India,13.9715,76.7324,8237.22,232.05,127.89,0
1927,2026-09-13 12:36:13,8018e0,IGO6097,India,22.9588,88.6812,3406.14,151.16,265.71,0
1928,2026-09-13 12:36:13,8018cf,IGO6010,India,30.0493,75.2435,9761.22,231.88,352.61,0
1929,2026-09-13 12:36:13,8018df,IGO346K,India,12.9984,80.1911,106.68,79.96,248.88,0
1930,2026-09-13 12:36:13,7020ae,AWA474,Bangladesh,23.8661,90.3798,114.3,60.71,143.62,0
1931,2026-09-13 12:36:13,7020b4,UBG146,Bangladesh,23.8439,90.4041,,8.23,323.44,1
1932,2026-09-13 12:36:13,8018c2,AKJ1871,India,25.4491,75.3697,10972.8,244.6,202.9,0
1933,2026-09-13 12:36:13,7020bc,AWA444,Bangladesh,23.3567,90.8891,4876.8,136.06,331.3,0
1934,2026-09-13 12:36:13,7020c8,AWA448,Bangladesh,23.9584,90.3055,617.22,88.5,150.01,0
1935,2026-09-13 12:36:13,7020c5,S2AFH,Bangladesh,24.1674,89.4482,1859.28,50.54,292.13,0
1936,2026-09-13 12:36:13,8004d5,AIC1SS,India,28.5634,77.1015,266.7,80.36,104.84,0
1937,2026-09-13 12:36:13,801914,IGO447L,India,23.728,73.7884,11277.6,237.23,25.56,0
1938,2026-09-13 12:36:13,80190c,IGO2299,India,28.5545,77.0475,396.24,71.49,103.74,0
1939,2026-09-13 12:36:13,80191a,IGO6676,India,28.5687,77.0993,,3.86,270.0,1
1940,2026-09-13 12:36:13,801910,IGO950H,India,11.4988,76.8174,5745.48,192.81,334.05,0
1941,2026-09-13 12:36:13,8005f0,AIC132,India,14.6592,74.4472,12489.18,238.67,118.17,0
1942,2026-09-13 12:36:13,4bb0e9,THY48L,Turkey,13.0768,77.4602,11574.78,253.74,298.85,0
1943,2026-09-13 12:36:13,800735,AIC352,India,26.8943,80.59,11887.2,253.3,116.41,0
1944,2026-09-13 12:36:13,4bb189,THY299,Turkey,31.4187,74.1839,10972.8,234.3,282.3,0
1945,2026-09-13 12:36:13,4bb185,THY125,Turkey,26.6172,81.4316,11582.4,255.89,286.47,0
1946,2026-09-13 12:36:13,4bb14a,THY84,Turkey,23.1388,96.4297,10058.4,254.02,97.1,0
1947,2026-09-13 12:36:13,8007b2,IGO6749,India,22.6399,88.4402,30.48,0.77,61.88,1
1948,2026-09-13 12:36:13,89652d,ABY816,United Arab Emirates,22.4569,73.3384,10050.78,236.52,98.25,0
1949,2026-09-13 12:36:13,896502,ADY044,United Arab Emirates,23.7844,72.8409,10988.04,248.5,242.64,0
1950,2026-09-13 12:36:13,4bb196,THY65,Turkey,25.0184,84.4106,11574.78,258.69,299.42,0
1951,2026-09-13 12:36:13,896458,UAE375,United Arab Emirates,22.94,68.6865,12192.0,259.23,273.41,0
1952,2026-09-13 12:36:13,4bb101,THY49A,Turkey,13.127,93.1366,11887.2,238.29,135.79,0
1953,2026-09-13 12:36:13,8008d2,FLW ME 3,India,22.6355,88.4466,,9.26,5.62,1
1954,2026-09-13 12:36:13,896664,FDB564,United Arab Emirates,22.898,71.887,10972.8,241.17,264.98,0
1955,2026-09-13 12:36:13,8008c7,FLW ME 2,India,22.6413,88.4425,,3.09,8.44,1
1956,2026-09-13 12:36:13,896616,UAE9865,United Arab Emirates,17.1709,85.3619,13106.4,253.34,287.37,0
1957,2026-09-13 12:36:13,ac3857,FDX5384,United States,30.6147,74.7431,11277.6,251.09,172.58,0
1958,2026-09-13 12:36:13,461f4d,FIN131,Finland,17.8532,88.2809,12496.8,249.55,135.5,0
1959,2026-09-13 12:36:13,89653e,ETD446,United Arab Emirates,22.9186,69.045,9441.18,259.32,93.75,0
1960,2026-09-13 12:36:13,507cb3,MFX5538,Uzbekistan,24.2688,86.4266,9753.6,245.28,297.48,0
1961,2026-09-13 12:36:13,507cbb,SGA2562,Uzbekistan,22.9943,83.7009,9753.6,251.98,273.28,0
1962,2026-09-13 12:36:13,75026b,XAX604,Malaysia,26.5028,74.2927,11582.4,248.15,298.48,0
1963,2026-09-13 12:36:13,8965f6,ABY514,United Arab Emirates,24.0883,70.3463,11277.6,227.45,91.43,0
1964,2026-09-13 12:36:13,781efb,CSS164,China,23.3481,94.5014,10668.0,242.75,96.33,0
1965,2026-09-13 12:36:13,896717,ABY824,United Arab Emirates,16.9422,86.2825,10972.8,248.8,283.63,0
1966,2026-09-13 12:36:13,780d2c,CCA011,China,27.6442,78.7184,9037.32,244.95,111.18,0
1967,2026-09-13 12:36:13,780d2a,CCA059,China,28.5689,77.0961,,6.43,92.81,1
1968,2026-09-13 12:36:13,76cd75,SIA326,Singapore,11.7641,92.7194,10363.2,266.5,323.79,0
1969,2026-09-13 12:36:13,15203a,AFL295,Russian Federation,19.5944,93.2339,10972.8,256.38,305.44,0
1970,2026-09-13 12:36:13,899040,EVA068,Taiwan,16.3684,95.6713,10668.0,244.8,117.0,0
1971,2026-09-13 12:36:13,899035,EVA067,Taiwan,18.1307,95.3867,9144.0,271.73,306.61,0
1972,2026-09-13 12:36:13,406f79,BAW15,United Kingdom,16.3117,89.8672,11879.58,249.55,135.5,0
1973,2026-09-13 12:36:13,394a04,AFR256,France,17.4841,86.7299,10058.4,252.3,156.57,0
1974,2026-09-13 12:36:13,04022a,ETH3482,Ethiopia,22.5225,89.5861,12496.8,230.61,96.92,0
1975,2026-09-13 12:36:13,8990a5,CAL5663,Taiwan,24.431,85.9229,10363.2,260.76,298.13,0
1976,2026-09-13 12:36:13,06a2f4,QTR839,Qatar,22.94,68.6867,11574.78,265.48,273.67,0
1977,2026-09-13 12:36:13,781677,CSS160,China,23.1152,96.6349,10675.62,242.16,97.2,0
1978,2026-09-13 12:36:13,4ba94e,THY54,Turkey,17.9312,95.6671,10668.0,241.89,126.7,0
1979,2026-09-13 12:36:13,4ba948,THY68,Turkey,17.9421,95.4512,10058.4,240.1,130.48,0
1980,2026-09-13 12:36:13,040255,ETH445,Ethiopia,28.0128,76.954,5875.02,202.49,212.76,0
1981,2026-09-13 12:36:13,aba7d9,FDX5603,United States,25.8015,79.2214,11277.6,244.25,131.24,0
1982,2026-09-13 12:36:13,abcf58,FDX5460,United States,18.7532,72.2918,4899.66,171.86,63.51,0
1983,2026-09-13 12:36:13,39cf11,AFR199,France,23.7909,85.3288,11582.4,263.09,306.89,0
1984,2026-09-13 12:36:13,70412b,UBA5088,Myanmar,24.8048,95.7299,5181.6,110.84,176.27,0
1985,2026-09-13 12:36:13,801407,AXB1264,India,28.3686,76.3827,3352.8,126.08,63.33,0
1986,2026-09-13 12:36:13,801409,AIC5TV,India,28.6965,77.5874,3909.06,167.03,296.33,0
1987,2026-09-13 12:36:13,801415,IGO7443,India,28.2121,75.1094,4572.0,123.49,88.81,0
1988,2026-09-13 12:36:13,80142a,IGO6391,India,11.7108,76.1573,8176.26,213.56,163.49,0
1989,2026-09-13 12:36:13,80143a,AIC4KU,India,15.4069,73.9681,762.0,83.15,259.66,0
1990,2026-09-13 12:36:13,801454,IGO211,India,11.0354,75.8626,7719.06,229.61,333.38,0
1991,2026-09-13 12:36:13,801422,IGO1632,India,22.4242,90.4348,10789.92,246.81,277.18,0
1992,2026-09-13 12:36:13,80140e,AXB194,India,22.9129,68.5803,11285.22,228.87,93.61,0
1993,2026-09-13 12:36:13,80141d,AIC2KJ,India,13.0581,91.381,10081.26,245.42,309.9,0
1994,2026-09-13 12:36:13,80141c,IGO403K,India,19.6593,81.5173,10972.8,250.11,218.4,0
1995,2026-09-13 12:36:13,801435,AXB904,India,13.6772,94.5325,11262.36,218.32,133.66,0
1996,2026-09-13 12:36:13,504e27,ATG8816,Republic of Moldova,26.624,85.4141,7894.32,251.48,323.9,0
1997,2026-09-13 12:36:13,80148f,IGO162P,India,18.7918,83.2156,11269.98,216.69,37.09,0
1998,2026-09-13 12:36:13,06a1e9,QTR8977,Qatar,22.5554,71.9977,10363.2,261.79,283.41,0
1999,2026-09-13 12:36:13,801523,IGO2040,India,8.4105,76.9327,502.92,92.76,134.78,0
2000,2026-09-13 12:36:13,06a10c,QTR959,Qatar,15.3869,73.0629,12192.0,265.09,297.76,0
2001,2026-09-13 12:36:13,801527,IG06518,India,13.0935,80.1951,2468.88,148.4,63.88,0
2002,2026-09-13 12:36:13,801536,IGO2137,India,31.3698,76.5547,11277.6,251.67,114.26,0
2003,2026-09-13 12:36:13,801534,AIC6DJ,India,19.3089,72.788,3718.56,182.08,22.07,0
2004,2026-09-13 12:36:13,8850b7,THA324,Thailand,28.5209,77.2258,1303.02,104.61,129.01,0
2005,2026-09-13 12:36:13,801506,IGO735C,India,26.7632,80.901,9144.0,211.42,301.87,0
2006,2026-09-13 12:36:13,801508,AKJ1406,India,28.0584,79.2883,10149.84,237.6,292.4,0
2007,2026-09-13 12:36:13,80154d,IGO235,India,18.2871,83.9757,11590.02,255.4,236.5,0
2008,2026-09-13 12:36:13,801569,IGO6737,India,21.7534,83.8172,10972.8,243.48,313.2,0
2009,2026-09-13 12:36:13,801566,IGO700T,India,10.1608,75.5415,4876.8,139.6,267.04,0
2010,2026-09-13 12:36:13,801560,IGO1253,India,27.2959,79.6758,11277.6,233.99,115.95,0
2011,2026-09-13 12:36:13,801573,IGO1FD,India,19.1604,72.6606,3352.8,134.61,135.93,0
2012,2026-09-13 12:36:13,801539,AKJ6514,India,15.7887,73.7988,12192.0,233.09,345.17,0
2013,2026-09-13 12:36:13,80156a,IGO6428,India,8.7485,76.8455,2849.88,148.67,4.76,0
2014,2026-09-13 12:36:13,801581,IGO931P,India,19.7458,81.5219,11582.4,245.7,216.49,0
2015,2026-09-13 12:36:13,80157c,AKJ655Z,India,28.5492,77.0723,266.7,74.12,103.65,0
2016,2026-09-13 12:36:13,801597,AIC2146,India,25.3344,78.8554,10363.2,244.5,298.67,0
2017,2026-09-13 12:36:13,801594,,India,28.5582,77.1145,,4.89,22.5,1
2018,2026-09-13 12:36:13,06a0b6,QTR650,Qatar,26.3463,76.8675,11887.2,247.45,82.59,0
2019,2026-09-13 12:36:13,8013c5,VTTAT,India,19.0893,72.9035,190.5,62.78,268.59,0
2020,2026-09-13 12:36:13,68000a,BTN773,Bhutan,27.7817,80.2779,11582.4,229.71,290.59,0
2021,2026-09-13 12:36:13,8013cc,AIC237,India,26.6581,81.5294,11277.6,232.53,107.11,0
2022,2026-09-13 12:36:13,8013a3,AIC8GZ,India,28.5652,77.0814,,6.17,61.88,1
2023,2026-09-13 12:36:13,8013b1,AIC8WV,India,31.9994,75.5546,11582.4,243.96,16.79,0
2024,2026-09-13 12:36:13,88516b,THA922,Thailand,20.4542,91.9419,9144.0,273.7,304.59,0
2025,2026-09-13 12:36:13,8013e3,IGO7925,India,25.065,87.4881,3962.4,126.31,153.12,0
2026,2026-09-13 12:36:13,800db0,AXB1036,India,27.2254,81.938,10972.8,235.98,291.08,0
2027,2026-09-13 12:36:13,7c4926,QFA2,Australia,10.9183,95.2928,11887.2,243.78,136.2,0
2028,2026-09-13 12:36:13,7103d6,SVA850,Saudi Arabia,9.9727,96.5813,12489.18,235.06,131.54,0
2029,2026-09-13 12:36:13,896c6c,UAF1351,United Arab Emirates,15.3122,93.1438,11277.6,225.11,103.21,0
2030,2026-09-13 12:36:13,aab841,CKS704,United States,22.7518,95.668,9144.0,261.87,262.78,0
2031,2026-09-13 12:36:13,151dc2,AFL297,Russian Federation,16.6181,89.5741,10972.8,258.69,310.56,0
2032,2026-09-13 12:36:13,151db5,AFL285,Russian Federation,26.9406,77.7736,10363.2,258.97,319.19,0
2033,2026-09-13 12:36:13,aa8b77,N779LG,United States,11.5624,94.639,10668.0,229.3,141.74,0
2034,2026-09-13 12:36:13,4007ec,BAW2231,United Kingdom,19.5915,91.0728,11277.6,237.88,127.27,0
2035,2026-09-13 12:36:13,7608f9,PIA713,Pakistan,31.8052,70.0752,11582.4,233.22,228.4,0
2036,2026-09-13 12:36:13,abda7d,FDX5080,United States,22.3261,88.5239,9448.8,231.76,55.22,0
2037,2026-09-13 12:36:13,770453,ALK166,Sri Lanka,9.9123,76.5302,3825.24,191.94,128.25,0
2038,2026-09-13 12:36:13,78112e,CSC3902,China,25.2281,89.2888,10073.64,224.9,122.67,0
2039,2026-09-13 12:36:13,ab9e12,FDX5379,United States,28.6769,76.3934,2042.16,114.89,356.92,0
2040,2026-09-13 12:36:13,70605b,KAC412,Kuwait,17.2715,91.1966,10363.2,267.06,310.63,0
2041,2026-09-13 12:36:13,78007e,CAO1099,China,28.6558,76.4926,1470.66,94.14,90.31,0
2042,2026-09-13 12:36:13,4851f6,KLM844,Kingdom of the Netherlands,22.416,88.8427,9753.6,268.58,305.88,0
2043,2026-09-13 12:36:13,8880e0,HVN55,Viet Nam,24.7473,84.4185,10965.18,262.28,296.82,0
2044,2026-09-13 12:36:13,4d0105,CLX7956,Luxembourg,26.4689,74.3614,11277.6,251.15,118.51,0
2045,2026-09-13 12:36:13,507c7f,MFX7621,Uzbekistan,29.6935,70.9826,11277.6,230.46,167.89,0
2046,2026-09-13 12:36:13,507c98,MFX530,Uzbekistan,27.0611,80.5866,9753.6,243.91,317.22,0
2047,2026-09-13 12:36:13,8966ef,UAE9710,United Arab Emirates,13.1886,77.828,1440.18,92.09,270.0,0
2048,2026-09-13 12:36:13,3951c1,AFR6727,France,22.247,72.3107,9144.0,263.25,326.56,0
2049,2026-09-13 12:36:13,010206,MSR974,Egypt,28.5662,77.0835,,1.03,61.88,1
2050,2026-09-13 12:36:13,60182b,TUA695,Turkmenistan,22.64,88.6553,11277.6,229.82,144.57,0
2051,2026-09-13 12:36:13,76cef9,SIA321,Singapore,18.8702,87.0165,10668.0,245.71,123.12,0
2052,2026-09-13 12:36:13,507c5f,UZB562,Uzbekistan,21.5302,90.255,9753.6,252.41,303.95,0
2053,2026-09-13 12:36:13,76ceed,SIA318,Singapore,11.6249,92.2422,9144.0,262.55,317.62,0
2054,2026-09-13 12:36:13,750592,MAS103,Malaysia,21.2643,92.749,9448.8,233.68,136.96,0
2055,2026-09-13 12:36:13,750548,XAX600,Malaysia,10.1464,94.0535,10363.2,253.94,319.44,0
2056,2026-09-13 12:36:13,8a0a13,UBG149,Indonesia,22.6114,91.4557,6400.8,168.43,135.62,0
2057,2026-09-13 12:36:13,780fc4,CSN6068,China,25.0037,90.0477,10675.62,230.66,118.51,0
2058,2026-09-13 12:36:13,76bcc1,TGW751,Singapore,24.2476,84.5053,12496.8,248.69,126.42,0
2059,2026-09-13 12:36:13,39b221,CMA731,France,24.4956,81.9697,10363.2,264.64,279.74,0
2060,2026-09-13 12:36:13,4cade1,KZR908,Ireland,31.0529,74.8889,9144.0,228.56,316.82,0
2061,2026-09-13 12:36:13,800b14,IGO6175,India,26.0046,85.9807,9182.1,222.8,100.38,0
2062,2026-09-13 12:36:13,3c4590,BOX533,Germany,13.2165,77.6513,1371.6,119.02,313.07,0
2063,2026-09-13 12:36:13,3c4594,BOX539,Germany,31.1576,74.7615,9753.6,247.45,318.46,0
2064,2026-09-13 12:36:13,800c01,IGO433,India,22.6427,88.4404,,0.0,275.62,1
2065,2026-09-13 12:36:13,800c09,LLR506,India,10.3145,75.8442,4442.46,153.07,93.47,0
2066,2026-09-13 12:36:13,800c43,AIC2332,India,24.2307,84.5141,10668.0,226.37,126.22,0
2067,2026-09-13 12:36:13,800c42,,India,24.7036,80.9571,11285.22,229.2,75.84,0
2068,2026-09-13 12:36:13,800c88,AIC1HL,India,31.0954,77.5703,10363.2,232.15,161.52,0
2069,2026-09-13 12:36:13,800c64,AIC3TB,India,26.1758,75.2644,10363.2,245.85,218.88,0
2070,2026-09-13 12:36:13,71004b,SVA770,Saudi Arabia,20.4832,68.3743,11795.76,226.62,116.57,0
2071,2026-09-13 12:36:13,4cac16,KZR932,Ireland,29.3182,75.3445,10363.2,228.33,284.35,0
2072,2026-09-13 12:36:13,4cac10,KZR564,Ireland,27.3929,80.2706,10363.2,244.97,318.75,0
2073,2026-09-13 12:36:13,710050,SVA755,Saudi Arabia,19.0749,72.7336,11582.4,258.35,288.94,0
2074,2026-09-13 12:36:13,800d0f,IGO71AT,India,24.2738,92.105,10828.02,227.86,219.04,0
2075,2026-09-13 12:36:13,800d03,SEJ2951,India,29.7893,77.3281,5958.84,156.45,206.99,0
2076,2026-09-13 12:36:13,800d2d,IGO6447,India,28.5164,76.792,3352.8,135.04,319.64,0
2077,2026-09-13 12:36:13,39d2af,AFR253,France,28.2785,77.8357,11582.4,252.81,288.88,0
2078,2026-09-13 12:36:13,4b1920,SWR181,Switzerland,19.4965,93.4059,9144.0,269.11,303.14,0
2079,2026-09-13 12:36:13,7100ba,SVA797,Saudi Arabia,31.5218,69.7679,11582.4,233.7,228.84,0
2080,2026-09-13 12:36:13,4d2012,SVA798,Malta,23.151,83.5601,11277.6,236.22,91.62,0
2081,2026-09-13 12:36:13,800ce0,IGO7918,India,11.8086,77.9158,3329.94,91.9,4.82,0
2082,2026-09-13 12:41:15,801645,AIC4WL,India,27.8545,76.7184,4267.2,170.28,216.52,0
2083,2026-09-13 12:41:15,801643,AXB2648,India,12.9727,80.2996,10972.8,233.53,95.31,0
2084,2026-09-13 12:41:15,80162f,,India,18.8226,73.0903,10972.8,230.76,169.47,0
2085,2026-09-13 12:41:15,80163c,IGO331,India,26.5296,79.7593,8534.4,215.71,355.49,0
2086,2026-09-13 12:41:15,80160a,IGO539T,India,19.5515,83.3676,11887.2,220.41,15.43,0
2087,2026-09-13 12:41:15,80160b,IGO1152,India,28.5501,77.0789,,9.26,284.06,1
2088,2026-09-13 12:41:15,801616,IGO311F,India,24.6364,88.9462,10401.3,248.28,236.84,0
2089,2026-09-13 12:41:15,801615,AXB1510,India,25.7428,84.5745,2781.3,105.42,107.9,0
2090,2026-09-13 12:41:15,801621,IGO83FK,India,30.2333,76.7627,11887.2,223.94,112.56,0
2091,2026-09-13 12:41:15,801685,AXB1561,India,26.6131,83.7657,10058.4,230.55,96.79,0
2092,2026-09-13 12:41:15,80167b,AIC2184,India,21.8576,83.9239,11582.4,254.99,260.59,0
2093,2026-09-13 12:41:15,80164b,IGO6429,India,32.4833,77.671,11277.6,252.47,20.39,0
2094,2026-09-13 12:41:15,80164e,AIC3GN,India,25.6777,75.5261,11407.14,241.12,207.17,0
2095,2026-09-13 12:41:15,80164c,,India,28.5636,77.0801,,5.66,56.25,1
2096,2026-09-13 12:41:15,801659,AIC106,India,28.5885,76.8885,807.72,95.21,103.44,0
2097,2026-09-13 12:41:15,801663,IGO371F,India,14.3068,77.8393,10972.8,229.09,13.51,0
2098,2026-09-13 12:41:15,80165c,AXB411,India,14.5792,73.9001,10972.8,242.85,311.05,0
2099,2026-09-13 12:41:15,80168a,AXB1524,India,23.6484,91.2606,3139.44,155.85,18.67,0
2100,2026-09-13 12:41:15,50040a,EJO1X,San Marino,19.2217,72.8018,2918.46,154.07,19.1,0
2101,2026-09-13 12:41:15,8014e4,IGO6747,India,18.2386,82.0899,10972.8,251.96,242.39,0
2102,2026-09-13 12:41:15,8014e5,IGO364F,India,26.3768,83.3036,3322.32,163.17,18.38,0
2103,2026-09-13 12:41:15,8014f7,IGO1871,India,11.9296,79.4216,8862.06,227.63,210.56,0
2104,2026-09-13 12:41:15,8014f8,AKJ797G,India,25.8112,86.2849,10721.34,219.24,78.77,0
2105,2026-09-13 12:41:15,8014f2,AKJ2004,India,13.8408,75.0928,11277.6,228.92,153.72,0
2106,2026-09-13 12:41:15,8014bd,IGO6029,India,13.4775,77.7317,2644.14,148.96,141.31,0
2107,2026-09-13 12:41:15,8014d3,IGO54N,India,14.3118,79.9175,11574.78,237.34,177.76,0
2108,2026-09-13 12:41:15,801600,AIC11E,India,28.6554,76.3684,1996.44,110.95,18.94,0
2109,2026-09-13 12:41:15,801605,AXB1617,India,28.5529,77.1456,662.94,90.96,104.74,0
2110,2026-09-13 12:41:15,801606,AXB1216,India,18.5949,83.7607,10584.18,236.55,244.49,0
2111,2026-09-13 12:41:15,801603,AIC2QW,India,28.5652,77.0814,,1.8,61.88,1
2112,2026-09-13 12:41:15,801613,AXB1832,India,12.852,80.3767,1417.32,116.26,0.0,0
2113,2026-09-13 12:41:15,80174a,IGO246F,India,22.6401,88.4431,,6.17,250.31,1
2114,2026-09-13 12:41:15,801778,IGO36AK,India,24.7759,85.9618,10744.2,246.56,294.53,0
2115,2026-09-13 12:41:15,80172c,IGO37WF,India,19.0892,72.8951,144.78,65.86,269.1,0
2116,2026-09-13 12:41:15,801736,IGO196,India,11.1575,76.772,8229.6,210.52,27.19,0
2117,2026-09-13 12:41:15,801741,IGO342T,India,28.8074,76.8982,2743.2,116.19,286.99,0
2118,2026-09-13 12:41:15,801742,IGO31VD,India,28.4858,77.3259,2453.64,130.43,119.8,0
2119,2026-09-13 12:41:15,80172d,IGO2009,India,26.3532,77.9655,10850.88,242.36,338.06,0
2120,2026-09-13 12:41:15,80172e,IGO971P,India,20.2666,83.5345,10972.8,255.99,232.92,0
2121,2026-09-13 12:41:15,80173b,OAH102,India,9.3129,77.5671,11277.6,224.48,40.26,0
2122,2026-09-13 12:41:15,801746,IGO6396,India,16.3029,89.6198,10988.04,230.8,330.64,0
2123,2026-09-13 12:41:15,801752,IGO5316,India,23.7368,73.6477,11285.22,236.37,12.83,0
2124,2026-09-13 12:41:15,801788,IGO5217,India,13.1892,77.7537,1043.94,75.63,270.78,0
2125,2026-09-13 12:41:15,80177e,IGO1064,India,21.6219,87.4234,10363.2,244.96,313.04,0
2126,2026-09-13 12:41:15,800462,AIC114,India,27.32,75.3483,9738.36,240.18,34.88,0
2127,2026-09-13 12:41:15,801792,IGO324E,India,27.9581,77.0192,6294.12,181.96,200.18,0
2128,2026-09-13 12:41:15,8016a3,IGO59P,India,21.4234,87.7678,10675.62,220.65,9.53,0
2129,2026-09-13 12:41:15,8016a4,IGO6692,India,25.8512,76.0077,10363.2,241.94,256.35,0
2130,2026-09-13 12:41:15,8016a5,,India,18.2922,80.2708,11475.72,243.86,226.88,0
2131,2026-09-13 12:41:15,8015bc,IGO6336,India,13.9574,78.5244,8503.92,219.73,45.76,0
2132,2026-09-13 12:41:15,8015d3,IGO973,India,15.2178,75.8487,10043.16,231.15,298.73,0
2133,2026-09-13 12:41:15,8015a4,IGO5365,India,28.4291,77.2066,2133.6,123.99,142.42,0
2134,2026-09-13 12:41:15,8015ad,IGO664E,India,16.9868,84.0575,10660.38,224.61,39.89,0
2135,2026-09-13 12:41:15,8015fc,IGO2516,India,24.2005,92.107,8260.08,221.86,228.1,0
2136,2026-09-13 12:41:15,8002ce,IFC1,India,26.5565,77.2973,10050.78,237.19,359.01,0
2137,2026-09-13 12:41:15,8015e6,IGO461W,India,26.1834,91.2763,11285.22,229.53,99.55,0
2138,2026-09-13 12:41:15,8015f7,AIC9HA,India,23.2114,73.7536,11887.2,246.27,20.29,0
2139,2026-09-13 12:41:15,70204b,BBC340,Bangladesh,22.9296,68.3953,10058.4,242.82,90.12,0
2140,2026-09-13 12:41:15,801723,IGO6109,India,28.3852,74.5975,10363.2,233.27,188.88,0
2141,2026-09-13 12:41:15,801726,IGO28AV,India,25.6812,82.7193,3436.62,182.49,303.73,0
2142,2026-09-13 12:41:15,801883,IGO1494,India,17.2119,90.829,11582.4,244.5,313.81,0
2143,2026-09-13 12:41:15,80187a,IGO5192,India,27.0731,79.956,6614.16,209.47,336.71,0
2144,2026-09-13 12:41:15,80184b,IGO12HC,India,13.2208,77.5411,10363.2,234.28,17.64,0
2145,2026-09-13 12:41:15,801864,IGO2401,India,28.6692,76.5047,1607.82,103.23,102.37,0
2146,2026-09-13 12:41:15,800584,AIC186,India,23.6088,92.6192,10972.8,254.95,281.29,0
2147,2026-09-13 12:41:15,70209b,BBC355,Bangladesh,26.2408,82.8188,11574.78,256.93,287.24,0
2148,2026-09-13 12:41:15,70a8e7,SHA435,Nepal,27.8692,84.4074,5638.8,161.57,276.58,0
2149,2026-09-13 12:41:15,70a8e9,,Nepal,27.1382,86.4397,5029.2,163.39,302.79,0
2150,2026-09-13 12:41:15,8017a1,AXB46K,India,21.3201,86.2484,10157.46,255.03,254.2,0
2151,2026-09-13 12:41:15,8016e0,IGO2588,India,26.0763,82.1765,10866.12,218.71,300.85,0
2152,2026-09-13 12:41:15,8016da,IGO253H,India,25.4951,85.2442,2598.42,135.74,136.69,0
2153,2026-09-13 12:41:15,8016dd,IGO874,India,26.0999,84.1655,10988.04,240.68,301.01,0
2154,2026-09-13 12:41:15,8016bc,IGO521C,India,23.0109,89.458,5166.36,175.43,269.83,0
2155,2026-09-13 12:41:15,8016ba,IGO535,India,25.5568,83.5434,11285.22,228.15,72.95,0
2156,2026-09-13 12:41:15,8016ca,AXB2932,India,25.3401,90.1531,8679.18,227.54,238.97,0
2157,2026-09-13 12:41:15,8016cc,AXB35E,India,22.2767,84.213,8328.66,219.84,223.1,0
2158,2026-09-13 12:41:15,704729,MMA782,Myanmar,22.5149,94.3216,4503.42,98.5,144.57,0
2159,2026-09-13 12:41:15,801800,IGO2487,India,28.5624,77.0907,,0.0,14.06,1
2160,2026-09-13 12:41:15,801811,,India,12.7212,81.304,6393.18,179.29,287.71,0
2161,2026-09-13 12:41:15,80182a,IGO573Y,India,22.602,84.1075,10965.18,243.97,219.87,0
2162,2026-09-13 12:41:15,80183a,IGO927T,India,10.8574,77.6432,7741.92,215.81,240.75,0
2163,2026-09-13 12:41:15,801819,IGO175,India,26.7804,77.3222,8595.36,253.32,357.67,0
2164,2026-09-13 12:41:15,801816,IGO769V,India,28.5484,77.0762,243.84,69.37,103.73,0
2165,2026-09-13 12:41:15,80180b,IGO1013,India,11.2049,94.9858,10058.4,232.53,133.48,0
2166,2026-09-13 12:41:15,80180e,IGO671W,India,28.5549,77.0458,396.24,71.0,103.83,0
2167,2026-09-13 12:41:15,801824,IGO251V,India,19.1879,72.8904,1699.26,128.86,62.41,0
2168,2026-09-13 12:41:15,801828,IGO1510,India,16.9158,86.4668,11590.02,251.21,282.9,0
2169,2026-09-13 12:41:15,452181,ADZ4301,Bulgaria,22.8696,87.3025,10378.44,277.8,270.0,0
2170,2026-09-13 12:41:15,70a9b1,BHA554,Nepal,27.3819,85.1108,2697.48,111.6,38.82,0
2171,2026-09-13 12:41:15,800694,CG3,India,21.5226,88.2631,2133.6,77.47,329.69,0
2172,2026-09-13 12:41:15,8018b0,AIC188,India,23.3555,71.2818,11887.2,247.42,61.84,0
2173,2026-09-13 12:41:15,8018b7,IGO078,India,13.6112,77.2326,5097.78,218.66,113.43,0
2174,2026-09-13 12:41:15,8018e0,IGO6097,India,22.8539,88.4692,944.88,88.57,186.67,0
2175,2026-09-13 12:41:15,8018cf,IGO6010,India,30.6659,75.1746,9745.98,233.22,354.18,0
2176,2026-09-13 12:41:15,7020ae,AWA474,Bangladesh,23.8541,90.396,,6.94,326.25,1
2177,2026-09-13 12:41:15,7020b4,UBG146,Bangladesh,23.8476,90.4021,,0.0,233.44,1
2178,2026-09-13 12:41:15,7020bc,AWA444,Bangladesh,23.6838,90.6948,4053.84,143.91,331.14,0
2179,2026-09-13 12:41:15,7020c8,AWA448,Bangladesh,23.8446,90.3996,,5.66,56.25,1
2180,2026-09-13 12:41:15,7020c5,S2AFH,Bangladesh,24.2084,89.3153,1859.28,52.39,287.72,0
2181,2026-09-13 12:41:15,8004d5,AIC1SS,India,28.3383,77.0733,3634.74,153.96,211.19,0
2182,2026-09-13 12:41:15,8017e4,IGO362H,India,19.11,72.7498,1402.08,135.58,337.23,0
2183,2026-09-13 12:41:15,801919,,India,19.2997,73.0397,6934.2,208.25,130.89,0
2184,2026-09-13 12:41:15,80190c,IGO2299,India,28.5503,77.0673,297.18,73.12,103.84,0
2185,2026-09-13 12:41:15,80191a,IGO6676,India,28.567,77.0966,,3.86,205.31,1
2186,2026-09-13 12:41:15,801910,IGO950H,India,12.1203,76.4519,8450.58,227.43,324.3,0
2187,2026-09-13 12:41:15,8005f0,AIC132,India,14.3535,75.0291,12496.8,238.92,118.28,0
2188,2026-09-13 12:41:15,4bb0e9,THY48L,Turkey,13.4018,76.8558,11590.02,257.63,298.77,0
2189,2026-09-13 12:41:15,800735,AIC352,India,26.6878,81.3025,11887.2,252.43,106.7,0
2190,2026-09-13 12:41:15,4bb189,THY299,Turkey,31.3077,72.6646,10972.8,235.97,262.74,0
2191,2026-09-13 12:41:15,4bb185,THY125,Turkey,26.8707,80.7485,11582.4,251.72,311.93,0
2192,2026-09-13 12:41:15,8007b2,IGO6749,India,22.6467,88.4419,,8.75,5.62,1
2193,2026-09-13 12:41:15,896502,ADY044,United Arab Emirates,23.4865,72.2194,10980.42,239.31,242.33,0
2194,2026-09-13 12:41:15,4bb196,THY65,Turkey,25.3531,83.7552,11582.4,256.33,299.19,0
2195,2026-09-13 12:41:15,4bb18a,THY171,Turkey,31.3358,72.5028,10347.96,234.15,300.79,0
2196,2026-09-13 12:41:15,4bb101,THY49A,Turkey,12.6708,93.5886,11887.2,238.29,135.79,0
2197,2026-09-13 12:41:15,8008d2,FLW ME 3,India,22.6453,88.4465,,12.86,5.62,1
2198,2026-09-13 12:41:15,896643,FDB539,United Arab Emirates,28.2751,73.5783,10668.0,244.7,100.29,0
2199,2026-09-13 12:41:15,896664,FDB564,United Arab Emirates,22.8898,71.1878,10972.8,246.93,269.88,0
2200,2026-09-13 12:41:15,8008c6,FLW ME 4,India,22.6494,88.4409,,9.26,2.81,1
2201,2026-09-13 12:41:15,8008c7,FLW ME 2,India,22.6742,88.4499,,4.89,120.94,1
2202,2026-09-13 12:41:15,896616,UAE9865,United Arab Emirates,17.3686,84.6973,13106.4,252.39,287.07,0
2203,2026-09-13 12:41:15,ac3857,FDX5384,United States,29.9464,74.8391,11277.6,251.22,173.3,0
2204,2026-09-13 12:41:15,896597,ETD406,United Arab Emirates,21.2966,68.4245,10058.4,257.51,113.8,0
2205,2026-09-13 12:41:15,461f4d,FIN131,Finland,17.8532,88.2809,12496.8,250.28,135.5,0
2206,2026-09-13 12:41:15,89653e,ETD446,United Arab Emirates,22.8632,69.7915,9662.16,263.73,96.83,0
2207,2026-09-13 12:41:15,507cb3,MFX5538,Uzbekistan,24.5695,85.7935,9745.98,244.81,297.27,0
2208,2026-09-13 12:41:15,75026b,XAX604,Malaysia,26.8206,73.6484,11582.4,248.19,298.74,0
2209,2026-09-13 12:41:15,8965f6,ABY514,United Arab Emirates,24.0893,71.0031,11285.22,228.32,74.18,0
2210,2026-09-13 12:41:15,781efb,CSS164,China,23.3198,95.1999,10668.0,244.5,88.07,0
2211,2026-09-13 12:41:15,896717,ABY824,United Arab Emirates,17.1128,85.5769,10972.8,246.53,287.11,0
2212,2026-09-13 12:41:15,781fda,CBJ654,China,13.0697,80.1772,1485.9,144.49,46.88,0
2213,2026-09-13 12:41:15,780d2c,CCA011,China,27.4013,79.4157,10645.14,254.3,111.48,0
2214,2026-09-13 12:41:15,780d2a,CCA059,China,28.5708,77.1088,,5.4,334.69,1
2215,2026-09-13 12:41:15,76cd75,SIA326,Singapore,12.2776,92.2292,10363.2,266.11,310.22,0
2216,2026-09-13 12:41:15,15203a,AFL295,Russian Federation,19.9879,92.646,10972.8,258.48,305.11,0
2217,2026-09-13 12:41:15,899040,EVA068,Taiwan,16.0733,96.2689,10668.0,243.42,117.16,0
2218,2026-09-13 12:41:15,899035,EVA067,Taiwan,18.5508,94.7666,9144.0,273.7,304.59,0
2219,2026-09-13 12:41:15,406f79,BAW15,United Kingdom,15.8165,90.3013,11887.2,240.66,143.08,0
2220,2026-09-13 12:41:15,394a04,AFR256,France,16.8628,87.0122,10058.4,252.39,153.75,0
2221,2026-09-13 12:41:15,04022a,ETH3482,Ethiopia,22.4473,90.2386,12496.8,231.82,97.27,0
2222,2026-09-13 12:41:15,8990a5,CAL5663,Taiwan,24.7576,85.2503,10363.2,262.1,297.72,0
2223,2026-09-13 12:41:15,06a30b,QTR8957,Qatar,23.1713,73.2229,10363.2,262.66,265.51,0
2224,2026-09-13 12:41:15,4ba94e,THY54,Turkey,17.5448,96.2062,10668.0,243.64,126.85,0
2225,2026-09-13 12:41:15,4ba948,THY68,Turkey,17.521,96.0032,10058.4,240.75,132.14,0
2226,2026-09-13 12:41:15,040255,ETH445,Ethiopia,27.5312,76.6059,8282.94,226.48,212.57,0
2227,2026-09-13 12:41:15,aba7d9,FDX5603,United States,25.4549,79.6551,11277.6,242.36,131.47,0
2228,2026-09-13 12:41:15,78066c,CES2031,China,18.9354,96.8622,10363.2,227.29,197.66,0
2229,2026-09-13 12:41:15,39cf11,AFR199,France,24.2092,84.7197,11582.4,262.88,306.65,0
2230,2026-09-13 12:41:15,70412b,UBA5088,Myanmar,24.4559,95.7561,5181.6,126.86,176.05,0
2231,2026-09-13 12:41:15,801407,AXB1264,India,28.5352,76.6525,2880.36,124.43,310.47,0
2232,2026-09-13 12:41:15,801409,AIC5TV,India,28.8265,77.1437,3048.0,150.75,270.78,0
2233,2026-09-13 12:41:15,801414,IGO7064,India,17.473,82.8781,4861.56,152.83,59.9,0
2234,2026-09-13 12:41:15,801415,IGO7443,India,28.2188,75.4807,4572.0,122.46,88.8,0
2235,2026-09-13 12:41:15,80142a,IGO6391,India,11.7108,76.1573,8176.26,220.47,166.09,0
2236,2026-09-13 12:41:15,80143a,AIC4KU,India,15.3862,73.8601,160.02,68.2,258.69,0
2237,2026-09-13 12:41:15,801454,IGO211,India,11.9821,75.3819,10248.9,245.25,333.33,0
2238,2026-09-13 12:41:15,801422,IGO1632,India,22.5039,89.7498,7330.44,224.99,277.09,0
2239,2026-09-13 12:41:15,80140e,AXB194,India,22.8734,69.238,11285.22,230.47,93.84,0
2240,2026-09-13 12:41:15,80141d,AIC2KJ,India,13.4771,90.8695,10972.8,242.53,309.84,0
2241,2026-09-13 12:41:15,80141c,IGO403K,India,19.6593,81.5173,10972.8,250.11,218.4,0
2242,2026-09-13 12:41:15,801432,IGO515,India,13.2227,80.0164,3611.88,149.51,341.75,0
2243,2026-09-13 12:41:15,801435,AXB904,India,13.2713,94.9668,11277.6,218.68,133.76,0
2244,2026-09-13 12:41:15,504e27,ATG8816,Republic of Moldova,27.0348,85.0158,4594.86,158.1,301.16,0
2245,2026-09-13 12:41:15,801467,VTHLU,India,18.9413,71.9132,480.06,73.87,43.59,0
2246,2026-09-13 12:41:15,80148f,IGO162P,India,19.2501,83.5815,11285.22,218.03,37.33,0
2247,2026-09-13 12:41:15,06a1e9,QTR8977,Qatar,22.6754,71.2567,10363.2,260.89,278.16,0
2248,2026-09-13 12:41:15,801523,IGO2040,India,8.4541,76.9473,182.88,63.69,316.64,0
2249,2026-09-13 12:41:15,801527,IGO6518,India,13.2887,80.5975,5996.94,195.1,63.71,0
2250,2026-09-13 12:41:15,801536,IGO2137,India,31.0968,77.2603,11277.6,248.9,114.29,0
2251,2026-09-13 12:41:15,8850b7,THA324,Thailand,28.3042,77.5914,3909.06,177.7,118.35,0
2252,2026-09-13 12:41:15,801506,IGO735C,India,27.1283,80.4091,9144.0,213.16,310.3,0
2253,2026-09-13 12:41:15,801508,AKJ1406,India,28.2878,78.6507,7772.4,232.14,292.13,0
2254,2026-09-13 12:41:15,80154d,IGO235,India,18.0206,83.34,11590.02,254.23,260.21,0
2255,2026-09-13 12:41:15,06a13c,QTR928,Qatar,22.9459,68.5855,9448.8,252.58,93.62,0
2256,2026-09-13 12:41:15,06a13d,QTR8H,Qatar,30.065,72.181,10363.2,246.63,232.63,0
2257,2026-09-13 12:41:15,801562,IGO6551,India,28.5669,77.1149,,0.77,281.25,1
2258,2026-09-13 12:41:15,801569,IGO6737,India,21.8675,83.6866,10972.8,244.23,313.04,0
2259,2026-09-13 12:41:15,801560,IGO1253,India,27.0222,80.3006,11269.98,233.98,116.23,0
2260,2026-09-13 12:41:15,80155b,IGO32Y,India,22.9578,68.3691,10668.0,232.53,90.38,0
2261,2026-09-13 12:41:15,801573,IGO1FD,India,18.9489,72.881,3048.0,116.52,132.49,0
2262,2026-09-13 12:41:15,801539,AKJ6514,India,15.8186,73.7906,12192.0,233.7,345.6,0
2263,2026-09-13 12:41:15,801551,IGO751T,India,22.6419,88.4407,30.48,1.03,281.25,1
2264,2026-09-13 12:41:15,80156a,IGO6428,India,9.1897,76.8852,5836.92,200.24,4.57,0
2265,2026-09-13 12:41:15,801581,IGO931P,India,19.626,81.4283,11590.02,245.81,216.32,0
2266,2026-09-13 12:41:15,80157c,,India,28.5583,77.1155,,7.72,106.88,1
2267,2026-09-13 12:41:15,801597,AIC2146,India,25.6722,78.2769,10370.82,245.46,328.54,0
2268,2026-09-13 12:41:15,06a0b6,QTR650,Qatar,26.4292,77.5934,11879.58,248.85,82.87,0
2269,2026-09-13 12:41:15,680001,DRK541,Bhutan,15.6802,96.9355,10972.8,239.44,346.2,0
2270,2026-09-13 12:41:15,68000a,BTN773,Bhutan,27.9961,79.631,11590.02,232.6,290.32,0
2271,2026-09-13 12:41:15,8013cc,AIC237,India,26.4753,82.184,11269.98,230.08,107.3,0
2272,2026-09-13 12:41:15,8013b1,AIC8WV,India,32.2316,75.6154,11582.4,238.11,356.53,0
2273,2026-09-13 12:41:15,88516b,THA922,Thailand,20.8635,91.3069,9144.0,270.68,304.23,0
2274,2026-09-13 12:41:15,8013e3,IGO7925,India,24.758,87.6585,3962.4,130.22,153.23,0
2275,2026-09-13 12:41:15,800db0,AXB1036,India,27.4499,81.2847,10972.8,234.65,290.94,0
2276,2026-09-13 12:41:15,7c4926,QFA2,Australia,10.5852,95.8158,11887.2,243.88,120.13,0
2277,2026-09-13 12:41:15,896c6c,UAF1351,United Arab Emirates,15.1741,93.748,11277.6,227.85,103.31,0
2278,2026-09-13 12:41:15,aab841,CKS704,United States,22.6613,94.9192,9144.0,265.2,262.42,0
2279,2026-09-13 12:41:15,151dc2,AFL297,Russian Federation,18.3345,87.7841,11582.4,255.8,316.39,0
2280,2026-09-13 12:41:15,151db5,AFL285,Russian Federation,27.4604,77.2692,10363.2,257.8,318.96,0
2281,2026-09-13 12:41:15,aa8b77,N779LG,United States,11.0954,95.0528,10668.0,236.13,128.54,0
2282,2026-09-13 12:41:15,4007ec,BAW2231,United Kingdom,19.2134,91.5949,11277.6,235.94,127.47,0
2283,2026-09-13 12:41:15,76099a,PIA217,Pakistan,31.7887,69.6742,10980.42,214.26,224.9,0
2284,2026-09-13 12:41:15,7608f9,PIA713,Pakistan,31.5557,69.7474,11582.4,233.95,228.39,0
2285,2026-09-13 12:41:15,abda7d,FDX5080,United States,22.5759,89.1129,9448.8,239.54,97.16,0
2286,2026-09-13 12:41:15,770453,ALK166,Sri Lanka,9.2569,77.3676,7620.0,206.16,128.41,0
2287,2026-09-13 12:41:15,78112e,CSC3902,China,24.905,89.8386,10058.4,224.88,123.14,0
2288,2026-09-13 12:41:15,ab9e12,FDX5379,United States,28.6378,76.6558,1280.16,94.21,103.58,0
2289,2026-09-13 12:41:15,70605b,KAC412,Kuwait,17.6736,90.6063,10363.2,260.53,301.02,0
2290,2026-09-13 12:41:15,78007e,CAO1099,China,28.613,76.7726,815.34,94.71,103.51,0
2291,2026-09-13 12:41:15,4851f6,KLM844,Kingdom of the Netherlands,22.7816,88.1828,9753.6,274.76,286.53,0
2292,2026-09-13 12:41:15,14fa3b,RSD900,Russian Federation,28.2344,77.7229,2407.92,138.23,280.72,0
2293,2026-09-13 12:41:15,8880e0,HVN55,Viet Nam,25.0608,83.7339,10972.8,262.05,296.46,0
2294,2026-09-13 12:41:15,4d0105,CLX7956,Luxembourg,26.1487,75.0008,11277.6,250.55,123.53,0
2295,2026-09-13 12:41:15,507c98,MFX530,Uzbekistan,27.5678,80.0596,9761.22,243.13,316.89,0
2296,2026-09-13 12:41:15,76cdb4,SIA337,Singapore,10.2478,92.7704,11887.2,234.86,139.09,0
2297,2026-09-13 12:41:15,8966ef,UAE9710,United Arab Emirates,13.1891,77.7656,1097.28,83.34,270.35,0
2298,2026-09-13 12:41:15,3951c1,AFR6727,France,22.8285,71.8956,9144.0,262.68,326.34,0
2299,2026-09-13 12:41:15,010206,MSR974,Egypt,28.5197,77.1848,1325.88,103.44,190.02,0
2300,2026-09-13 12:41:15,60182b,TUA695,Turkmenistan,22.5607,89.2449,11277.6,216.06,96.84,0
2301,2026-09-13 12:41:15,76cef9,SIA321,Singapore,18.4737,87.5794,10668.0,252.63,127.8,0
2302,2026-09-13 12:41:15,507c5f,UZB562,Uzbekistan,21.9016,89.6616,9745.98,248.98,303.62,0
2303,2026-09-13 12:41:15,76ceed,SIA318,Singapore,11.6249,92.2422,9144.0,263.59,317.37,0
2304,2026-09-13 12:41:15,750592,MAS103,Malaysia,20.7342,93.0786,10195.56,229.86,152.69,0
2305,2026-09-13 12:41:15,750548,XAX600,Malaysia,10.6609,93.6085,10904.22,257.57,319.37,0
2306,2026-09-13 12:41:15,8a0a13,UBG149,Indonesia,22.3134,91.7691,5181.6,146.98,135.85,0
2307,2026-09-13 12:41:15,780fc4,CSN6068,China,24.7314,90.6392,10668.0,224.93,114.45,0
2308,2026-09-13 12:41:15,76bcc1,TGW751,Singapore,23.8553,85.0817,12496.8,245.6,126.65,0
2309,2026-09-13 12:41:15,4d23c4,GTR1576,Malta,24.375,91.1087,5173.98,187.88,229.33,0
2310,2026-09-13 12:41:15,39b221,CMA731,France,24.5476,81.6354,10363.2,263.96,279.54,0
2311,2026-09-13 12:41:15,4cade1,KZR908,Ireland,31.4974,74.4219,9151.62,226.59,320.53,0
2312,2026-09-13 12:41:15,800b14,IGO6175,India,25.8953,86.5963,4434.84,207.38,104.66,0
2313,2026-09-13 12:41:15,3c4590,BOX533,Germany,13.3511,77.554,2552.7,154.76,340.18,0
2314,2026-09-13 12:41:15,3c4594,BOX539,Germany,31.4137,74.2101,9753.6,238.04,282.35,0
2315,2026-09-13 12:41:15,800c09,LLR506,India,10.2891,76.2516,2400.3,137.6,93.43,0
2316,2026-09-13 12:41:15,800c43,AIC2332,India,23.8731,85.0412,10668.0,226.87,126.61,0
2317,2026-09-13 12:41:15,800c42,AIC4NC,India,24.8483,81.5926,11277.6,226.33,76.06,0
2318,2026-09-13 12:41:15,800c6e,IGO7037,India,15.4884,74.0014,2209.8,131.77,119.47,0
2319,2026-09-13 12:41:15,800c88,AIC1HL,India,30.5154,77.5731,9601.2,220.17,206.51,0
2320,2026-09-13 12:41:15,800c64,AIC3TB,India,25.7925,74.9235,10363.2,244.08,218.75,0
2321,2026-09-13 12:41:15,a7d2b2,C04345,United States,23.5636,90.3921,253.59,66.22,9.39,0
2322,2026-09-13 12:41:15,71004b,SVA770,Saudi Arabia,20.1487,69.066,11894.82,228.74,132.08,0
2323,2026-09-13 12:41:15,4cac16,KZR932,Ireland,29.7134,74.9172,10370.82,238.03,349.54,0
2324,2026-09-13 12:41:15,4cac10,KZR564,Ireland,27.894,79.7758,10370.82,243.09,318.52,0
2325,2026-09-13 12:41:15,710050,SVA755,Saudi Arabia,19.294,72.0571,11582.4,255.9,288.76,0
2326,2026-09-13 12:41:15,800d0f,IGO71AT,India,23.9202,91.5836,11582.4,228.18,221.34,0
2327,2026-09-13 12:41:15,800d03,SEJ2951,India,29.4185,77.1123,4617.72,152.96,199.65,0
2328,2026-09-13 12:41:15,800d2d,IGO6447,India,28.77,76.6564,2133.6,116.39,290.44,0
2329,2026-09-13 12:41:15,39d2af,AFR253,France,28.4663,77.1172,11582.4,250.14,271.77,0
2330,2026-09-13 12:41:15,4b1920,SWR181,Switzerland,19.8869,92.7927,9144.0,273.61,305.12,0
2331,2026-09-13 12:41:15,4d2012,SVA798,Malta,23.1326,84.2366,11277.6,234.71,91.88,0
2332,2026-09-13 12:41:15,800ce0,IGO7918,India,12.2554,77.9543,4572.0,119.24,4.7,0
2333,2026-09-13 12:41:15,800cb9,AIC2DP,India,14.2118,80.1218,7688.58,203.63,159.6,0
2334,2026-09-13 12:46:17,801645,AIC4WL,India,27.4933,76.4197,3352.8,161.96,216.21,0
2335,2026-09-13 12:46:17,801643,AXB2648,India,12.9139,80.9456,11277.6,235.11,95.4,0
2336,2026-09-13 12:46:17,80163c,IGO331,India,27.1248,79.706,8534.4,215.19,355.48,0
2337,2026-09-13 12:46:17,80160a,IGO539T,India,20.1273,83.5367,11879.58,219.42,15.5,0
2338,2026-09-13 12:46:17,801616,IGO311F,India,24.175,88.5921,7490.46,200.71,178.38,0
2339,2026-09-13 12:46:17,801615,AXB1510,India,25.6454,84.6457,1935.48,94.71,162.94,0
2340,2026-09-13 12:46:17,801621,IGO83FK,India,29.696,76.8965,10218.42,216.51,152.7,0
2341,2026-09-13 12:46:17,801632,AKJ1814,India,21.6919,73.158,11277.6,221.17,19.99,0
2342,2026-09-13 12:46:17,801685,AXB1561,India,26.5375,84.4543,10058.4,229.71,97.2,0
2343,2026-09-13 12:46:17,80167b,,India,21.6254,82.4693,11590.02,248.06,260.09,0
2344,2026-09-13 12:46:17,80164b,IGO6429,India,32.4833,77.671,11277.6,252.47,20.39,0
2345,2026-09-13 12:46:17,80164e,AIC3GN,India,25.4011,75.3698,11582.4,239.28,207.12,0
2346,2026-09-13 12:46:17,80164c,IGO2449,India,28.5612,77.0881,,1.54,154.69,1
2347,2026-09-13 12:46:17,801659,AIC106,India,28.5491,77.0731,266.7,66.25,103.93,0
2348,2026-09-13 12:46:17,801663,IGO371F,India,14.66,77.926,10980.42,229.59,13.48,0
2349,2026-09-13 12:46:17,80165c,AXB411,India,15.0136,73.3897,10972.8,246.81,311.2,0
2350,2026-09-13 12:46:17,80168a,AXB1524,India,23.9004,91.3229,1699.26,107.18,3.3,0
2351,2026-09-13 12:46:17,50040a,EJO1X,San Marino,19.2832,72.8243,3619.5,162.37,19.24,0
2352,2026-09-13 12:46:17,8014a3,,India,28.5667,77.1159,,1.03,298.12,1
2353,2026-09-13 12:46:17,8014e4,IGO6747,India,17.9262,81.4718,10972.8,252.68,242.08,0
2354,2026-09-13 12:46:17,8014e5,IGO364F,India,26.7137,83.4285,1684.02,106.81,13.37,0
2355,2026-09-13 12:46:17,8014dc,IGO1427,India,29.6553,74.7685,9776.46,229.77,216.07,0
2356,2026-09-13 12:46:17,8014df,IGO452Y,India,19.0891,72.8924,137.16,65.34,269.1,0
2357,2026-09-13 12:46:17,8014f4,IGO9302,India,23.8494,90.393,38.1,55.56,143.66,0
2358,2026-09-13 12:46:17,8014f8,AKJ797G,India,25.923,86.9096,8458.2,201.28,78.95,0
2359,2026-09-13 12:46:17,8014f2,AKJ2004,India,13.1179,75.457,11277.6,230.99,153.83,0
2360,2026-09-13 12:46:17,8014bd,IGO6029,India,13.2655,77.8802,1699.26,91.64,177.75,0
2361,2026-09-13 12:46:17,8014d3,IGO54N,India,13.672,79.9422,11590.02,234.75,177.86,0
2362,2026-09-13 12:46:17,801600,AIC11E,India,28.6365,76.6616,815.34,99.95,103.39,0
2363,2026-09-13 12:46:17,801605,AXB1617,India,28.3966,77.4366,4152.9,130.29,130.36,0
2364,2026-09-13 12:46:17,801606,AXB1216,India,18.2977,83.1343,10972.8,252.39,242.96,0
2365,2026-09-13 12:46:17,801603,AIC2QW,India,28.5623,77.1064,281.94,79.6,104.22,0
2366,2026-09-13 12:46:17,801613,AXB1832,India,13.0346,80.2876,594.36,73.4,249.91,0
2367,2026-09-13 12:46:17,80174a,IGO246F,India,22.6412,88.4412,30.48,0.0,5.62,1
2368,2026-09-13 12:46:17,801778,IGO36AK,India,25.0521,85.2931,10980.42,247.75,294.28,0
2369,2026-09-13 12:46:17,80172c,IGO37WF,India,19.0917,72.8541,,0.51,0.0,1
2370,2026-09-13 12:46:17,801736,IGO196,India,11.67,77.0394,8221.98,212.13,27.12,0
2371,2026-09-13 12:46:17,801741,IGO342T,India,28.8239,76.5679,2019.3,113.44,200.16,0
2372,2026-09-13 12:46:17,801742,IGO31VD,India,28.2833,77.728,5364.48,179.94,119.64,0
2373,2026-09-13 12:46:17,80172d,IGO2009,India,26.951,77.7001,8221.98,221.92,338.37,0
2374,2026-09-13 12:46:17,80172e,IGO971P,India,19.842,82.923,10972.8,253.17,235.18,0
2375,2026-09-13 12:46:17,80173b,OAH102,India,9.7453,77.995,11277.6,224.09,44.63,0
2376,2026-09-13 12:46:17,801746,IGO6396,India,16.3029,89.6198,10988.04,231.6,328.53,0
2377,2026-09-13 12:46:17,801752,IGO5316,India,24.0248,73.7195,11285.22,235.07,13.67,0
2378,2026-09-13 12:46:17,80177e,IGO1064,India,22.0776,86.9022,10363.2,247.54,312.81,0
2379,2026-09-13 12:46:17,800462,AIC114,India,27.8209,75.7411,7033.26,201.37,34.91,0
2380,2026-09-13 12:46:17,801799,,India,15.7187,73.8811,3436.62,160.01,90.92,0
2381,2026-09-13 12:46:17,801792,IGO324E,India,27.4409,76.8139,8244.84,211.67,191.64,0
2382,2026-09-13 12:46:17,8016a3,IGO59P,India,21.9903,87.928,10660.38,215.41,17.66,0
2383,2026-09-13 12:46:17,8016a4,IGO6692,India,25.5775,75.4277,10363.2,241.43,235.77,0
2384,2026-09-13 12:46:17,8015c7,IGO447,India,12.8671,79.9523,3230.88,131.69,225.32,0
2385,2026-09-13 12:46:17,8015a4,IGO5365,India,28.0627,77.5158,4945.38,211.64,143.1,0
2386,2026-09-13 12:46:17,8015ad,IGO664E,India,17.4751,84.4478,10668.0,227.7,36.46,0
2387,2026-09-13 12:46:17,8015fc,IGO2516,India,23.9343,91.4885,9715.5,250.44,256.82,0
2388,2026-09-13 12:46:17,8002cb,VUAVS,India,28.5357,77.2942,2194.56,125.36,110.67,0
2389,2026-09-13 12:46:17,8002ce,IFC1,India,27.1664,77.2846,7056.12,209.42,358.87,0
2390,2026-09-13 12:46:17,8015e3,IGO5198,India,31.8902,75.924,11277.6,240.95,148.89,0
2391,2026-09-13 12:46:17,8015e6,IGO461W,India,26.1664,91.3885,11285.22,229.99,133.37,0
2392,2026-09-13 12:46:17,8015f7,AIC9HA,India,23.5534,73.8897,11887.2,246.27,20.29,0
2393,2026-09-13 12:46:17,70203f,BBC136,Bangladesh,22.792,91.345,4876.8,210.32,319.96,0
2394,2026-09-13 12:46:17,70204b,BBC340,Bangladesh,22.9008,69.0043,10058.4,242.38,95.48,0
2395,2026-09-13 12:46:17,801723,IGO6109,India,27.7619,74.4627,10370.82,235.28,191.6,0
2396,2026-09-13 12:46:17,80171a,IGO376,India,19.7232,82.1753,10675.62,228.94,43.09,0
2397,2026-09-13 12:46:17,801726,IGO28AV,India,25.9731,82.232,6736.08,208.75,303.34,0
2398,2026-09-13 12:46:17,801883,IGO1494,India,17.6627,90.3416,11590.02,236.86,313.86,0
2399,2026-09-13 12:46:17,80187a,IGO5192,India,27.5861,79.6206,8534.4,229.51,311.91,0
2400,2026-09-13 12:46:17,80184b,IGO12HC,India,13.8266,77.7369,9753.6,238.36,17.46,0
2401,2026-09-13 12:46:17,801864,IGO2401,India,28.6078,76.7973,1112.52,98.33,103.31,0
2402,2026-09-13 12:46:17,800584,AIC186,India,23.7601,91.8863,10972.8,256.01,282.42,0
2403,2026-09-13 12:46:17,70209b,BBC355,Bangladesh,26.4444,82.0756,11582.4,255.84,286.83,0
2404,2026-09-13 12:46:17,70a8e7,SHA435,Nepal,27.9196,83.9169,5638.8,162.02,276.38,0
2405,2026-09-13 12:46:17,70a8e9,,Nepal,27.3543,86.0868,4632.96,105.99,307.7,0
2406,2026-09-13 12:46:17,8017a1,AXB46K,India,20.902,85.6806,10972.8,250.87,232.33,0
2407,2026-09-13 12:46:17,8016e0,IGO2588,India,26.3688,81.6312,9753.6,208.04,300.62,0
2408,2026-09-13 12:46:17,8016da,IGO253H,India,25.1772,85.5761,6195.06,192.51,136.62,0
2409,2026-09-13 12:46:17,8016dd,IGO874,India,26.4341,83.5479,10972.8,239.01,300.82,0
2410,2026-09-13 12:46:17,8016bc,IGO521C,India,23.0226,88.9646,3764.28,161.93,259.01,0
2411,2026-09-13 12:46:17,8016ba,IGO535,India,25.7365,84.1952,9243.06,226.71,73.25,0
2412,2026-09-13 12:46:17,8016c8,AXB82H,India,13.3783,77.5732,2865.12,142.63,14.84,0
2413,2026-09-13 12:46:17,8016ca,AXB2932,India,24.9968,89.5562,10088.88,245.46,237.41,0
2414,2026-09-13 12:46:17,704729,MMA782,Myanmar,22.2634,94.4415,5135.88,104.45,161.03,0
2415,2026-09-13 12:46:17,801800,IGO2487,India,28.5646,77.0909,,0.06,348.75,1
2416,2026-09-13 12:46:17,801811,AKJ1146,India,12.893,80.7925,2956.56,142.55,294.07,0
2417,2026-09-13 12:46:17,80182a,IGO573Y,India,22.1041,83.6625,10965.18,244.77,219.71,0
2418,2026-09-13 12:46:17,80182f,IGO5069,India,18.9296,73.2013,2743.2,137.15,50.94,0
2419,2026-09-13 12:46:17,80182d,IGO2025,India,25.7107,85.0207,2346.96,149.87,260.12,0
2420,2026-09-13 12:46:17,80183a,IGO927T,India,10.7566,77.4602,7048.5,188.08,241.4,0
2421,2026-09-13 12:46:17,801819,IGO175,India,27.4001,77.2949,5981.7,197.18,357.76,0
2422,2026-09-13 12:46:17,801816,IGO769V,India,28.5554,77.1136,,14.4,14.06,1
2423,2026-09-13 12:46:17,80180b,IGO1013,India,10.7943,95.4709,10058.4,234.3,130.37,0
2424,2026-09-13 12:46:17,80180e,IGO671W,India,28.5489,77.0737,259.08,69.75,103.22,0
2425,2026-09-13 12:46:17,801828,IGO1510,India,17.0962,85.5931,11582.4,250.9,277.07,0
2426,2026-09-13 12:46:17,70a9f1,NYT784,Nepal,26.9774,86.4955,3764.28,130.91,293.14,0
2427,2026-09-13 12:46:17,452181,ADZ4301,Bulgaria,22.8849,86.4912,10378.44,276.43,274.06,0
2428,2026-09-13 12:46:17,70a9b1,BHA554,Nepal,27.6029,85.3211,1828.8,85.52,66.98,0
2429,2026-09-13 12:46:17,800694,CG3,India,21.5226,88.2631,2133.6,77.47,329.69,0
2430,2026-09-13 12:46:17,8018b0,AIC188,India,23.6246,71.8281,11887.2,248.08,62.05,0
2431,2026-09-13 12:46:17,8018b7,IGO078,India,13.4006,77.7224,2872.74,156.92,117.32,0
2432,2026-09-13 12:46:17,8018e0,IGO6097,India,22.6474,88.4448,22.86,60.51,185.86,0
2433,2026-09-13 12:46:17,8018cf,IGO6010,India,31.2998,75.3204,9753.6,241.04,15.73,0
2434,2026-09-13 12:46:17,7020a2,UBG535,Bangladesh,23.787,90.4928,906.78,84.35,75.88,0
2435,2026-09-13 12:46:17,7020ae,AWA474,Bangladesh,23.8534,90.3974,,0.0,233.44,1
2436,2026-09-13 12:46:17,7020bc,AWA444,Bangladesh,23.9303,90.4071,1729.74,118.73,323.28,0
2437,2026-09-13 12:46:17,7020c8,AWA448,Bangladesh,23.8541,90.3968,,0.0,236.25,1
2438,2026-09-13 12:46:17,7020c5,S2AFH,Bangladesh,24.2546,89.1714,1866.9,51.74,289.16,0
2439,2026-09-13 12:46:17,8004d5,AIC1SS,India,27.9184,76.788,6736.08,189.25,211.1,0
2440,2026-09-13 12:46:17,8004dd,AIC113,India,28.4302,77.1229,1181.1,144.24,194.04,0
2441,2026-09-13 12:46:17,8017e4,IGO362H,India,19.2957,72.7828,3436.62,156.34,6.42,0
2442,2026-09-13 12:46:17,8004c4,VTAGP,India,12.9467,77.598,1882.14,105.98,269.72,0
2443,2026-09-13 12:46:17,80190c,IGO2299,India,28.5616,77.0888,,7.46,104.06,1
2444,2026-09-13 12:46:17,80191a,IGO6676,India,28.3311,77.1381,2857.5,154.67,208.18,0
2445,2026-09-13 12:46:17,801910,IGO950H,India,12.6404,76.0714,9837.42,242.14,324.25,0
2446,2026-09-13 12:46:17,8005f0,AIC132,India,14.0475,75.6086,12489.18,233.38,118.15,0
2447,2026-09-13 12:46:17,8005e7,,India,12.9527,77.6642,,0.0,270.0,1
2448,2026-09-13 12:46:17,4bb0e9,THY48L,Turkey,13.7357,76.2302,11582.4,257.59,298.51,0
2449,2026-09-13 12:46:17,800735,AIC352,India,26.4891,82.031,11879.58,251.41,107.14,0
2450,2026-09-13 12:46:17,8963e0,UAE370,United Arab Emirates,21.3278,68.3546,10668.0,247.31,102.13,0
2451,2026-09-13 12:46:17,4bb189,THY299,Turkey,31.4214,71.9659,10972.8,237.77,298.28,0
2452,2026-09-13 12:46:17,4bb185,THY125,Turkey,27.3821,80.2433,11582.4,250.88,318.99,0
2453,2026-09-13 12:46:17,8007b2,IGO6749,India,22.6562,88.4448,,1.29,92.81,1
2454,2026-09-13 12:46:17,896523,UAE1DP,United Arab Emirates,12.5851,80.5081,12192.0,249.05,309.97,0
2455,2026-09-13 12:46:17,896502,ADY044,United Arab Emirates,23.2251,71.6806,10988.04,240.25,242.17,0
2456,2026-09-13 12:46:17,4bb196,THY65,Turkey,25.6908,83.0846,11574.78,256.73,298.88,0
2457,2026-09-13 12:46:17,4bb18a,THY171,Turkey,31.6595,71.8779,10363.2,243.15,300.8,0
2458,2026-09-13 12:46:17,4bb101,THY49A,Turkey,12.2063,94.0463,11887.2,238.66,135.87,0
2459,2026-09-13 12:46:17,8008d2,FLW ME 3,India,22.6612,88.4483,,9.26,2.81,1
2460,2026-09-13 12:46:17,896643,FDB539,United Arab Emirates,28.2036,74.3187,10668.0,244.63,85.42,0
2461,2026-09-13 12:46:17,896664,FDB564,United Arab Emirates,22.8862,70.5678,10972.8,245.4,269.52,0
2462,2026-09-13 12:46:17,896616,UAE9865,United Arab Emirates,17.569,84.0118,13106.4,253.22,286.89,0
2463,2026-09-13 12:46:17,ac3857,FDX5384,United States,29.3195,75.0725,8983.98,262.7,124.47,0
2464,2026-09-13 12:46:17,896597,ETD406,United Arab Emirates,21.0541,69.0078,10058.4,259.08,114.02,0
2465,2026-09-13 12:46:17,461f4d,FIN131,Finland,16.3999,89.7771,12496.8,248.46,135.25,0
2466,2026-09-13 12:46:17,89653e,ETD446,United Arab Emirates,22.7913,70.4459,10058.4,262.19,96.87,0
2467,2026-09-13 12:46:17,507cb3,MFX5538,Uzbekistan,24.8748,85.1418,9761.22,248.48,297.1,0
2468,2026-09-13 12:46:17,75026b,XAX604,Malaysia,26.897,73.4927,11582.4,247.94,298.64,0
2469,2026-09-13 12:46:17,8965f6,ABY514,United Arab Emirates,24.3609,71.506,11285.22,231.27,58.18,0
2470,2026-09-13 12:46:17,781efb,CSS164,China,23.3379,95.9194,10668.0,245.97,88.68,0
2471,2026-09-13 12:46:17,896717,ABY824,United Arab Emirates,17.3097,84.9125,10980.42,245.39,287.07,0
2472,2026-09-13 12:46:17,896682,UAE386,United Arab Emirates,24.1225,68.2632,11887.2,245.4,90.6,0
2473,2026-09-13 12:46:17,781fda,CBJ654,China,13.4022,80.5062,5097.78,202.07,36.93,0
2474,2026-09-13 12:46:17,780d2c,CCA011,China,27.1253,80.0671,10668.0,249.86,116.14,0
2475,2026-09-13 12:46:17,76cd75,SIA326,Singapore,12.7635,91.6793,10363.2,268.02,312.36,0
2476,2026-09-13 12:46:17,15203a,AFL295,Russian Federation,20.3923,92.0358,10972.8,258.6,304.95,0
2477,2026-09-13 12:46:17,899040,EVA068,Taiwan,15.7709,96.8763,10668.0,243.2,117.32,0
2478,2026-09-13 12:46:17,899035,EVA067,Taiwan,18.9846,94.1332,9144.0,272.1,305.61,0
2479,2026-09-13 12:46:17,406f79,BAW15,United Kingdom,15.307,90.7294,11879.58,240.67,131.01,0
2480,2026-09-13 12:46:17,394a04,AFR256,France,16.8263,87.0307,10058.4,253.1,154.22,0
2481,2026-09-13 12:46:17,04022a,ETH3482,Ethiopia,22.3667,90.9138,12496.8,233.99,97.45,0
2482,2026-09-13 12:46:17,8990a5,CAL5663,Taiwan,25.088,84.5599,10363.2,262.32,297.57,0
2483,2026-09-13 12:46:17,06a30b,QTR8957,Qatar,23.1218,72.5573,10363.2,262.74,265.28,0
2484,2026-09-13 12:46:17,06a2e1,QTR8433,Qatar,23.0756,72.9407,9753.6,264.33,266.76,0
2485,2026-09-13 12:46:17,4ba94e,THY54,Turkey,17.1458,96.7536,10668.0,242.12,127.58,0
2486,2026-09-13 12:46:17,4ba948,THY68,Turkey,17.7398,96.8547,10058.4,237.46,132.19,0
2487,2026-09-13 12:46:17,040255,ETH445,Ethiopia,26.9913,76.2205,9867.9,244.47,212.45,0
2488,2026-09-13 12:46:17,78066c,CES2031,China,18.432,96.7022,7741.92,383.41,135.11,0
2489,2026-09-13 12:46:17,47c98d,IGO56K,Norway,19.108,72.5808,2026.92,144.8,278.99,0
2490,2026-09-13 12:46:17,abcf58,FDX5460,United States,18.9218,73.0097,3566.16,150.86,87.65,0
2491,2026-09-13 12:46:17,39cf11,AFR199,France,24.6323,84.0955,11582.4,260.83,306.42,0
2492,2026-09-13 12:46:17,70412b,UBA5088,Myanmar,24.1101,95.7818,5181.6,127.33,176.29,0
2493,2026-09-13 12:46:17,80139b,AIC2119,India,25.3422,78.8429,10980.42,241.32,304.84,0
2494,2026-09-13 12:46:17,801407,AXB1264,India,28.6307,76.4794,1836.42,96.47,74.85,0
2495,2026-09-13 12:46:17,801409,AIC5TV,India,28.8335,76.7865,2232.66,114.84,272.57,0
2496,2026-09-13 12:46:17,801414,IGO7064,India,17.6691,83.2416,3025.14,133.91,62.55,0
2497,2026-09-13 12:46:17,801415,IGO7443,India,28.2744,75.8554,4351.02,135.4,78.6,0
2498,2026-09-13 12:46:17,801454,IGO211,India,12.4243,75.1561,10972.8,238.81,333.38,0
2499,2026-09-13 12:46:17,801422,IGO1632,India,22.5708,89.1535,4876.8,196.23,276.47,0
2500,2026-09-13 12:46:17,80140e,AXB194,India,22.8495,69.8139,11277.6,229.29,84.98,0
2501,2026-09-13 12:46:17,80141d,AIC2KJ,India,13.8163,90.4529,10965.18,242.92,309.76,0
2502,2026-09-13 12:46:17,801432,IGO515,India,13.6453,79.8735,7078.98,176.67,341.67,0
2503,2026-09-13 12:46:17,801435,AXB904,India,12.8554,95.4095,11277.6,219.4,133.76,0
2504,2026-09-13 12:46:17,504e27,ATG8816,Republic of Moldova,27.3419,85.174,3764.28,140.44,36.66,0
2505,2026-09-13 12:46:17,801467,VTHLU,India,18.9413,71.9132,480.06,73.87,43.59,0
2506,2026-09-13 12:46:17,80148f,IGO162P,India,19.7194,83.959,11269.98,215.46,37.34,0
2507,2026-09-13 12:46:17,06a1e9,QTR8977,Qatar,22.7619,70.6031,10363.2,262.42,278.11,0
2508,2026-09-13 12:46:17,801527,IGO6518,India,13.539,81.1151,8382.0,220.18,63.79,0
2509,2026-09-13 12:46:17,801536,IGO2137,India,30.6652,77.604,8702.04,206.53,191.06,0
2510,2026-09-13 12:46:17,8850b7,THA324,Thailand,28.0473,78.1267,6156.96,214.32,118.53,0
2511,2026-09-13 12:46:17,801502,IGO261,India,15.3874,74.1027,1219.2,97.81,295.22,0
2512,2026-09-13 12:46:17,801506,IGO735C,India,27.5039,79.9106,9144.0,212.56,309.89,0
2513,2026-09-13 12:46:17,801508,AKJ1406,India,28.5071,78.0325,5410.2,193.55,291.52,0
2514,2026-09-13 12:46:17,80154d,IGO235,India,17.7626,82.6995,11582.4,254.76,232.71,0
2515,2026-09-13 12:46:17,06a13c,QTR928,Qatar,22.9076,69.2231,9448.8,253.16,93.85,0
2516,2026-09-13 12:46:17,06a13d,QTR8H,Qatar,29.6868,71.6154,10363.2,248.7,232.4,0
2517,2026-09-13 12:46:17,801562,IGO6551,India,28.5687,77.0997,,10.8,272.81,1
2518,2026-09-13 12:46:17,801560,IGO1253,India,26.882,80.9701,11269.98,233.46,86.59,0
2519,2026-09-13 12:46:17,80155b,IGO32Y,India,22.9241,68.9542,10660.38,234.03,93.65,0
2520,2026-09-13 12:46:17,801573,IGO1FD,India,18.9235,73.2321,1950.72,113.35,86.88,0
2521,2026-09-13 12:46:17,801551,IGO751T,India,22.6426,88.4414,,0.0,8.44,1
2522,2026-09-13 12:46:17,80158b,AXB1385,India,24.9038,77.2613,11590.02,238.37,357.77,0
2523,2026-09-13 12:46:17,80159b,SDG622,India,19.3109,72.2448,9144.0,213.32,342.74,0
2524,2026-09-13 12:46:17,80156a,IGO6428,India,9.5921,76.9208,7650.48,219.47,4.98,0
2525,2026-09-13 12:46:17,801597,AIC2146,India,26.3011,77.9895,9654.54,238.35,337.81,0
2526,2026-09-13 12:46:17,06a0b6,QTR650,Qatar,26.5106,78.3392,11879.58,251.22,83.3,0
2527,2026-09-13 12:46:17,680001,DRK541,Bhutan,16.3133,96.7757,10972.8,239.94,346.23,0
2528,2026-09-13 12:46:17,68000a,BTN773,Bhutan,28.2133,78.9632,10599.42,236.46,289.97,0
2529,2026-09-13 12:46:17,06a0e9,,Qatar,32.1226,69.8283,11277.6,274.21,38.53,0
2530,2026-09-13 12:46:17,8013cc,AIC237,India,26.2887,82.8394,11277.6,227.93,107.74,0
2531,2026-09-13 12:46:17,8013a3,AIC8GZ,India,28.5472,77.1732,952.5,111.18,104.74,0
2532,2026-09-13 12:46:17,88516b,THA922,Thailand,21.2769,90.6582,9144.0,270.53,303.99,0
2533,2026-09-13 12:46:17,8013e3,IGO7925,India,24.4398,87.8328,3970.02,130.17,156.47,0
2534,2026-09-13 12:46:17,800db0,AXB1036,India,27.676,80.6154,10980.42,234.58,290.54,0
2535,2026-09-13 12:46:17,7c4926,QFA2,Australia,10.2909,96.2146,11887.2,247.2,131.12,0
2536,2026-09-13 12:46:17,896c6c,UAF1351,United Arab Emirates,15.0309,94.3662,11277.6,228.09,103.57,0
2537,2026-09-13 12:46:17,aab841,CKS704,United States,22.5646,94.1483,9144.0,266.43,262.12,0
2538,2026-09-13 12:46:17,151dc2,AFL297,Russian Federation,18.8241,87.2838,11582.4,250.29,315.67,0
2539,2026-09-13 12:46:17,151db5,AFL285,Russian Federation,27.9852,76.7531,10363.2,256.98,318.65,0
2540,2026-09-13 12:46:17,151db6,AFL273,Russian Federation,16.917,96.9485,9753.6,265.93,314.29,0
2541,2026-09-13 12:46:17,aa8b77,N779LG,United States,10.7185,95.5706,10668.0,233.98,126.42,0
2542,2026-09-13 12:46:17,4007ec,BAW2231,United Kingdom,18.819,92.1324,11277.6,236.3,128.19,0
2543,2026-09-13 12:46:17,abda7d,FDX5080,United States,22.4971,89.8096,9448.8,243.11,97.05,0
2544,2026-09-13 12:46:17,70c107,,Oman,14.6779,79.5361,11277.6,222.94,116.74,0
2545,2026-09-13 12:46:17,770453,ALK166,Sri Lanka,8.9002,77.8206,7627.62,206.88,128.44,0
2546,2026-09-13 12:46:17,78112e,CSC3902,China,24.572,90.3971,10066.02,224.16,123.11,0
2547,2026-09-13 12:46:17,ab9e12,FDX5379,United States,28.5777,76.9391,815.34,84.6,103.36,0
2548,2026-09-13 12:46:17,70605b,KAC412,Kuwait,18.0968,90.024,10363.2,247.93,310.03,0
2549,2026-09-13 12:46:17,78007e,CAO1099,China,28.5604,77.0203,533.4,68.25,103.51,0
2550,2026-09-13 12:46:17,4851f6,KLM844,Kingdom of the Netherlands,23.0037,87.4132,9753.6,274.02,296.18,0
2551,2026-09-13 12:46:17,14fa3b,RSD900,Russian Federation,28.3078,77.2828,3048.0,156.08,280.83,0
2552,2026-09-13 12:46:17,8880e0,HVN55,Viet Nam,25.3769,83.0327,10972.8,262.05,296.21,0
2553,2026-09-13 12:46:17,424462,PEX57H,United Kingdom,19.2807,95.6543,13716.0,462.11,279.48,0
2554,2026-09-13 12:46:17,4d0105,CLX7956,Luxembourg,25.7599,75.6182,11277.6,250.34,127.32,0
2555,2026-09-13 12:46:17,507c84,MFX558,Uzbekistan,28.56,77.0834,,0.06,239.06,1
2556,2026-09-13 12:46:17,507c98,MFX530,Uzbekistan,28.0431,79.5589,9753.6,239.84,316.83,0
2557,2026-09-13 12:46:17,76cdb4,SIA337,Singapore,10.1351,92.8688,11887.2,237.77,139.04,0
2558,2026-09-13 12:46:17,8966f3,UAE9859,United Arab Emirates,23.1057,73.4985,10363.2,259.5,267.61,0
2559,2026-09-13 12:46:17,3951c1,AFR6727,France,23.339,71.5274,9144.0,264.1,326.28,0
2560,2026-09-13 12:46:17,010206,MSR974,Egypt,28.4891,76.8007,4000.5,194.74,288.0,0
2561,2026-09-13 12:46:17,60182b,TUA695,Turkmenistan,22.4886,89.8824,11277.6,226.52,97.04,0
2562,2026-09-13 12:46:17,76cef9,SIA321,Singapore,18.1535,87.971,10675.62,256.46,135.24,0
2563,2026-09-13 12:46:17,507c5f,UZB562,Uzbekistan,22.2766,89.0562,9753.6,249.84,303.49,0
2564,2026-09-13 12:46:17,76ceed,SIA318,Singapore,11.6249,92.2422,9144.0,261.38,317.23,0
2565,2026-09-13 12:46:17,750592,MAS103,Malaysia,20.2504,93.4964,10668.0,232.45,135.09,0
2566,2026-09-13 12:46:17,750548,XAX600,Malaysia,11.1964,93.143,10972.8,261.53,319.23,0
2567,2026-09-13 12:46:17,8a0a13,UBG149,Indonesia,21.9787,92.0275,2484.12,150.08,211.4,0
2568,2026-09-13 12:46:17,780fc4,CSN6068,China,24.4803,91.2454,10675.62,223.35,114.2,0
2569,2026-09-13 12:46:17,76bcc1,TGW751,Singapore,23.4584,85.6581,12489.18,241.38,126.94,0
2570,2026-09-13 12:46:17,4d23c4,GTR1576,Malta,24.0236,90.6636,6812.28,206.46,229.24,0
2571,2026-09-13 12:46:17,4cade1,KZR908,Ireland,31.7147,74.2208,9471.66,228.58,321.76,0
2572,2026-09-13 12:46:17,800b14,IGO6175,India,25.859,86.7442,3627.12,204.14,104.6,0
2573,2026-09-13 12:46:17,3c4590,BOX533,Germany,13.3511,77.554,2552.7,183.89,340.04,0
2574,2026-09-13 12:46:17,3c4594,,Germany,31.4903,73.3438,9753.6,237.84,274.34,0
2575,2026-09-13 12:46:17,800c09,LLR506,India,10.2402,76.5532,1295.4,106.73,160.87,0
2576,2026-09-13 12:46:17,800c43,AIC2332,India,23.5068,85.5757,10683.24,227.18,126.71,0
2577,2026-09-13 12:46:17,800c42,AIC4NC,India,24.9977,82.2633,11277.6,227.59,76.4,0
2578,2026-09-13 12:46:17,800c6e,IGO7037,India,15.4009,73.9362,586.74,66.4,259.73,0
2579,2026-09-13 12:46:17,800c88,AIC1HL,India,29.9175,77.4531,8077.2,228.25,187.38,0
2580,2026-09-13 12:46:17,a7d2b2,C04345,United States,23.722,90.3741,253.59,56.88,335.98,0
2581,2026-09-13 12:46:17,4cac16,KZR932,Ireland,30.3457,74.7826,10347.96,235.5,349.43,0
2582,2026-09-13 12:46:17,4cac10,KZR564,Ireland,28.3827,79.2866,10355.58,240.48,318.3,0
2583,2026-09-13 12:46:17,710050,SVA755,Saudi Arabia,19.4075,71.703,11582.4,259.48,288.61,0
2584,2026-09-13 12:46:17,70e085,SEJ5155,Cambodia,30.4384,75.2937,7970.52,207.28,162.37,0
2585,2026-09-13 12:46:17,800d0f,IGO71AT,India,23.4509,91.1606,11582.4,229.72,235.95,0
2586,2026-09-13 12:46:17,800d03,SEJ2951,India,29.0603,76.9166,2994.66,139.58,198.7,0
2587,2026-09-13 12:46:17,800d2d,IGO6447,India,28.6887,76.5608,1104.9,94.58,112.38,0
2588,2026-09-13 12:46:17,39d2af,AFR253,France,28.4937,76.3522,11582.4,248.65,272.13,0
2589,2026-09-13 12:46:17,4b1920,SWR181,Switzerland,20.3255,92.1319,9144.0,273.31,305.04,0
2590,2026-09-13 12:46:17,4d2012,SVA798,Malta,23.1111,84.9239,11277.6,234.22,92.01,0
2591,2026-09-13 12:46:17,800ce4,,India,19.7314,71.7748,7604.76,231.79,81.83,0
2592,2026-09-13 12:46:17,800ce8,AIC1GY,India,19.1661,72.7959,2011.68,139.03,5.52,0
2593,2026-09-13 12:46:17,800ce0,IGO7918,India,12.6042,77.976,4572.0,131.83,338.24,0
2594,2026-09-13 12:46:17,800cb9,AIC2DP,India,13.7275,80.3061,5105.4,174.67,159.48,0
2595,2026-09-13 12:51:18,80162a,IGO7676,India,27.491,74.9452,5791.2,130.62,60.51,0
2596,2026-09-13 12:51:18,801645,AIC4WL,India,27.2963,76.155,2369.82,156.11,235.47,0
2597,2026-09-13 12:51:18,801643,AXB2648,India,12.8529,81.5972,11277.6,228.97,95.54,0
2598,2026-09-13 12:51:18,80163c,IGO331,India,27.7086,79.6518,6286.5,197.95,348.46,0
2599,2026-09-13 12:51:18,80160a,IGO539T,India,20.7208,83.7123,11894.82,220.19,15.72,0
2600,2026-09-13 12:51:18,801616,IGO311F,India,23.667,88.6148,4739.64,173.13,191.31,0
2601,2026-09-13 12:51:18,801621,IGO83FK,India,29.3085,77.4106,9006.84,204.46,130.1,0
2602,2026-09-13 12:51:18,801632,AKJ1814,India,22.3132,73.4003,11277.6,224.59,20.1,0
2603,2026-09-13 12:51:18,801685,AXB1561,India,26.4568,85.156,10058.4,229.33,97.48,0
2604,2026-09-13 12:51:18,801686,AXB882,India,11.6577,92.7558,11277.6,223.47,78.72,0
2605,2026-09-13 12:51:18,80167b,AIC2184,India,21.6006,82.3186,11590.02,246.13,259.89,0
2606,2026-09-13 12:51:18,80165c,AXB411,India,15.2478,73.1133,10972.8,248.65,311.14,0
2607,2026-09-13 12:51:18,8014a3,IGO697J,India,28.5687,77.1023,,7.72,270.0,1
2608,2026-09-13 12:51:18,8014e4,IGO6747,India,17.5931,80.8194,10972.8,253.17,241.87,0
2609,2026-09-13 12:51:18,8014e5,IGO364F,India,26.743,83.3189,853.44,105.49,271.4,0
2610,2026-09-13 12:51:18,8014dc,IGO1427,India,29.0213,74.6317,10660.38,232.17,188.79,0
2611,2026-09-13 12:51:18,8014f4,IGO9302,India,23.6249,90.3784,3032.76,142.87,243.25,0
2612,2026-09-13 12:51:18,8014f7,IGO1871,India,11.095,78.8225,11437.62,244.47,217.3,0
2613,2026-09-13 12:51:18,8014f8,AKJ797G,India,25.9983,87.3385,6149.34,178.58,79.21,0
2614,2026-09-13 12:51:18,8014f2,AKJ2004,India,12.4712,75.7846,11277.6,234.67,153.72,0
2615,2026-09-13 12:51:18,8014bd,IGO6029,India,13.1892,77.7432,998.22,75.63,270.39,0
2616,2026-09-13 12:51:18,8014c8,IGO6653,India,13.2306,77.6421,1485.9,121.29,302.88,0
2617,2026-09-13 12:51:18,8014d3,IGO54N,India,13.0211,79.9673,11582.4,235.26,177.87,0
2618,2026-09-13 12:51:18,8014d0,AIC4216,India,20.3535,69.4837,11277.6,225.19,69.12,0
2619,2026-09-13 12:51:18,801600,AIC11E,India,28.575,76.9519,807.72,83.1,103.61,0
2620,2026-09-13 12:51:18,801605,AXB1617,India,28.0948,77.8327,6400.8,187.49,130.77,0
2621,2026-09-13 12:51:18,801606,AXB1216,India,17.8632,82.5647,10965.18,253.96,223.85,0
2622,2026-09-13 12:51:18,801603,AIC2QW,India,28.2615,77.0962,3863.34,159.61,197.44,0
2623,2026-09-13 12:51:18,801607,AXB1068,India,28.4567,77.1575,1767.84,140.05,217.84,0
2624,2026-09-13 12:51:18,801613,AXB1832,India,12.9983,80.1909,106.68,69.93,247.96,0
2625,2026-09-13 12:51:18,80174a,IGO246F,India,22.6434,88.4406,30.48,0.06,278.44,1
2626,2026-09-13 12:51:18,801778,IGO36AK,India,25.3318,84.6034,10965.18,245.97,293.94,0
2627,2026-09-13 12:51:18,801736,IGO196,India,12.1956,77.3106,7848.6,200.8,21.96,0
2628,2026-09-13 12:51:18,801741,IGO342T,India,28.6604,76.6772,914.4,99.32,104.4,0
2629,2026-09-13 12:51:18,801742,IGO31VD,India,28.0278,78.2755,7536.18,209.87,117.76,0
2630,2026-09-13 12:51:18,80172d,IGO2009,India,27.4824,77.4782,5897.88,194.73,341.52,0
2631,2026-09-13 12:51:18,80172e,IGO971P,India,19.4498,82.2917,10972.8,260.03,240.75,0
2632,2026-09-13 12:51:18,80173b,OAH102,India,9.9651,78.2134,11277.6,226.27,44.63,0
2633,2026-09-13 12:51:18,801746,IGO6396,India,16.3029,89.6198,10988.04,231.76,21.9,0
2634,2026-09-13 12:51:18,80177e,IGO1064,India,22.5509,86.3551,10378.44,252.28,312.77,0
2635,2026-09-13 12:51:18,800462,AIC114,India,28.2264,76.067,5234.94,156.04,50.48,0
2636,2026-09-13 12:51:18,801799,AXB2746,India,15.7119,74.3044,5425.44,188.84,91.09,0
2637,2026-09-13 12:51:18,801798,IGO335L,India,24.9372,77.2765,10370.82,237.22,346.84,0
2638,2026-09-13 12:51:18,801792,IGO324E,India,26.8354,76.8249,9624.06,224.98,177.77,0
2639,2026-09-13 12:51:18,8016a3,IGO59P,India,22.4378,88.3283,10668.0,212.21,47.06,0
2640,2026-09-13 12:51:18,8016a4,IGO6692,India,25.5214,75.3369,10363.2,241.29,235.6,0
2641,2026-09-13 12:51:18,8015c7,IGO447,India,12.5359,79.6096,6362.7,163.33,225.38,0
2642,2026-09-13 12:51:18,8015d9,IGO7194,India,12.7074,80.3912,2827.02,126.72,10.76,0
2643,2026-09-13 12:51:18,8015a4,IGO5365,India,27.7392,78.0669,7345.68,232.2,105.95,0
2644,2026-09-13 12:51:18,8015ad,IGO664E,India,17.9667,84.8591,10668.0,226.87,42.33,0
2645,2026-09-13 12:51:18,8015fc,IGO2516,India,23.4639,91.1151,9745.98,210.44,227.38,0
2646,2026-09-13 12:51:18,8002cb,VUAVS,India,28.1416,77.544,3352.8,181.84,151.62,0
2647,2026-09-13 12:51:18,8002ce,IFC1,India,27.6844,77.273,4640.58,170.29,359.48,0
2648,2026-09-13 12:51:18,8015e3,IGO5198,India,31.3076,76.2733,11277.6,235.82,157.01,0
2649,2026-09-13 12:51:18,8015e6,IGO461W,India,25.5951,92.2144,11285.22,224.9,122.67,0
2650,2026-09-13 12:51:18,70203f,BBC136,Bangladesh,23.2519,90.9493,4876.8,211.08,331.62,0
2651,2026-09-13 12:51:18,70204b,BBC340,Bangladesh,22.8399,69.8334,10058.4,243.9,88.79,0
2652,2026-09-13 12:51:18,801723,IGO6109,India,27.1252,74.3171,10378.44,236.29,191.55,0
2653,2026-09-13 12:51:18,80171a,IGO376,India,20.1006,82.7089,10668.0,227.31,63.38,0
2654,2026-09-13 12:51:18,801726,IGO28AV,India,26.3058,81.6704,8999.22,224.01,303.29,0
2655,2026-09-13 12:51:18,801883,IGO1494,India,18.1328,89.8788,11590.02,232.92,313.21,0
2656,2026-09-13 12:51:18,80187a,IGO5192,India,28.0147,79.071,7741.92,224.21,311.19,0
2657,2026-09-13 12:51:18,80184b,IGO12HC,India,14.4549,77.9413,9753.6,235.1,16.13,0
2658,2026-09-13 12:51:18,801864,IGO2401,India,28.5533,77.0535,365.76,66.75,103.82,0
2659,2026-09-13 12:51:18,702098,UBG107,Bangladesh,23.7526,90.4757,998.22,79.01,137.37,0
2660,2026-09-13 12:51:18,70209a,BBC208,Bangladesh,24.0429,90.5757,2171.7,142.89,254.76,0
2661,2026-09-13 12:51:18,800584,AIC186,India,23.9154,91.1226,10972.8,262.15,283.74,0
2662,2026-09-13 12:51:18,70209b,BBC355,Bangladesh,26.6474,81.3173,11582.4,254.12,286.34,0
2663,2026-09-13 12:51:18,70a8e7,SHA435,Nepal,27.9696,83.4125,5638.8,161.97,276.2,0
2664,2026-09-13 12:51:18,70a8e9,,Nepal,27.5264,85.7961,3070.86,110.52,286.49,0
2665,2026-09-13 12:51:18,8017a1,AXB46K,India,20.5672,85.0595,10972.8,252.94,240.52,0
2666,2026-09-13 12:51:18,8016e0,IGO2588,India,26.657,81.0882,9753.6,207.52,300.38,0
2667,2026-09-13 12:51:18,8016da,IGO253H,India,24.7715,86.033,8321.04,233.26,133.48,0
2668,2026-09-13 12:51:18,8016dd,IGO874,India,26.7749,82.9107,10980.42,239.89,300.69,0
2669,2026-09-13 12:51:18,8016bc,IGO521C,India,22.9042,88.5889,1813.56,105.93,240.95,0
2670,2026-09-13 12:51:18,8016ba,IGO535,India,25.9011,84.8028,6179.82,188.33,73.5,0
2671,2026-09-13 12:51:18,8016c8,AXB82H,India,13.8113,77.6871,5951.22,175.93,14.56,0
2672,2026-09-13 12:51:18,8016c9,AXB1514,India,22.6427,88.4414,30.48,0.0,5.62,1
2673,2026-09-13 12:51:18,8016ca,AXB2932,India,24.6175,88.9144,11338.56,250.56,236.9,0
2674,2026-09-13 12:51:18,8003e4,AIC169,India,30.6552,75.2133,8244.84,255.26,162.04,0
2675,2026-09-13 12:51:18,704729,MMA782,Myanmar,21.9579,94.5681,5181.6,124.38,157.89,0
2676,2026-09-13 12:51:18,801800,IGO2487,India,28.5385,77.2092,1104.9,130.34,107.22,0
2677,2026-09-13 12:51:18,801811,AKJ1146,India,13.032,80.4431,1028.7,124.61,281.91,0
2678,2026-09-13 12:51:18,80182d,IGO2025,India,25.5862,84.4529,5440.68,220.28,251.06,0
2679,2026-09-13 12:51:18,80183a,IGO927T,India,10.4668,76.8544,3360.42,117.47,246.24,0
2680,2026-09-13 12:51:18,801819,IGO175,India,27.8941,77.2729,4556.76,167.33,357.71,0
2681,2026-09-13 12:51:18,801816,IGO769V,India,28.5586,77.1176,,2.06,16.88,1
2682,2026-09-13 12:51:18,80180b,IGO1013,India,10.5572,95.752,10058.4,230.23,130.56,0
2683,2026-09-13 12:51:18,801828,IGO1510,India,17.1823,84.8652,11582.4,248.16,276.79,0
2684,2026-09-13 12:51:18,70a9f1,NYT784,Nepal,27.1875,86.1822,3764.28,123.09,333.97,0
2685,2026-09-13 12:51:18,452181,ADZ4301,Bulgaria,22.9385,85.6635,10378.44,275.85,273.85,0
2686,2026-09-13 12:51:18,70a9b1,BHA554,Nepal,27.6758,85.3497,1318.26,69.17,22.75,0
2687,2026-09-13 12:51:18,800694,CG3,India,21.5226,88.2631,2133.6,77.47,329.69,0
2688,2026-09-13 12:51:18,8018b0,AIC188,India,23.9905,72.581,11879.58,244.39,62.14,0
2689,2026-09-13 12:51:18,8018b7,IGO078,India,13.1889,77.8432,1501.14,88.02,267.99,0
2690,2026-09-13 12:51:18,8018e0,IGO6097,India,22.6451,88.4409,,1.29,275.62,1
2691,2026-09-13 12:51:18,8018cf,IGO6010,India,31.5931,75.4171,9105.9,213.83,15.77,0
2692,2026-09-13 12:51:18,7020a2,UBG535,Bangladesh,23.9115,90.7063,2438.4,89.89,46.62,0
2693,2026-09-13 12:51:18,7020bc,AWA444,Bangladesh,23.9079,90.3465,388.62,60.82,144.29,0
2694,2026-09-13 12:51:18,7020c5,S2AFH,Bangladesh,24.3057,89.0269,1828.8,49.94,294.98,0
2695,2026-09-13 12:51:18,8004d5,AIC1SS,India,27.4365,76.4638,8991.6,212.71,210.84,0
2696,2026-09-13 12:51:18,8004dd,AIC113,India,28.0542,76.8119,3817.62,205.48,217.47,0
2697,2026-09-13 12:51:18,8004c4,VTAGP,India,13.3048,77.5974,5364.48,170.2,13.28,0
2698,2026-09-13 12:51:18,801914,IGO447L,India,26.053,74.9102,11277.6,233.62,20.63,0
2699,2026-09-13 12:51:18,80190c,IGO2299,India,28.5591,77.0896,,2.83,163.12,1
2700,2026-09-13 12:51:18,80191a,IGO6676,India,27.8976,76.8727,6149.34,190.59,208.36,0
2701,2026-09-13 12:51:18,801910,IGO950H,India,13.1859,75.6701,10363.2,237.42,324.35,0
2702,2026-09-13 12:51:18,8005f0,AIC132,India,13.7334,76.2066,10523.22,252.75,118.44,0
2703,2026-09-13 12:51:18,8005e7,VTAVS,India,12.9527,77.6686,,10.8,84.38,1
2704,2026-09-13 12:51:18,4bb0e9,THY48L,Turkey,14.0571,75.6234,11582.4,258.74,298.5,0
2705,2026-09-13 12:51:18,800735,AIC352,India,26.2837,82.7675,11887.2,249.44,107.28,0
2706,2026-09-13 12:51:18,800740,AIC2027,India,19.0954,72.672,1813.56,129.66,278.9,0
2707,2026-09-13 12:51:18,8963e0,UAE370,United Arab Emirates,21.1671,69.1713,10668.0,247.49,101.15,0
2708,2026-09-13 12:51:18,4bb189,THY299,Turkey,31.4928,71.8109,10965.18,237.52,298.17,0
2709,2026-09-13 12:51:18,4bb185,THY125,Turkey,27.9092,79.7264,11582.4,252.72,319.04,0
2710,2026-09-13 12:51:18,8007b2,IGO6749,India,22.6403,88.3892,1463.04,117.84,5.51,0
2711,2026-09-13 12:51:18,896523,UAE1DP,United Arab Emirates,13.033,79.9615,12192.0,247.66,309.78,0
2712,2026-09-13 12:51:18,896502,ADY044,United Arab Emirates,22.8717,70.9614,10980.42,237.52,241.83,0
2713,2026-09-13 12:51:18,4bb196,THY65,Turkey,26.0347,82.391,11574.78,257.14,298.56,0
2714,2026-09-13 12:51:18,4bb101,THY49A,Turkey,11.7328,94.5351,11887.2,240.28,131.09,0
2715,2026-09-13 12:51:18,8008d2,FLW ME 3,India,22.6695,88.4459,,19.03,185.62,1
2716,2026-09-13 12:51:18,896643,FDB539,United Arab Emirates,28.2549,75.0819,10668.0,243.48,85.76,0
2717,2026-09-13 12:51:18,896664,FDB564,United Arab Emirates,22.8775,69.7273,10972.8,245.42,269.16,0
2718,2026-09-13 12:51:18,8008c6,FLW ME 4,India,22.6536,88.4413,,4.89,278.44,1
2719,2026-09-13 12:51:18,896616,UAE9865,United Arab Emirates,17.7734,83.302,13106.4,255.05,286.64,0
2720,2026-09-13 12:51:18,ac3857,FDX5384,United States,29.1049,75.7126,5920.74,197.1,106.68,0
2721,2026-09-13 12:51:18,896597,ETD406,United Arab Emirates,20.8862,69.8542,10058.4,253.9,100.03,0
2722,2026-09-13 12:51:18,461f4d,FIN131,Finland,15.9183,90.2721,12496.8,240.82,134.48,0
2723,2026-09-13 12:51:18,89653e,ETD446,United Arab Emirates,22.6892,71.3352,10058.4,262.89,97.19,0
2724,2026-09-13 12:51:18,76cc64,SIA421,Singapore,19.0766,72.759,1135.38,109.21,219.84,0
2725,2026-09-13 12:51:18,507cb3,MFX5538,Uzbekistan,25.1878,84.4641,9753.6,249.39,296.72,0
2726,2026-09-13 12:51:18,8965f6,ABY514,United Arab Emirates,24.6975,72.0988,11285.22,228.98,58.13,0
2727,2026-09-13 12:51:18,896749,ABY700,United Arab Emirates,13.8337,81.2375,11574.78,236.75,297.01,0
2728,2026-09-13 12:51:18,781efb,CSS164,China,23.3517,96.617,10675.62,245.43,88.92,0
2729,2026-09-13 12:51:18,896717,ABY824,United Arab Emirates,17.5103,84.227,10972.8,246.72,286.85,0
2730,2026-09-13 12:51:18,896682,UAE386,United Arab Emirates,24.1122,69.1046,11887.2,244.4,90.96,0
2731,2026-09-13 12:51:18,781fda,CBJ654,China,13.6308,80.6814,6637.02,214.63,36.81,0
2732,2026-09-13 12:51:18,780d2c,CCA011,China,26.8666,80.8384,10668.0,252.24,106.96,0
2733,2026-09-13 12:51:18,76cd75,SIA326,Singapore,13.2143,91.073,10363.2,267.24,303.54,0
2734,2026-09-13 12:51:18,8965c0,FDB1584,United Arab Emirates,14.9212,96.9221,10972.8,250.07,293.14,0
2735,2026-09-13 12:51:18,15203a,AFL295,Russian Federation,20.8028,91.4003,10972.8,260.26,304.29,0
2736,2026-09-13 12:51:18,899035,EVA067,Taiwan,19.4264,93.4826,9144.0,273.66,305.51,0
2737,2026-09-13 12:51:18,406f79,BAW15,United Kingdom,14.8778,91.2602,11879.58,240.31,129.0,0
2738,2026-09-13 12:51:18,04022a,ETH3482,Ethiopia,22.2828,91.612,12496.8,235.84,97.02,0
2739,2026-09-13 12:51:18,8990a5,CAL5663,Taiwan,25.4247,83.8453,10363.2,263.21,297.22,0
2740,2026-09-13 12:51:18,06a30b,QTR8957,Qatar,23.0509,71.6636,10363.2,263.39,264.96,0
2741,2026-09-13 12:51:18,06a2e1,QTR8433,Qatar,23.0269,72.0347,9753.6,265.45,266.44,0
2742,2026-09-13 12:51:18,040255,ETH445,Ethiopia,26.425,75.8199,11483.34,236.78,212.31,0
2743,2026-09-13 12:51:18,78066c,CES2031,China,19.6566,95.0073,4396.74,117.85,268.5,0
2744,2026-09-13 12:51:18,47c98d,IGO56K,Norway,19.1693,72.1575,3512.82,192.51,278.61,0
2745,2026-09-13 12:51:18,39cf11,AFR199,France,25.0608,83.4551,11582.4,259.2,306.12,0
2746,2026-09-13 12:51:18,70412b,UBA5088,Myanmar,23.755,95.8081,5181.6,127.88,176.08,0
2747,2026-09-13 12:51:18,80139b,AIC2119,India,25.9002,78.4545,10972.8,237.33,329.38,0
2748,2026-09-13 12:51:18,801407,AXB1264,India,28.6141,76.7675,876.3,96.33,103.59,0
2749,2026-09-13 12:51:18,801409,AIC5TV,India,28.6798,76.5743,1562.1,97.78,141.62,0
2750,2026-09-13 12:51:18,801414,IGO7064,India,17.828,83.5552,1120.14,105.19,61.68,0
2751,2026-09-13 12:51:18,801415,IGO7443,India,28.3494,76.2796,3558.54,136.3,78.9,0
2752,2026-09-13 12:51:18,80142a,IGO6391,India,10.3324,76.5197,1615.44,116.52,160.12,0
2753,2026-09-13 12:51:18,801454,IGO211,India,12.8572,74.9343,10957.56,234.44,333.27,0
2754,2026-09-13 12:51:18,801422,IGO1632,India,22.8055,88.7502,3055.62,131.87,309.78,0
2755,2026-09-13 12:51:18,80140e,AXB194,India,22.9119,70.5988,11285.22,231.81,85.16,0
2756,2026-09-13 12:51:18,80141d,AIC2KJ,India,13.8163,90.4529,10965.18,239.43,279.52,0
2757,2026-09-13 12:51:18,80141c,IGO403K,India,18.2229,80.1919,10972.8,243.11,226.71,0
2758,2026-09-13 12:51:18,801432,IGO515,India,14.1926,79.6878,8831.58,221.08,341.69,0
2759,2026-09-13 12:51:18,801435,AXB904,India,12.4199,95.8597,11292.84,227.0,134.63,0
2760,2026-09-13 12:51:18,504e27,ATG8816,Republic of Moldova,27.3325,85.1785,3467.1,102.47,74.57,0
2761,2026-09-13 12:51:18,801492,IGO6851,India,25.5797,78.3583,10226.04,250.0,298.52,0
2762,2026-09-13 12:51:18,80148f,IGO162P,India,20.1991,84.348,11277.6,214.23,37.59,0
2763,2026-09-13 12:51:18,80149a,IGO207,India,22.644,88.4416,,0.45,8.44,1
2764,2026-09-13 12:51:18,06a1e9,QTR8977,Qatar,22.8751,69.7128,10363.2,263.43,276.28,0
2765,2026-09-13 12:51:18,801527,IGO6518,India,13.8903,81.6023,9982.2,232.13,39.33,0
2766,2026-09-13 12:51:18,801536,IGO2137,India,30.1328,77.3755,7315.2,197.72,204.76,0
2767,2026-09-13 12:51:18,8850b7,THA324,Thailand,27.7449,78.7481,7780.02,236.7,118.85,0
2768,2026-09-13 12:51:18,801502,IGO261,India,15.39,73.8798,274.32,69.21,258.86,0
2769,2026-09-13 12:51:18,801506,IGO735C,India,27.8596,79.3744,9144.0,235.71,303.52,0
2770,2026-09-13 12:51:18,801508,AKJ1406,India,28.7317,77.5063,3977.64,181.53,296.06,0
2771,2026-09-13 12:51:18,80154d,IGO235,India,17.3514,82.0934,11590.02,255.12,236.6,0
2772,2026-09-13 12:51:18,06a13c,QTR928,Qatar,22.8319,70.0917,9448.8,256.39,96.68,0
2773,2026-09-13 12:51:18,06a13d,QTR8H,Qatar,29.6223,71.5197,10363.2,248.7,232.4,0
2774,2026-09-13 12:51:18,801562,IGO6551,India,28.5704,77.0938,,41.16,90.0,1
2775,2026-09-13 12:51:18,801560,IGO1253,India,26.9194,81.6912,11285.22,232.37,86.83,0
2776,2026-09-13 12:51:18,80155b,IGO32Y,India,22.8735,69.7613,10675.62,236.57,93.49,0
2777,2026-09-13 12:51:18,801573,IGO1FD,India,18.9235,73.2321,1950.72,113.35,86.88,0
2778,2026-09-13 12:51:18,801551,IGO751T,India,22.6559,88.4436,,4.37,5.62,1
2779,2026-09-13 12:51:18,80158b,AXB1385,India,25.5583,77.2369,11574.78,236.77,358.13,0
2780,2026-09-13 12:51:18,80158a,IGO2304,India,19.0891,72.8924,137.16,67.91,269.13,0
2781,2026-09-13 12:51:18,80159a,IGO6522,India,20.3987,84.3873,9144.0,235.55,279.94,0
2782,2026-09-13 12:51:18,80156a,IGO6428,India,10.4707,76.9986,10005.06,235.44,4.89,0
2783,2026-09-13 12:51:18,801581,IGO931P,India,18.1877,80.2983,11582.4,248.03,218.18,0
2784,2026-09-13 12:51:18,801597,AIC2146,India,26.8851,77.7296,8130.54,218.67,338.32,0
2785,2026-09-13 12:51:18,06a0b6,QTR650,Qatar,26.5902,79.1086,11879.58,252.64,83.57,0
2786,2026-09-13 12:51:18,680001,DRK541,Bhutan,16.9624,96.6107,10972.8,239.94,346.23,0
2787,2026-09-13 12:51:18,68000a,BTN773,Bhutan,28.4233,78.3044,7391.4,206.01,289.7,0
2788,2026-09-13 12:51:18,8013cc,AIC237,India,26.0935,83.5123,11277.6,228.25,107.99,0
2789,2026-09-13 12:51:18,8013a3,AIC8GZ,India,28.3092,77.4912,4648.2,170.8,163.91,0
2790,2026-09-13 12:51:18,88516b,THA922,Thailand,21.696,89.9897,9250.68,268.38,303.9,0
2791,2026-09-13 12:51:18,8013e3,IGO7925,India,24.1053,87.9874,3962.4,129.58,151.81,0
2792,2026-09-13 12:51:18,8013e4,IGO3YP,India,12.9802,80.1441,365.76,59.86,245.64,0
2793,2026-09-13 12:51:18,8013f8,IGO212M,India,28.5613,77.0877,,0.51,64.69,1
2794,2026-09-13 12:51:18,8013ed,AIC8JL,India,25.3321,77.2452,10980.42,243.47,358.06,0
2795,2026-09-13 12:51:18,800db0,AXB1036,India,27.901,79.937,10965.18,234.22,290.31,0
2796,2026-09-13 12:51:18,7c4926,QFA2,Australia,9.6959,96.8326,11887.2,245.85,139.24,0
2797,2026-09-13 12:51:18,896c6c,UAF1351,United Arab Emirates,14.8828,94.9983,11277.6,224.47,103.65,0
2798,2026-09-13 12:51:18,aab841,CKS704,United States,22.4629,93.3543,9144.0,267.31,262.37,0
2799,2026-09-13 12:51:18,151dc2,AFL297,Russian Federation,19.3237,86.7685,11582.4,253.92,315.49,0
2800,2026-09-13 12:51:18,151db5,AFL285,Russian Federation,28.5193,76.2207,10363.2,255.82,318.42,0
2801,2026-09-13 12:51:18,151db6,AFL273,Russian Federation,17.4166,96.3841,9753.6,263.81,306.91,0
2802,2026-09-13 12:51:18,aa8b77,N779LG,United States,10.5364,95.8196,10668.0,232.43,126.54,0
2803,2026-09-13 12:51:18,4007ec,BAW2231,United Kingdom,18.4089,92.6792,11277.6,238.46,128.25,0
2804,2026-09-13 12:51:18,abda7d,FDX5080,United States,22.4129,90.53,10058.4,241.71,97.34,0
2805,2026-09-13 12:51:18,70c107,OMA891,Oman,14.3665,80.1697,11277.6,227.77,116.85,0
2806,2026-09-13 12:51:18,770453,ALK166,Sri Lanka,8.5572,78.2548,7612.38,206.48,128.53,0
2807,2026-09-13 12:51:18,78112e,CSC3902,China,24.1692,90.9128,10058.4,224.6,132.87,0
2808,2026-09-13 12:51:18,ab9e12,FDX5379,United States,28.5486,77.0752,251.46,70.0,104.04,0
2809,2026-09-13 12:51:18,70605b,KAC412,Kuwait,18.4036,89.3806,10363.2,247.44,288.55,0
2810,2026-09-13 12:51:18,78007e,CAO1099,China,28.549,77.0732,266.7,66.13,103.5,0
2811,2026-09-13 12:51:18,4851f6,KLM844,Kingdom of the Netherlands,23.4037,86.7196,9753.6,272.09,303.51,0
2812,2026-09-13 12:51:18,14fa3b,RSD900,Russian Federation,28.4458,76.8461,2225.04,142.23,289.88,0
2813,2026-09-13 12:51:18,8880e0,HVN55,Viet Nam,25.7837,82.3711,10972.8,260.72,306.58,0
2814,2026-09-13 12:51:18,424462,PEX57H,United Kingdom,19.0245,95.4664,13716.0,49.91,268.82,0
2815,2026-09-13 12:51:18,4d0105,CLX7956,Luxembourg,25.3415,76.2294,11277.6,249.3,127.2,0
2816,2026-09-13 12:51:18,507c84,MFX558,Uzbekistan,28.5611,77.0838,,0.0,337.5,1
2817,2026-09-13 12:51:18,507c98,MFX530,Uzbekistan,28.5268,79.0426,9753.6,235.44,316.51,0
2818,2026-09-13 12:51:18,8966f3,UAE9859,United Arab Emirates,23.0645,72.6037,10363.2,259.85,263.63,0
2819,2026-09-13 12:51:18,3951c1,AFR6727,France,24.0297,71.0239,9144.0,260.97,326.09,0
2820,2026-09-13 12:51:18,010206,MSR974,Egypt,28.6646,76.1866,6408.42,214.43,287.74,0
2821,2026-09-13 12:51:18,60182b,TUA695,Turkmenistan,22.2199,90.4906,11277.6,225.75,117.85,0
2822,2026-09-13 12:51:18,76cef9,SIA321,Singapore,17.8858,88.2476,10668.0,253.19,135.49,0
2823,2026-09-13 12:51:18,507c5f,UZB562,Uzbekistan,22.7266,88.5079,9761.22,244.09,314.91,0
2824,2026-09-13 12:51:18,76ceed,SIA318,Singapore,11.6249,92.2422,9144.0,262.84,317.22,0
2825,2026-09-13 12:51:18,750592,MAS103,Malaysia,19.791,93.9806,10668.0,232.08,135.18,0
2826,2026-09-13 12:51:18,750548,XAX600,Malaysia,11.7284,92.6609,10972.8,255.89,312.96,0
2827,2026-09-13 12:51:18,8a0a13,UBG149,Indonesia,21.9502,92.0056,2247.9,147.13,216.47,0
2828,2026-09-13 12:51:18,780fc4,CSN6068,China,24.2117,91.8622,10675.62,226.39,117.03,0
2829,2026-09-13 12:51:18,76bcc1,TGW751,Singapore,23.0523,86.2411,12489.18,242.0,127.14,0
2830,2026-09-13 12:51:18,4d23c4,GTR1576,Malta,23.6631,90.1487,8183.88,219.02,236.5,0
2831,2026-09-13 12:51:18,4073ce,VIR355,United Kingdom,22.6451,72.6907,10058.4,260.83,359.77,0
2832,2026-09-13 12:51:18,3c4594,BOX539,Germany,31.5369,72.5714,9753.6,238.17,273.72,0
2833,2026-09-13 12:51:18,800c09,LLR506,India,10.1708,76.5584,868.68,61.24,268.56,0
2834,2026-09-13 12:51:18,800c43,AIC2332,India,23.1269,86.1239,10675.62,229.24,126.97,0
2835,2026-09-13 12:51:18,800c42,AIC4NC,India,25.1451,82.9409,10454.64,226.35,76.6,0
2836,2026-09-13 12:51:18,800c6e,IGO7037,India,15.3874,73.8669,198.12,58.44,260.37,0
2837,2026-09-13 12:51:18,800c88,AIC1HL,India,29.3916,77.2031,5166.36,187.93,210.43,0
2838,2026-09-13 12:51:18,a7d2b2,C04345,United States,23.722,90.3741,253.59,56.88,335.98,0
2839,2026-09-13 12:51:18,4cac16,KZR932,Ireland,30.9899,74.6439,10370.82,238.63,349.44,0
2840,2026-09-13 12:51:18,4cac10,KZR564,Ireland,28.8816,78.781,10363.2,240.44,318.12,0
2841,2026-09-13 12:51:18,70e085,SEJ5155,Cambodia,29.8732,75.5044,9296.4,214.34,171.44,0
2842,2026-09-13 12:51:18,800d0f,IGO71AT,India,23.2359,90.4952,11010.9,239.19,252.73,0
2843,2026-09-13 12:51:18,800d03,SEJ2951,India,28.8121,76.6874,1973.58,118.6,251.8,0
2844,2026-09-13 12:51:18,800d2d,IGO6447,India,28.6197,76.8567,815.34,95.84,104.93,0
2845,2026-09-13 12:51:18,39d2af,AFR253,France,28.5166,75.5689,11582.4,249.1,271.66,0
2846,2026-09-13 12:51:18,800be6,AIC8VE,India,28.5513,77.0899,,1.29,140.62,1
2847,2026-09-13 12:51:18,4b1920,SWR181,Switzerland,20.7601,91.4618,9144.0,273.54,304.35,0
2848,2026-09-13 12:51:18,4d2012,SVA798,Malta,23.0857,85.6299,11277.6,235.3,92.38,0
2849,2026-09-13 12:51:18,800ce4,AXB252,India,19.7511,71.921,7284.72,228.66,81.85,0
2850,2026-09-13 12:51:18,800ce8,AIC1GY,India,19.2948,72.8077,3611.88,157.47,4.87,0
2851,2026-09-13 12:51:18,800ce0,IGO7918,India,12.9756,77.9333,3291.84,138.38,355.09,0
2852,2026-09-13 12:51:18,800cb9,AIC2DP,India,13.2922,80.3579,2247.9,131.25,174.6,0
2853,2026-09-13 12:56:19,80162a,IGO7676,India,27.6619,75.2857,5791.2,130.37,60.7,0
2854,2026-09-13 12:56:19,801643,AXB2648,India,12.8326,81.8101,11277.6,227.95,95.57,0
2855,2026-09-13 12:56:19,80163c,IGO331,India,28.1609,79.5271,3390.9,182.79,346.16,0
2856,2026-09-13 12:56:19,80160a,IGO539T,India,21.2776,83.8783,11879.58,218.57,15.7,0
2857,2026-09-13 12:56:19,801616,IGO311F,India,23.2503,88.5496,2446.02,145.73,193.89,0
2858,2026-09-13 12:56:19,801621,IGO83FK,India,28.9318,77.8265,7353.3,185.73,179.21,0
2859,2026-09-13 12:56:19,801622,IGO2491,India,30.6119,75.2295,9837.42,202.06,162.21,0
2860,2026-09-13 12:56:19,801632,AKJ1814,India,22.4817,73.4661,11277.6,223.45,20.06,0
2861,2026-09-13 12:56:19,80161e,AKJ1514,India,25.9154,85.9127,2887.98,150.1,194.08,0
2862,2026-09-13 12:56:19,801685,AXB1561,India,26.376,85.8292,10058.4,229.98,97.71,0
2863,2026-09-13 12:56:19,801686,AXB882,India,11.9028,93.3127,11277.6,226.55,65.59,0
2864,2026-09-13 12:56:19,801699,AXB1238,India,19.0717,72.7924,769.62,118.5,200.32,0
2865,2026-09-13 12:56:19,801671,AIC3SR,India,25.3188,77.2458,11574.78,236.77,358.13,0
2866,2026-09-13 12:56:19,80169c,IGO19M,India,21.3599,68.1819,11894.82,221.37,113.71,0
2867,2026-09-13 12:56:19,8014a3,IGO697J,India,28.5687,77.09,,5.92,222.19,1
2868,2026-09-13 12:56:19,8014e4,IGO6747,India,17.3703,80.3864,10965.18,252.05,241.6,0
2869,2026-09-13 12:56:19,8014e8,IGO975P,India,19.2068,72.7149,3596.64,153.22,13.99,0
2870,2026-09-13 12:56:19,8014dc,IGO1427,India,28.4061,74.5202,10972.8,237.15,189.24,0
2871,2026-09-13 12:56:19,8014f4,IGO9302,India,23.3982,89.8929,5036.82,210.28,243.25,0
2872,2026-09-13 12:56:19,8014f7,IGO1871,India,10.774,78.5749,11582.4,245.5,217.42,0
2873,2026-09-13 12:56:19,8014f2,AKJ2004,India,11.8983,76.0735,9860.28,215.11,153.43,0
2874,2026-09-13 12:56:19,8014bc,IGO133,India,22.3328,73.3427,11262.36,232.74,352.0,0
2875,2026-09-13 12:56:19,8014c8,IGO6653,India,13.3191,77.2756,4991.1,156.14,278.72,0
2876,2026-09-13 12:56:19,8014d3,IGO54N,India,12.3944,79.9912,11574.78,235.26,177.87,0
2877,2026-09-13 12:56:19,8014d0,AIC4216,India,20.3571,70.0569,11262.36,220.85,106.79,0
2878,2026-09-13 12:56:19,801600,AIC11E,India,28.5461,77.0869,,36.01,104.06,1
2879,2026-09-13 12:56:19,801605,AXB1617,India,27.7813,78.3196,8145.78,207.8,111.04,0
2880,2026-09-13 12:56:19,801606,AXB1216,India,17.3716,82.0745,10965.18,255.08,223.61,0
2881,2026-09-13 12:56:19,801603,AIC2QW,India,27.7924,76.9305,6865.62,198.84,197.31,0
2882,2026-09-13 12:56:19,801607,AXB1068,India,28.1104,76.8974,4594.86,166.75,210.6,0
2883,2026-09-13 12:56:19,801610,VTDJB,India,19.0891,72.8936,144.78,55.58,268.41,0
2884,2026-09-13 12:56:19,801778,IGO36AK,India,25.5922,83.9512,10965.18,242.11,293.68,0
2885,2026-09-13 12:56:19,801775,,India,28.5672,77.0967,,5.66,205.31,1
2886,2026-09-13 12:56:19,801736,IGO196,India,12.6189,77.5847,5654.04,178.85,39.05,0
2887,2026-09-13 12:56:19,801741,IGO342T,India,28.5972,76.9544,807.72,86.23,104.87,0
2888,2026-09-13 12:56:19,801742,IGO31VD,India,27.7573,78.8473,9014.46,222.33,118.17,0
2889,2026-09-13 12:56:19,80172d,IGO2009,India,27.9559,77.3018,3954.78,178.3,341.67,0
2890,2026-09-13 12:56:19,80172e,IGO971P,India,19.1933,81.8269,10972.8,258.96,239.56,0
2891,2026-09-13 12:56:19,80173b,OAH102,India,10.4807,78.7274,11277.6,222.99,44.72,0
2892,2026-09-13 12:56:19,801746,IGO6396,India,18.4393,88.7732,10972.8,236.89,352.01,0
2893,2026-09-13 12:56:19,80177e,IGO1064,India,22.9986,85.8324,10355.58,246.12,312.63,0
2894,2026-09-13 12:56:19,800462,AIC114,India,28.3889,76.4288,3375.66,117.33,63.43,0
2895,2026-09-13 12:56:19,801798,IGO335L,India,25.5847,77.2361,10355.58,236.79,358.01,0
2896,2026-09-13 12:56:19,801792,IGO324E,India,26.207,76.8525,10546.08,235.26,177.87,0
2897,2026-09-13 12:56:19,8016a3,IGO59P,India,22.8193,88.7717,9669.78,204.97,47.34,0
2898,2026-09-13 12:56:19,8016a7,AIC9CQ,India,31.9916,75.8238,10050.78,213.34,195.81,0
2899,2026-09-13 12:56:19,8015c0,IGO1157,India,25.3411,81.3623,10668.0,233.98,63.49,0
2900,2026-09-13 12:56:19,8015c7,IGO447,India,12.2719,79.3021,8077.2,199.35,225.42,0
2901,2026-09-13 12:56:19,8015d9,IGO7194,India,12.9689,80.4858,1501.14,93.37,350.49,0
2902,2026-09-13 12:56:19,8015a4,IGO5365,India,27.4401,78.6976,8694.42,245.89,120.7,0
2903,2026-09-13 12:56:19,8015ad,IGO664E,India,18.4252,85.2774,10683.24,228.23,41.16,0
2904,2026-09-13 12:56:19,8015fc,IGO2516,India,23.2504,90.5463,9761.22,218.2,252.72,0
2905,2026-09-13 12:56:19,8002cb,VUAVS,India,27.7088,77.802,3352.8,182.23,162.59,0
2906,2026-09-13 12:56:19,8002ce,IFC1,India,28.1331,77.2762,3962.4,163.84,8.49,0
2907,2026-09-13 12:56:19,8015e3,IGO5198,India,30.7314,76.2864,11879.58,218.59,207.47,0
2908,2026-09-13 12:56:19,8015dd,SDG235,India,30.9696,76.1708,5935.98,190.59,118.36,0
2909,2026-09-13 12:56:19,70203f,BBC136,Bangladesh,23.7232,90.6679,3505.2,191.85,324.61,0
2910,2026-09-13 12:56:19,70204b,BBC340,Bangladesh,22.8893,70.5335,10058.4,244.04,85.65,0
2911,2026-09-13 12:56:19,801723,IGO6109,India,26.5044,74.1765,10363.2,235.89,191.7,0
2912,2026-09-13 12:56:19,80171a,IGO376,India,20.3703,83.2816,10660.38,228.69,63.55,0
2913,2026-09-13 12:56:19,801726,IGO28AV,India,26.6543,81.0742,9136.38,244.0,302.95,0
2914,2026-09-13 12:56:19,a75b5e,UPS25,United States,13.4053,77.5565,2712.72,166.73,339.22,0
2915,2026-09-13 12:56:19,801883,IGO1494,India,18.5471,89.4055,11582.4,231.27,312.21,0
2916,2026-09-13 12:56:19,80187a,IGO5192,India,28.2941,78.5176,5501.64,202.7,296.04,0
2917,2026-09-13 12:56:19,80184b,IGO12HC,India,14.5584,77.9623,9761.22,238.33,9.44,0
2918,2026-09-13 12:56:19,801862,IGO648,India,21.7788,73.481,11590.02,234.2,187.83,0
2919,2026-09-13 12:56:19,801864,IGO2401,India,28.5479,77.0887,,11.32,284.06,1
2920,2026-09-13 12:56:19,702098,UBG107,Bangladesh,23.5916,90.6204,2453.64,77.07,140.15,0
2921,2026-09-13 12:56:19,70209a,BBC208,Bangladesh,23.92,90.3368,472.44,88.08,142.59,0
2922,2026-09-13 12:56:19,800584,AIC186,India,23.9062,90.3703,10972.8,268.53,283.29,0
2923,2026-09-13 12:56:19,70209b,BBC355,Bangladesh,26.8322,80.7986,11582.4,253.22,310.55,0
2924,2026-09-13 12:56:19,70a8e7,SHA435,Nepal,28.016,82.9273,5638.8,162.99,276.16,0
2925,2026-09-13 12:56:19,70a8e9,,Nepal,27.6085,85.6386,2849.88,109.89,286.31,0
2926,2026-09-13 12:56:19,8017a1,AXB46K,India,20.1953,84.4399,10972.8,249.14,231.12,0
2927,2026-09-13 12:56:19,8016e0,IGO2588,India,26.9403,80.6571,9753.6,207.52,300.38,0
2928,2026-09-13 12:56:19,8016da,IGO253H,India,24.4104,86.5862,9883.14,233.23,122.11,0
2929,2026-09-13 12:56:19,8016dd,IGO874,India,27.0973,82.2995,10492.74,241.4,300.34,0
2930,2026-09-13 12:56:19,8016af,AXB54E,India,28.5336,77.2302,1043.94,127.02,104.54,0
2931,2026-09-13 12:56:19,8016bc,IGO521C,India,22.7247,88.4534,403.86,72.75,188.13,0
2932,2026-09-13 12:56:19,8016ba,IGO535,India,26.0378,85.2971,3375.66,159.11,71.92,0
2933,2026-09-13 12:56:19,8016c8,AXB82H,India,14.1595,77.7791,7650.48,195.89,14.29,0
2934,2026-09-13 12:56:19,8016c9,AXB1514,India,22.6428,88.4414,,1.29,5.62,1
2935,2026-09-13 12:56:19,896121,UAE334,United Arab Emirates,22.9412,68.0014,9799.32,254.14,89.88,0
2936,2026-09-13 12:56:19,8016ca,AXB2932,India,24.2521,88.3001,11582.4,252.46,225.5,0
2937,2026-09-13 12:56:19,8016cc,AXB35E,India,20.786,82.738,11582.4,249.4,222.58,0
2938,2026-09-13 12:56:19,8003e4,AIC169,India,29.9968,75.3752,10073.64,258.83,150.99,0
2939,2026-09-13 12:56:19,704729,MMA782,Myanmar,21.6505,94.7006,5181.6,123.91,157.8,0
2940,2026-09-13 12:56:19,801800,IGO2487,India,28.1898,77.0722,4099.56,182.94,231.16,0
2941,2026-09-13 12:56:19,801811,AKJ1146,India,13.0042,80.2062,198.12,86.36,248.33,0
2942,2026-09-13 12:56:19,80182a,IGO573Y,India,21.0664,82.7481,10972.8,246.03,219.31,0
2943,2026-09-13 12:56:19,80182d,IGO2025,India,25.5118,83.7792,7353.3,246.97,270.95,0
2944,2026-09-13 12:56:19,80183a,IGO927T,India,10.3539,76.6383,2057.4,105.79,211.68,0
2945,2026-09-13 12:56:19,801819,IGO175,India,28.3354,77.3071,3703.32,160.22,7.19,0
2946,2026-09-13 12:56:19,80180b,IGO1013,India,9.9748,96.4099,10058.4,231.49,133.02,0
2947,2026-09-13 12:56:19,80180e,,India,28.5663,77.1135,,2.31,16.88,1
2948,2026-09-13 12:56:19,801826,SDG619,India,25.5357,86.6319,6233.16,196.36,264.59,0
2949,2026-09-13 12:56:19,801824,IGO251V,India,19.0894,72.9181,266.7,62.25,269.53,0
2950,2026-09-13 12:56:19,801828,IGO1510,India,17.2599,84.188,11567.16,247.08,276.7,0
2951,2026-09-13 12:56:19,70a9f1,NYT784,Nepal,27.3975,85.9464,3764.28,109.72,303.91,0
2952,2026-09-13 12:56:19,452181,ADZ4301,Bulgaria,22.9852,84.8793,10378.44,271.64,273.58,0
2953,2026-09-13 12:56:19,800694,CG3,India,21.5226,88.2631,2133.6,77.47,329.69,0
2954,2026-09-13 12:56:19,70a9a9,9NANL,Nepal,27.7911,85.3289,2049.78,66.68,337.79,0
2955,2026-09-13 12:56:19,8018b0,AIC188,India,24.0936,72.7232,11887.2,247.47,35.01,0
2956,2026-09-13 12:56:19,8018b7,IGO078,India,13.189,77.7773,1173.48,72.54,270.41,0
2957,2026-09-13 12:56:19,8018e0,IGO6097,India,22.6451,88.4408,30.48,0.0,275.62,1
2958,2026-09-13 12:56:19,7020a2,UBG535,Bangladesh,24.0815,90.875,3352.8,103.82,41.99,0
2959,2026-09-13 12:56:19,7020bc,AWA444,Bangladesh,23.8462,90.4024,,5.92,354.38,1
2960,2026-09-13 12:56:19,7020c5,S2AFH,Bangladesh,24.3267,88.8866,1851.66,46.43,248.55,0
2961,2026-09-13 12:56:19,8004d5,AIC1SS,India,26.9289,76.1262,9753.6,224.45,210.74,0
2962,2026-09-13 12:56:19,8004dd,AIC113,India,27.5819,76.4347,6324.6,228.81,215.3,0
2963,2026-09-13 12:56:19,8017e5,IGO1074,India,25.5736,78.4057,9753.6,254.12,311.14,0
2964,2026-09-13 12:56:19,8004c4,VTAGP,India,13.7808,77.7123,7863.84,198.78,13.32,0
2965,2026-09-13 12:56:19,801914,IGO447L,India,26.6598,75.033,10927.08,243.75,351.01,0
2966,2026-09-13 12:56:19,80191a,IGO6676,India,27.4108,76.5773,8107.68,217.77,208.5,0
2967,2026-09-13 12:56:19,801903,IGO604F,India,19.0886,72.8502,182.88,86.43,270.34,0
2968,2026-09-13 12:56:19,801910,IGO950H,India,13.2197,75.6454,10363.2,237.72,324.25,0
2969,2026-09-13 12:56:19,8005f0,AIC132,India,13.5375,76.8426,7086.6,231.59,103.36,0
2970,2026-09-13 12:56:19,8005e7,VTAVS,India,12.8268,77.6062,2407.92,127.63,181.62,0
2971,2026-09-13 12:56:19,4bb0e9,THY48L,Turkey,14.3494,75.0679,11582.4,261.01,298.23,0
2972,2026-09-13 12:56:19,800735,AIC352,India,26.0845,83.4669,11887.2,248.77,107.57,0
2973,2026-09-13 12:56:19,800740,AIC2027,India,19.158,72.2179,4465.32,193.53,278.56,0
2974,2026-09-13 12:56:19,8963e0,UAE370,United Arab Emirates,21.0326,69.8572,10668.0,247.81,102.1,0
2975,2026-09-13 12:56:19,4bb185,THY125,Turkey,28.2596,79.1041,11582.4,250.49,291.19,0
2976,2026-09-13 12:56:19,8007b2,IGO6749,India,23.0737,88.4442,5036.82,185.89,6.52,0
2977,2026-09-13 12:56:19,896523,UAE1DP,United Arab Emirates,13.4574,79.4405,12192.0,248.06,309.7,0
2978,2026-09-13 12:56:19,896502,ADY044,United Arab Emirates,22.8428,70.2843,10980.42,240.74,273.68,0
2979,2026-09-13 12:56:19,4bb196,THY65,Turkey,26.3573,81.7304,11574.78,254.35,298.38,0
2980,2026-09-13 12:56:19,4bb101,THY49A,Turkey,11.3137,95.0258,11887.2,239.94,131.0,0
2981,2026-09-13 12:56:19,8008d2,FLW ME 3,India,22.643,88.4401,,3.09,188.44,1
2982,2026-09-13 12:56:19,896643,FDB539,United Arab Emirates,28.3002,75.8168,10668.0,246.45,86.17,0
2983,2026-09-13 12:56:19,896664,FDB564,United Arab Emirates,22.9199,69.023,10972.8,246.93,273.7,0
2984,2026-09-13 12:56:19,8008c6,FLW ME 4,India,22.6427,88.44,,3.09,185.62,1
2985,2026-09-13 12:56:19,896616,UAE9865,United Arab Emirates,17.9664,82.6222,13106.4,255.25,286.39,0
2986,2026-09-13 12:56:19,ac3857,FDX5384,United States,28.9675,76.2488,3749.04,168.68,106.11,0
2987,2026-09-13 12:56:19,896597,ETD406,United Arab Emirates,20.7663,70.5642,10058.4,257.21,100.25,0
2988,2026-09-13 12:56:19,461f4d,FIN131,Finland,15.443,90.704,12496.8,239.12,148.19,0
2989,2026-09-13 12:56:19,89653e,ETD446,United Arab Emirates,22.6015,72.0664,10050.78,260.98,97.48,0
2990,2026-09-13 12:56:19,76cc64,SIA421,Singapore,19.0371,72.7519,1356.36,130.24,182.04,0
2991,2026-09-13 12:56:19,507cb3,MFX5538,Uzbekistan,25.4847,83.8113,9753.6,249.62,296.57,0
2992,2026-09-13 12:56:19,896749,ABY700,United Arab Emirates,14.1211,80.6595,11582.4,239.5,296.95,0
2993,2026-09-13 12:56:19,781efb,CSS164,China,23.3523,96.7348,10668.0,122.97,240.97,0
2994,2026-09-13 12:56:19,896717,ABY824,United Arab Emirates,17.697,83.5799,10972.8,238.44,286.68,0
2995,2026-09-13 12:56:19,896682,UAE386,United Arab Emirates,24.0996,69.815,11887.2,243.91,91.33,0
2996,2026-09-13 12:56:19,780d2c,CCA011,China,26.6692,81.5529,10668.0,251.56,107.25,0
2997,2026-09-13 12:56:19,76cd75,SIA326,Singapore,13.5002,90.6545,10363.2,266.4,313.28,0
2998,2026-09-13 12:56:19,8965c0,FDB1584,United Arab Emirates,15.1823,96.2919,10972.8,249.12,293.23,0
2999,2026-09-13 12:56:19,15203a,AFL295,Russian Federation,21.1913,90.7916,10972.8,260.11,304.04,0
3000,2026-09-13 12:56:19,899035,EVA067,Taiwan,19.8493,92.8534,9144.0,277.19,305.25,0
3001,2026-09-13 12:56:19,406f79,BAW15,United Kingdom,14.4738,91.7699,11887.2,240.9,133.44,0
3002,2026-09-13 12:56:19,04022a,ETH3482,Ethiopia,22.3194,92.2854,12496.8,239.58,81.85,0
3003,2026-09-13 12:56:19,8990a5,CAL5663,Taiwan,25.7431,83.1588,10363.2,263.2,296.97,0
3004,2026-09-13 12:56:19,7814fe,CSN5016,China,23.545,90.4922,2773.68,148.58,142.46,0
3005,2026-09-13 12:56:19,06a30b,QTR8957,Qatar,22.9872,70.9117,10363.2,261.48,264.58,0
3006,2026-09-13 12:56:19,06a2e1,QTR8433,Qatar,22.9823,71.2818,9753.6,261.41,266.16,0
3007,2026-09-13 12:56:19,040255,ETH445,Ethiopia,25.897,75.4489,11582.4,235.42,216.47,0
3008,2026-09-13 12:56:19,78066c,CES2031,China,19.6671,94.8681,3375.66,111.69,268.15,0
3009,2026-09-13 12:56:19,06a052,,Qatar,23.0386,73.6699,10363.2,262.11,265.61,0
3010,2026-09-13 12:56:19,39cf11,AFR199,France,25.4659,82.8418,11582.4,257.88,305.91,0
3011,2026-09-13 12:56:19,70412b,UBA5088,Myanmar,23.419,95.8328,5181.6,125.28,176.23,0
3012,2026-09-13 12:56:19,70412a,UBA583,Myanmar,21.7063,95.9766,0.0,0.0,0.0,0
3013,2026-09-13 12:56:19,80139b,AIC2119,India,26.4537,78.0908,10294.62,241.74,329.29,0
3014,2026-09-13 12:56:19,801404,IGO6584,India,15.6438,74.2411,6797.04,208.71,144.43,0
3015,2026-09-13 12:56:19,801407,AXB1264,India,28.5596,77.0241,510.54,75.74,103.75,0
3016,2026-09-13 12:56:19,801409,AIC5TV,India,28.598,76.8439,807.72,98.95,103.53,0
3017,2026-09-13 12:56:19,801414,IGO7064,India,17.9543,83.5942,502.92,69.72,281.06,0
3018,2026-09-13 12:56:19,801415,IGO7443,India,28.4753,76.5964,2232.66,114.48,6.71,0
3019,2026-09-13 12:56:19,80142a,IGO6391,India,10.154,76.4808,411.48,100.18,191.25,0
3020,2026-09-13 12:56:19,801422,IGO1632,India,22.8615,88.4765,647.7,88.69,196.86,0
3021,2026-09-13 12:56:19,80140e,AXB194,India,22.9568,71.2653,11277.6,233.07,86.08,0
3022,2026-09-13 12:56:19,80141d,AIC2KJ,India,13.8163,90.4529,10965.18,242.01,309.31,0
3023,2026-09-13 12:56:19,80141c,IGO403K,India,18.0374,79.9856,10690.86,243.11,226.71,0
3024,2026-09-13 12:56:19,801432,IGO515,India,14.5521,79.5653,9761.22,229.87,341.61,0
3025,2026-09-13 12:56:19,801435,AXB904,India,11.9965,96.2949,11277.6,225.17,134.72,0
3026,2026-09-13 12:56:19,504e27,ATG8816,Republic of Moldova,27.5586,85.2971,2468.88,93.71,21.92,0
3027,2026-09-13 12:56:19,801492,IGO6851,India,25.9039,77.7023,8854.44,245.15,298.45,0
3028,2026-09-13 12:56:19,80148f,IGO162P,India,20.6514,84.7174,11292.84,215.27,37.72,0
3029,2026-09-13 12:56:19,80149a,IGO207,India,22.6499,88.4423,30.48,6.17,8.44,1
3030,2026-09-13 12:56:19,06a1e9,QTR8977,Qatar,22.9241,68.9546,10363.2,267.06,273.76,0
3031,2026-09-13 12:56:19,801527,IGO6518,India,14.1796,81.837,10736.58,232.6,38.26,0
3032,2026-09-13 12:56:19,801536,IGO2137,India,29.6732,77.1814,5745.48,180.38,206.05,0
3033,2026-09-13 12:56:19,8850b7,THA324,Thailand,27.4305,79.38,9296.4,249.84,123.49,0
3034,2026-09-13 12:56:19,801502,IGO261,India,15.39,73.8798,274.32,69.21,258.86,0
3035,2026-09-13 12:56:19,801506,IGO735C,India,28.1743,78.7942,7840.98,197.17,296.16,0
3036,2026-09-13 12:56:19,801508,AKJ1406,India,28.7453,77.0095,2682.24,126.98,263.02,0
3037,2026-09-13 12:56:19,06a141,QTR8040,Qatar,22.9876,83.8288,11887.2,231.89,93.31,0
3038,2026-09-13 12:56:19,80154d,IGO235,India,17.0583,81.6342,11582.4,242.7,236.41,0
3039,2026-09-13 12:56:19,06a13c,QTR928,Qatar,22.7498,70.8253,9448.8,258.17,97.1,0
3040,2026-09-13 12:56:19,801562,IGO6551,India,28.4446,77.4372,3360.42,168.46,119.85,0
3041,2026-09-13 12:56:19,801560,IGO1253,India,26.9516,82.3817,11285.22,232.8,87.21,0
3042,2026-09-13 12:56:19,80155b,IGO32Y,India,22.8832,70.4334,10683.24,239.81,59.58,0
3043,2026-09-13 12:56:19,801551,IGO751T,India,22.6794,88.333,2842.26,137.87,359.57,0
3044,2026-09-13 12:56:19,80158b,AXB1385,India,26.1909,77.179,11590.02,236.8,353.14,0
3045,2026-09-13 12:56:19,80159a,IGO6522,India,20.5275,83.7582,9144.0,235.38,281.73,0
3046,2026-09-13 12:56:19,80156a,IGO6428,India,11.0935,77.0617,10043.16,228.78,12.6,0
3047,2026-09-13 12:56:19,801581,IGO931P,India,18.0341,80.1718,11582.4,248.03,218.18,0
3048,2026-09-13 12:56:19,801597,AIC2146,India,27.4012,77.4803,6621.78,202.32,343.45,0
3049,2026-09-13 12:56:19,06a0b6,QTR650,Qatar,26.6635,79.8573,11887.2,253.49,83.94,0
3050,2026-09-13 12:56:19,680001,DRK541,Bhutan,17.5256,96.325,10972.8,241.48,317.85,0
3051,2026-09-13 12:56:19,68000a,BTN773,Bhutan,28.6097,77.7851,4892.04,170.25,296.57,0
3052,2026-09-13 12:56:19,8013cc,AIC237,India,25.9039,84.1532,11285.22,230.36,108.35,0
3053,2026-09-13 12:56:19,8013a3,AIC8GZ,India,27.8701,77.7677,7467.6,204.78,147.31,0
3054,2026-09-13 12:56:19,88516b,THA922,Thailand,22.0926,89.3539,9753.6,266.1,303.57,0
3055,2026-09-13 12:56:19,8013e3,IGO7925,India,23.7889,88.1364,3962.4,130.31,157.48,0
3056,2026-09-13 12:56:19,8013e4,IGO3YP,India,12.8329,79.9755,1760.22,92.29,210.85,0
3057,2026-09-13 12:56:19,8013f8,IGO212M,India,28.564,77.091,,3.6,351.56,1
3058,2026-09-13 12:56:19,8013ed,AIC8JL,India,25.992,77.2214,10622.28,241.41,358.05,0
3059,2026-09-13 12:56:19,800db0,AXB1036,India,28.1175,79.2713,10751.82,234.18,289.91,0
3060,2026-09-13 12:56:19,896c6c,UAF1351,United Arab Emirates,14.7411,95.5943,11277.6,227.21,103.75,0
3061,2026-09-13 12:56:19,aab841,CKS704,United States,22.3641,92.595,9144.0,267.66,261.82,0
3062,2026-09-13 12:56:19,151dc2,AFL297,Russian Federation,19.81,86.2608,11582.4,260.09,315.08,0
3063,2026-09-13 12:56:19,151db5,AFL285,Russian Federation,28.9175,75.6056,10363.2,252.87,302.62,0
3064,2026-09-13 12:56:19,151db6,AFL273,Russian Federation,17.8397,95.795,9753.6,266.17,306.67,0
3065,2026-09-13 12:56:19,4007ec,BAW2231,United Kingdom,18.0163,93.1982,11277.6,238.38,128.43,0
3066,2026-09-13 12:56:19,abda7d,FDX5080,United States,22.3292,91.219,10058.4,243.37,97.53,0
3067,2026-09-13 12:56:19,70c107,OMA891,Oman,14.1019,80.7421,11277.6,235.59,116.73,0
3068,2026-09-13 12:56:19,770453,ALK166,Sri Lanka,8.2625,78.6307,7620.0,207.82,125.22,0
3069,2026-09-13 12:56:19,7609ed,PIA159,Pakistan,31.608,74.3714,1181.1,89.85,314.77,0
3070,2026-09-13 12:56:19,78112e,CSC3902,China,23.8512,91.4359,10043.16,217.56,102.43,0
3071,2026-09-13 12:56:19,70605b,KAC412,Kuwait,18.5884,88.7185,10363.2,249.48,282.75,0
3072,2026-09-13 12:56:19,4851f6,KLM844,Kingdom of the Netherlands,23.8016,86.0647,9753.6,270.82,303.3,0
3073,2026-09-13 12:56:19,14fa3b,RSD900,Russian Federation,28.6134,76.5962,1135.38,98.65,73.64,0
3074,2026-09-13 12:56:19,8880e0,HVN55,Viet Nam,26.1943,81.755,10972.8,260.53,306.33,0
3075,2026-09-13 12:56:19,424462,PEX57H,United Kingdom,19.0245,95.4664,13716.0,208.05,80.61,0
3076,2026-09-13 12:56:19,4d0105,CLX7956,Luxembourg,24.9468,76.8203,11277.6,248.27,120.92,0
3077,2026-09-13 12:56:19,507c84,MFX558,Uzbekistan,28.5614,77.0836,,3.6,329.06,1
3078,2026-09-13 12:56:19,507c98,MFX530,Uzbekistan,28.9687,78.5419,9768.84,235.27,294.55,0
3079,2026-09-13 12:56:19,8966f3,UAE9859,United Arab Emirates,22.9612,71.8692,10363.2,258.73,261.19,0
3080,2026-09-13 12:56:19,70ac2f,9NAEV,Nepal,27.969,84.1751,2293.62,44.04,142.59,0
3081,2026-09-13 12:56:19,3951c1,AFR6727,France,24.3727,70.7571,9144.0,261.78,322.18,0
3082,2026-09-13 12:56:19,010206,MSR974,Egypt,28.7199,75.5364,7970.52,226.46,264.26,0
3083,2026-09-13 12:56:19,60182b,TUA695,Turkmenistan,22.188,91.1276,11277.6,233.38,83.8,0
3084,2026-09-13 12:56:19,76cef9,SIA321,Singapore,17.8858,88.2476,10668.0,256.46,135.08,0
3085,2026-09-13 12:56:19,507c5f,UZB562,Uzbekistan,23.187,88.0099,9761.22,245.54,315.08,0
3086,2026-09-13 12:56:19,76ceed,SIA318,Singapore,11.6249,92.2422,9144.0,262.81,317.06,0
3087,2026-09-13 12:56:19,750592,MAS103,Malaysia,19.3508,94.4409,10668.0,232.82,135.36,0
3088,2026-09-13 12:56:19,750548,XAX600,Malaysia,12.1648,92.1832,10972.8,256.29,312.72,0
3089,2026-09-13 12:56:19,780fc4,CSN6068,China,23.9346,92.4514,10675.62,232.61,117.25,0
3090,2026-09-13 12:56:19,76bcc1,TGW751,Singapore,22.667,86.7884,12496.8,237.48,127.34,0
3091,2026-09-13 12:56:19,4d23c4,GTR1576,Malta,23.4609,89.542,9387.84,232.35,258.76,0
3092,2026-09-13 12:56:19,4073ce,VIR355,United Kingdom,23.3386,72.6572,10256.52,263.79,346.7,0
3093,2026-09-13 12:56:19,3c4594,BOX539,Germany,31.6673,71.9999,9753.6,239.48,300.03,0
3094,2026-09-13 12:56:19,800c43,AIC2332,India,22.7644,86.6418,10652.76,222.86,127.21,0
3095,2026-09-13 12:56:19,800c42,AIC4NC,India,25.2746,83.5488,7360.92,201.9,76.74,0
3096,2026-09-13 12:56:19,800c88,AIC1HL,India,29.0165,76.9512,3032.76,151.49,210.4,0
3097,2026-09-13 12:56:19,4cac16,KZR932,Ireland,31.5514,74.3708,10363.2,226.19,322.11,0
3098,2026-09-13 12:56:19,4cac10,KZR564,Ireland,29.3362,78.2651,10370.82,240.15,307.16,0
3099,2026-09-13 12:56:19,70e085,SEJ5155,Cambodia,29.2596,75.4642,9570.72,241.53,204.27,0
3100,2026-09-13 12:56:19,800d0f,IGO71AT,India,23.0544,89.8487,8580.12,228.94,252.75,0
3101,2026-09-13 12:56:19,800d03,SEJ2951,India,28.6444,76.7521,1013.46,95.84,104.93,0
3102,2026-09-13 12:56:19,800d2d,IGO6447,India,28.5686,77.0793,289.56,67.14,105.1,0
3103,2026-09-13 12:56:19,800d40,,India,28.5444,77.0951,365.76,79.86,103.41,0
3104,2026-09-13 12:56:19,39d2af,AFR253,France,28.5341,74.8223,11582.4,248.55,271.42,0
3105,2026-09-13 12:56:19,800be6,AIC8VE,India,28.5515,77.0731,,10.29,284.06,1
3106,2026-09-13 12:56:19,4b1920,SWR181,Switzerland,21.1699,90.821,9144.0,272.96,304.17,0
3107,2026-09-13 12:56:19,4d2012,SVA798,Malta,23.0183,86.301,11277.6,234.78,101.63,0
3108,2026-09-13 12:56:19,800ce0,IGO7918,India,13.1887,77.8099,1356.36,74.08,270.0,0
3109,2026-09-13 12:56:19,800cb9,AIC2DP,India,13.0589,80.3516,1013.46,90.66,247.66,0
3110,2026-09-13 12:56:19,800cc3,,India,14.0294,80.2568,5189.22,128.13,168.42,0
3111,2026-09-13 13:01:21,80162a,IGO7676,India,27.839,75.6415,5669.28,139.56,60.88,0
3112,2026-09-13 13:01:21,80163c,IGO331,India,28.2083,79.5139,3093.72,182.79,346.16,0
3113,2026-09-13 13:01:21,80160a,IGO539T,India,21.8398,84.0473,11887.2,218.57,15.7,0
3114,2026-09-13 13:01:21,801616,IGO311F,India,22.8951,88.4746,1310.64,108.19,188.48,0
3115,2026-09-13 13:01:21,801621,IGO83FK,India,28.4582,77.7956,4884.42,152.67,192.26,0
3116,2026-09-13 13:01:21,801622,IGO2491,India,30.0407,75.3596,10668.0,223.81,163.44,0
3117,2026-09-13 13:01:21,801632,AKJ1814,India,22.4817,73.4661,11277.6,228.33,20.03,0
3118,2026-09-13 13:01:21,80161e,AKJ1514,India,25.4016,85.7745,5303.52,204.38,193.69,0
3119,2026-09-13 13:01:21,801685,AXB1561,India,26.2891,86.5259,10058.4,230.19,98.09,0
3120,2026-09-13 13:01:21,801686,AXB882,India,12.1595,93.8891,11277.6,225.65,65.77,0
3121,2026-09-13 13:01:21,80167c,AXB1626,India,15.3303,75.8515,10668.0,229.18,135.36,0
3122,2026-09-13 13:01:21,801699,AXB1238,India,19.0628,72.7899,853.44,123.48,189.11,0
3123,2026-09-13 13:01:21,801671,AIC3SR,India,25.9772,77.222,11574.78,237.3,358.01,0
3124,2026-09-13 13:01:21,80169c,IGO19M,India,21.1647,68.7862,11887.2,218.1,103.64,0
3125,2026-09-13 13:01:21,8014a3,IGO697J,India,28.5111,77.3272,2263.14,136.01,108.98,0
3126,2026-09-13 13:01:21,8014b4,IGO1127,India,12.9578,77.5231,4419.6,185.58,176.34,0
3127,2026-09-13 13:01:21,8014e8,IGO975P,India,19.5958,72.5402,6530.34,200.17,320.21,0
3128,2026-09-13 13:01:21,8014dc,IGO1427,India,27.7582,74.4026,10980.42,238.16,189.2,0
3129,2026-09-13 13:01:21,8014f4,IGO9302,India,23.1355,89.3353,5486.4,211.44,242.94,0
3130,2026-09-13 13:01:21,8014f7,IGO1871,India,9.7589,77.7958,11582.4,243.13,217.09,0
3131,2026-09-13 13:01:21,8014f2,AKJ2004,India,11.7111,76.1651,8907.78,207.33,154.58,0
3132,2026-09-13 13:01:21,8014bc,IGO133,India,23.0339,73.2346,11201.4,228.66,351.85,0
3133,2026-09-13 13:01:21,8014c8,IGO6653,India,13.4878,76.7883,7612.38,210.98,296.19,0
3134,2026-09-13 13:01:21,8014d3,IGO54N,India,12.1759,79.9995,11582.4,236.81,177.88,0
3135,2026-09-13 13:01:21,8014d0,AIC4216,India,20.3361,70.1309,11277.6,220.85,106.79,0
3136,2026-09-13 13:01:21,801600,AIC11E,India,28.549,77.0838,,0.0,284.06,1
3137,2026-09-13 13:01:21,801605,AXB1617,India,27.5826,78.8964,8229.6,197.09,111.27,0
3138,2026-09-13 13:01:21,801606,AXB1216,India,17.1132,81.7793,10965.18,251.99,236.83,0
3139,2026-09-13 13:01:21,801603,AIC2QW,India,27.2323,76.8072,8907.78,217.77,177.83,0
3140,2026-09-13 13:01:21,801607,AXB1068,India,27.6585,76.6306,6408.42,196.72,207.24,0
3141,2026-09-13 13:01:21,801778,IGO36AK,India,25.8568,83.2708,10972.8,243.86,288.32,0
3142,2026-09-13 13:01:21,801775,IGO850,India,28.5571,77.1291,411.48,90.34,104.51,0
3143,2026-09-13 13:01:21,801736,IGO196,India,12.9993,77.8536,3063.24,161.57,29.99,0
3144,2026-09-13 13:01:21,801741,IGO342T,India,28.5665,77.0883,243.84,70.12,104.44,0
3145,2026-09-13 13:01:21,801742,IGO31VD,India,27.4579,79.4674,10012.68,232.91,122.46,0
3146,2026-09-13 13:01:21,80172d,IGO2009,India,28.3917,77.2953,3657.6,154.25,315.81,0
3147,2026-09-13 13:01:21,80172e,IGO971P,India,19.0472,81.5657,10972.8,259.22,239.47,0
3148,2026-09-13 13:01:21,801746,IGO6396,India,19.0836,88.6788,10972.8,233.83,351.91,0
3149,2026-09-13 13:01:21,80177e,IGO1064,India,23.4591,85.2887,10370.82,248.02,312.23,0
3150,2026-09-13 13:01:21,800462,AIC114,India,28.5753,76.6628,2042.16,97.81,73.19,0
3151,2026-09-13 13:01:21,801798,IGO335L,India,26.2508,77.2105,9989.82,222.5,357.22,0
3152,2026-09-13 13:01:21,801792,IGO324E,India,25.5593,76.8804,10668.0,232.69,177.85,0
3153,2026-09-13 13:01:21,8016a2,AKJ619,India,10.713,96.9954,9144.0,243.41,333.38,0
3154,2026-09-13 13:01:21,8016a3,IGO59P,India,23.1361,89.2434,6903.72,185.93,56.97,0
3155,2026-09-13 13:01:21,8016a7,AIC9CQ,India,31.4563,75.524,10553.7,221.58,205.73,0
3156,2026-09-13 13:01:21,8015c0,IGO1157,India,25.6294,82.0025,10126.98,241.34,63.82,0
3157,2026-09-13 13:01:21,8015d9,IGO7194,India,13.0288,80.2716,579.12,72.8,248.88,0
3158,2026-09-13 13:01:21,8015a4,IGO5365,India,27.1317,79.3265,10668.0,220.63,107.51,0
3159,2026-09-13 13:01:21,8015ad,IGO664E,India,18.8657,85.681,10683.24,230.41,41.2,0
3160,2026-09-13 13:01:21,8015fc,IGO2516,India,23.0755,89.9221,9433.56,223.62,255.07,0
3161,2026-09-13 13:01:21,8002cb,VUAVS,India,27.3014,77.81,2263.14,138.57,237.43,0
3162,2026-09-13 13:01:21,8002ce,IFC1,India,28.4355,77.123,3352.8,135.27,283.19,0
3163,2026-09-13 13:01:21,8015e3,IGO5198,India,30.1581,76.069,11887.2,238.11,156.98,0
3164,2026-09-13 13:01:21,8015dd,SDG235,India,30.5881,76.6311,7620.0,208.11,136.0,0
3165,2026-09-13 13:01:21,8015f7,AIC9HA,India,26.0224,74.7441,11887.2,240.94,27.88,0
3166,2026-09-13 13:01:21,70203f,BBC136,Bangladesh,24.0163,90.3493,1516.38,104.31,283.69,0
3167,2026-09-13 13:01:21,70204b,BBC340,Bangladesh,22.9399,71.2625,10058.4,246.53,85.93,0
3168,2026-09-13 13:01:21,801723,IGO6109,India,26.399,74.1522,10370.82,235.89,191.7,0
3169,2026-09-13 13:01:21,80171a,IGO376,India,20.6443,83.869,10668.0,224.32,63.73,0
3170,2026-09-13 13:01:21,801726,IGO28AV,India,26.8764,80.7407,9151.62,245.96,310.42,0
3171,2026-09-13 13:01:21,a75b5e,UPS25,United States,13.5493,77.5,3520.44,199.3,339.13,0
3172,2026-09-13 13:01:21,801883,IGO1494,India,18.9791,88.904,11567.16,228.02,312.07,0
3173,2026-09-13 13:01:21,80187a,IGO5192,India,28.5217,77.9863,3962.4,169.8,295.87,0
3174,2026-09-13 13:01:21,702098,UBG107,Bangladesh,23.4227,90.773,3528.06,81.08,140.15,0
3175,2026-09-13 13:01:21,70209a,BBC208,Bangladesh,23.8431,90.4047,,6.94,323.44,1
3176,2026-09-13 13:01:21,800584,AIC186,India,24.0233,89.5739,10972.8,273.31,257.17,0
3177,2026-09-13 13:01:21,70209b,BBC355,Bangladesh,27.3829,80.0719,11582.4,250.83,310.09,0
3178,2026-09-13 13:01:21,70a8e7,SHA435,Nepal,28.0635,82.4101,3657.6,168.05,275.8,0
3179,2026-09-13 13:01:21,70a8e9,,Nepal,27.5389,85.713,2827.02,114.45,311.36,0
3180,2026-09-13 13:01:21,8017a1,AXB46K,India,19.7545,83.8886,10972.8,247.75,228.2,0
3181,2026-09-13 13:01:21,8016e0,IGO2588,India,27.3662,80.0945,9745.98,207.36,310.17,0
3182,2026-09-13 13:01:21,8016da,IGO253H,India,24.0177,87.15,10058.4,225.61,128.33,0
3183,2026-09-13 13:01:21,8016dd,IGO874,India,27.4914,81.7178,10370.82,236.61,308.29,0
3184,2026-09-13 13:01:21,8016af,AXB54E,India,28.3084,77.5746,3703.32,157.05,131.68,0
3185,2026-09-13 13:01:21,8016bc,IGO521C,India,22.6419,88.4404,,0.9,275.62,1
3186,2026-09-13 13:01:21,8016ba,IGO535,India,26.1244,85.5922,1470.66,139.1,71.9,0
3187,2026-09-13 13:01:21,8016c8,AXB82H,India,14.4464,77.855,8839.2,205.63,14.49,0
3188,2026-09-13 13:01:21,8016c9,AXB1514,India,22.6562,88.4444,30.48,0.64,95.62,1
3189,2026-09-13 13:01:21,8016d6,IGO561J,India,13.2788,77.7988,4152.9,177.43,103.75,0
3190,2026-09-13 13:01:21,896121,UAE334,United Arab Emirates,22.9192,68.7551,10058.4,251.59,93.75,0
3191,2026-09-13 13:01:21,8016ca,AXB2932,India,23.7569,87.767,11582.4,254.28,224.59,0
3192,2026-09-13 13:01:21,8016cb,AXB1971,India,13.2873,77.6024,1920.24,133.49,339.47,0
3193,2026-09-13 13:01:21,8016cc,AXB35E,India,20.2818,82.2483,11582.4,248.71,222.4,0
3194,2026-09-13 13:01:21,8003e4,AIC169,India,29.3673,75.3254,10058.4,248.81,210.44,0
3195,2026-09-13 13:01:21,704729,MMA782,Myanmar,21.5472,94.747,5181.6,126.87,157.59,0
3196,2026-09-13 13:01:21,801800,IGO2487,India,27.8121,76.5397,5570.22,228.17,229.85,0
3197,2026-09-13 13:01:21,801811,AKJ1146,India,12.9986,80.1913,106.68,83.03,249.32,0
3198,2026-09-13 13:01:21,80182a,IGO573Y,India,20.5788,82.3242,10972.8,245.37,219.13,0
3199,2026-09-13 13:01:21,80182f,IGO5069,India,19.0891,72.8923,137.16,66.89,269.12,0
3200,2026-09-13 13:01:21,80182d,IGO2025,India,25.3464,83.0434,8625.84,255.74,248.65,0
3201,2026-09-13 13:01:21,80183a,IGO927T,India,10.1538,76.4718,381.0,69.5,267.88,0
3202,2026-09-13 13:01:21,801819,IGO175,India,28.4787,76.929,3048.0,127.89,284.2,0
3203,2026-09-13 13:01:21,80180b,IGO1013,India,9.5144,96.9093,10058.4,240.22,133.09,0
3204,2026-09-13 13:01:21,801826,SDG619,India,25.4798,85.9956,8282.94,222.83,264.3,0
3205,2026-09-13 13:01:21,801824,IGO251V,India,19.0911,72.8577,,2.06,28.12,1
3206,2026-09-13 13:01:21,801828,IGO1510,India,17.1644,83.5009,11582.4,248.13,267.86,0
3207,2026-09-13 13:01:21,70a9f1,NYT784,Nepal,27.5783,85.6823,3200.4,106.06,300.3,0
3208,2026-09-13 13:01:21,452181,ADZ4301,Bulgaria,23.0289,84.0767,10378.44,269.47,273.17,0
3209,2026-09-13 13:01:21,800694,CG3,India,21.5226,88.2631,2125.98,77.47,329.69,0
3210,2026-09-13 13:01:21,70a9a9,9NANL,Nepal,27.8241,85.3115,2026.92,66.68,324.1,0
3211,2026-09-13 13:01:21,8018e0,IGO6097,India,22.6451,88.4408,,0.0,275.62,1
3212,2026-09-13 13:01:21,7020a2,UBG535,Bangladesh,24.1665,90.9579,3345.18,125.31,42.0,0
3213,2026-09-13 13:01:21,7020ab,UBG205,Bangladesh,13.6942,80.5909,4518.66,190.31,202.41,0
3214,2026-09-13 13:01:21,7020bc,AWA444,Bangladesh,23.8463,90.4032,,0.45,236.25,1
3215,2026-09-13 13:01:21,7020c5,S2AFH,Bangladesh,24.3852,88.7478,1767.84,55.79,302.96,0
3216,2026-09-13 13:01:21,8004d5,AIC1SS,India,26.405,75.7815,9144.0,218.63,210.55,0
3217,2026-09-13 13:01:21,8004dd,AIC113,India,27.0427,76.0082,8092.44,248.91,215.07,0
3218,2026-09-13 13:01:21,8017e5,IGO1074,India,26.2226,78.0249,9745.98,252.01,337.94,0
3219,2026-09-13 13:01:21,8017e3,AKJ1835,India,22.3164,73.4884,11277.6,241.54,349.07,0
3220,2026-09-13 13:01:21,8004c4,VTAGP,India,14.3308,77.8457,9151.62,219.99,13.39,0
3221,2026-09-13 13:01:21,801914,IGO447L,India,27.2356,75.2831,9372.6,229.77,34.97,0
3222,2026-09-13 13:01:21,80191a,IGO6676,India,26.8635,76.2476,9448.8,232.23,208.15,0
3223,2026-09-13 13:01:21,801908,IGO6047,India,19.0897,72.932,342.9,64.84,268.64,0
3224,2026-09-13 13:01:21,801903,IGO604F,India,19.278,72.7809,2689.86,172.71,5.81,0
3225,2026-09-13 13:01:21,801910,IGO950H,India,14.2229,74.9009,10347.96,236.77,323.93,0
3226,2026-09-13 13:01:21,800797,VUAUJ,India,25.0659,77.27,11590.02,236.74,1.62,0
3227,2026-09-13 13:01:21,8005f0,AIC132,India,13.4053,77.4357,4450.08,173.81,103.87,0
3228,2026-09-13 13:01:21,8005ee,AIC155,India,28.4664,77.125,1127.76,140.69,218.17,0
3229,2026-09-13 13:01:21,8005e7,VTAVS,India,12.4361,77.5942,4533.9,150.27,181.57,0
3230,2026-09-13 13:01:21,4bb0e6,THY209,Turkey,12.836,81.4617,11582.4,259.39,303.6,0
3231,2026-09-13 13:01:21,4bb0e9,THY48L,Turkey,14.7492,74.3014,11582.4,263.52,298.07,0
3232,2026-09-13 13:01:21,781d3c,HYT9092,China,23.8335,90.4057,220.98,96.3,143.25,0
3233,2026-09-13 13:01:21,800735,AIC352,India,25.8744,84.1895,11887.2,248.75,107.95,0
3234,2026-09-13 13:01:21,800740,AIC2027,India,19.1624,72.1869,4610.1,193.53,278.56,0
3235,2026-09-13 13:01:21,8963e0,UAE370,United Arab Emirates,20.8999,70.5776,10668.0,252.63,101.04,0
3236,2026-09-13 13:01:21,4bb185,THY125,Turkey,28.4873,78.3736,11582.4,248.07,271.66,0
3237,2026-09-13 13:01:21,8007b2,IGO6749,India,23.5919,88.6167,7673.34,203.39,27.08,0
3238,2026-09-13 13:01:21,896523,UAE1DP,United Arab Emirates,13.8735,78.9267,12192.0,246.61,309.67,0
3239,2026-09-13 13:01:21,896502,ADY044,United Arab Emirates,22.8858,69.5709,10972.8,239.82,274.06,0
3240,2026-09-13 13:01:21,4bb196,THY65,Turkey,26.6531,81.1158,11574.78,253.38,297.97,0
3241,2026-09-13 13:01:21,406891,BAW33,United Kingdom,9.9182,93.0576,12496.8,234.47,139.0,0
3242,2026-09-13 13:01:21,4bb101,THY49A,Turkey,10.8774,95.5346,11887.2,243.96,130.98,0
3243,2026-09-13 13:01:21,896643,FDB539,United Arab Emirates,28.343,76.5819,10668.0,245.33,86.51,0
3244,2026-09-13 13:01:21,896664,FDB564,United Arab Emirates,22.9577,68.2834,10972.8,249.51,270.12,0
3245,2026-09-13 13:01:21,8008c3,IGO9204,India,22.6436,88.4415,,0.0,5.62,1
3246,2026-09-13 13:01:21,8008c7,FLW ME 2,India,22.6506,88.4473,,14.92,5.62,1
3247,2026-09-13 13:01:21,896616,UAE9865,United Arab Emirates,18.1365,82.0146,13106.4,258.21,286.2,0
3248,2026-09-13 13:01:21,ac3857,FDX5384,United States,28.8566,76.6789,2804.16,118.51,106.39,0
3249,2026-09-13 13:01:21,896597,ETD406,United Arab Emirates,20.6785,71.0732,10058.4,255.38,100.56,0
3250,2026-09-13 13:01:21,461f4d,FIN131,Finland,14.9825,91.1866,12496.8,237.74,132.63,0
3251,2026-09-13 13:01:21,896585,,United Arab Emirates,32.0461,69.9035,10668.0,250.75,31.41,0
3252,2026-09-13 13:01:21,89653e,ETD446,United Arab Emirates,22.5503,72.4807,10058.4,260.61,97.71,0
3253,2026-09-13 13:01:21,507cb3,MFX5538,Uzbekistan,25.5811,83.1062,9745.98,243.68,255.7,0
3254,2026-09-13 13:01:21,896749,ABY700,United Arab Emirates,14.3556,80.1849,11567.16,243.18,296.78,0
3255,2026-09-13 13:01:21,896717,ABY824,United Arab Emirates,17.8877,82.9091,10988.04,248.89,286.45,0
3256,2026-09-13 13:01:21,896682,UAE386,United Arab Emirates,24.0805,70.551,11887.2,245.54,94.21,0
3257,2026-09-13 13:01:21,780d2c,CCA011,China,26.4619,82.2872,10668.0,249.41,107.65,0
3258,2026-09-13 13:01:21,76cd75,SIA326,Singapore,13.5002,90.6545,10363.2,264.1,314.68,0
3259,2026-09-13 13:01:21,8965c0,FDB1584,United Arab Emirates,15.4495,95.6412,10972.8,249.94,292.77,0
3260,2026-09-13 13:01:21,15203a,AFL295,Russian Federation,21.5913,90.1583,10972.8,256.54,303.88,0
3261,2026-09-13 13:01:21,899035,EVA067,Taiwan,20.29,92.1905,9144.0,277.73,305.04,0
3262,2026-09-13 13:01:21,406f79,BAW15,United Kingdom,14.0084,92.2529,11879.58,240.83,134.31,0
3263,2026-09-13 13:01:21,04022a,ETH3482,Ethiopia,22.4172,92.9943,12496.8,243.29,81.73,0
3264,2026-09-13 13:01:21,8990a5,CAL5663,Taiwan,26.0695,82.444,10363.2,261.82,296.62,0
3265,2026-09-13 13:01:21,7814fe,CSN5016,China,23.2277,90.8229,5547.36,172.08,135.85,0
3266,2026-09-13 13:01:21,06a30b,QTR8957,Qatar,22.9176,70.1337,10363.2,263.68,264.29,0
3267,2026-09-13 13:01:21,06a2e1,QTR8433,Qatar,22.9324,70.501,9753.6,262.54,265.84,0
3268,2026-09-13 13:01:21,4ba959,THY72,Turkey,31.4796,72.6604,10668.0,271.95,116.03,0
3269,2026-09-13 13:01:21,040255,ETH445,Ethiopia,25.6685,75.1772,11582.4,237.88,228.07,0
3270,2026-09-13 13:01:21,704012,MMA361,Myanmar,19.1592,96.8796,10363.2,238.65,341.53,0
3271,2026-09-13 13:01:21,06a052,QTR3R,Qatar,22.9692,72.746,10363.2,263.3,265.18,0
3272,2026-09-13 13:01:21,39cf11,AFR199,France,25.8902,82.2121,11582.4,258.26,306.41,0
3273,2026-09-13 13:01:21,70412b,UBA5088,Myanmar,23.073,95.8582,5181.6,125.79,176.25,0
3274,2026-09-13 13:01:21,70412a,UBA583,Myanmar,21.701,95.8644,1272.54,94.59,309.93,0
3275,2026-09-13 13:01:21,80139b,AIC2119,India,27.0252,77.7106,7901.94,228.86,329.17,0
3276,2026-09-13 13:01:21,801404,IGO6584,India,15.2895,74.7488,8755.38,230.19,122.59,0
3277,2026-09-13 13:01:21,801407,AXB1264,India,28.5534,77.113,,6.69,16.88,1
3278,2026-09-13 13:01:21,801409,AIC5TV,India,28.5493,77.0721,266.7,68.37,103.93,0
3279,2026-09-13 13:01:21,801414,IGO7064,India,17.973,83.501,,11.32,104.06,1
3280,2026-09-13 13:01:21,801415,IGO7443,India,28.6204,76.7703,1310.64,94.62,74.23,0
3281,2026-09-13 13:01:21,80142a,IGO6391,India,10.1534,76.4635,320.04,100.18,191.25,0
3282,2026-09-13 13:01:21,801442,IGO545Y,India,26.0736,76.3162,6697.98,195.3,156.07,0
3283,2026-09-13 13:01:21,80140c,IGO43V,India,28.561,77.0849,,0.0,59.06,1
3284,2026-09-13 13:01:21,801422,IGO1632,India,22.6507,88.4453,22.86,71.31,185.38,0
3285,2026-09-13 13:01:21,80140e,AXB194,India,22.9992,71.962,11285.22,235.03,86.49,0
3286,2026-09-13 13:01:21,80141d,AIC2KJ,India,13.8163,90.4529,10965.18,239.77,313.87,0
3287,2026-09-13 13:01:21,801431,IGO87RT,India,18.0367,80.1719,10980.42,248.5,212.14,0
3288,2026-09-13 13:01:21,801435,AXB904,India,11.4607,96.6166,11285.22,226.85,153.32,0
3289,2026-09-13 13:01:21,504e27,ATG8816,Republic of Moldova,27.674,85.3488,1341.12,91.71,21.38,0
3290,2026-09-13 13:01:21,801499,,India,26.4778,76.5206,3962.4,211.15,121.75,0
3291,2026-09-13 13:01:21,801492,IGO6851,India,26.1282,77.0441,7307.58,225.52,272.35,0
3292,2026-09-13 13:01:21,80145d,IGO5251,India,19.1266,72.7217,1600.2,139.75,346.37,0
3293,2026-09-13 13:01:21,80148f,IGO162P,India,21.1201,85.1034,11269.98,213.01,37.84,0
3294,2026-09-13 13:01:21,80149a,IGO207,India,22.5813,88.4557,739.14,133.4,108.43,0
3295,2026-09-13 13:01:21,06a1e9,QTR8977,Qatar,22.958,68.1591,10363.2,265.97,270.0,0
3296,2026-09-13 13:01:21,504e6c,TVR4704,Republic of Moldova,21.8696,96.3958,9144.0,267.03,284.73,0
3297,2026-09-13 13:01:21,801536,IGO2137,India,29.2758,76.9339,4221.48,150.35,194.46,0
3298,2026-09-13 13:01:21,8850b7,THA324,Thailand,27.0362,79.9991,11049.0,245.25,125.52,0
3299,2026-09-13 13:01:21,801506,IGO735C,India,28.4029,78.2644,6568.44,184.53,295.78,0
3300,2026-09-13 13:01:21,801508,AKJ1406,India,28.7161,76.6571,2125.98,106.38,221.86,0
3301,2026-09-13 13:01:21,06a141,QTR8040,Qatar,22.9433,84.5145,11887.2,230.66,94.48,0
3302,2026-09-13 13:01:21,06a13c,QTR928,Qatar,22.6609,71.585,10066.02,254.15,97.33,0
3303,2026-09-13 13:01:21,801562,IGO6551,India,28.1943,77.9288,6416.04,195.45,120.01,0
3304,2026-09-13 13:01:21,801560,IGO1253,India,26.987,83.0904,11269.98,230.49,83.33,0
3305,2026-09-13 13:01:21,80155b,IGO32Y,India,23.2032,71.0546,10683.24,239.49,60.96,0
3306,2026-09-13 13:01:21,801539,,India,18.6788,73.4711,11887.2,229.34,5.15,0
3307,2026-09-13 13:01:21,801551,IGO751T,India,23.1545,88.2953,6347.46,201.19,344.58,0
3308,2026-09-13 13:01:21,80158b,AXB1385,India,26.8328,77.0929,11574.78,234.75,353.08,0
3309,2026-09-13 13:01:21,80159c,,India,28.5654,77.0819,,4.63,61.88,1
3310,2026-09-13 13:01:21,80159a,IGO6522,India,20.7486,83.103,7269.48,233.59,295.15,0
3311,2026-09-13 13:01:21,80159b,SDG622,India,21.1448,71.5601,9144.0,217.74,325.78,0
3312,2026-09-13 13:01:21,80156a,IGO6428,India,11.7181,77.1972,10058.4,239.73,11.89,0
3313,2026-09-13 13:01:21,801597,AIC2146,India,27.8972,77.3173,5196.84,175.32,343.64,0
3314,2026-09-13 13:01:21,801591,,India,28.5688,77.0975,,3.34,261.56,1
3315,2026-09-13 13:01:21,06a0b6,QTR650,Qatar,26.7339,80.6166,11879.58,253.33,84.29,0
3316,2026-09-13 13:01:21,680001,DRK541,Bhutan,18.021,95.8568,10980.42,243.27,317.74,0
3317,2026-09-13 13:01:21,68000a,BTN773,Bhutan,28.7609,77.3138,2750.82,147.7,271.6,0
3318,2026-09-13 13:01:21,8013cc,AIC237,India,25.7039,84.8171,11269.98,228.41,108.52,0
3319,2026-09-13 13:01:21,8013a3,AIC8GZ,India,27.3723,78.1252,9128.76,221.78,147.6,0
3320,2026-09-13 13:01:21,88516b,THA922,Thailand,22.4951,88.6871,9753.6,272.3,292.79,0
3321,2026-09-13 13:01:21,8013e3,IGO7925,India,23.4472,88.2905,3421.38,135.85,157.51,0
3322,2026-09-13 13:01:21,8013e4,IGO3YP,India,12.8188,79.9668,1859.28,95.73,210.7,0
3323,2026-09-13 13:01:21,8013f8,IGO212M,India,28.5658,77.0909,,5.4,47.81,1
3324,2026-09-13 13:01:21,8013ed,AIC8JL,India,26.6347,77.1905,7825.74,216.8,357.42,0
3325,2026-09-13 13:01:21,800db0,AXB1036,India,28.3352,78.5892,8602.98,219.19,289.75,0
3326,2026-09-13 13:01:21,710415,,Saudi Arabia,20.2702,81.781,11879.58,232.97,107.87,0
3327,2026-09-13 13:01:21,896c6c,UAF1351,United Arab Emirates,14.6673,96.2366,11277.6,229.56,91.8,0
3328,2026-09-13 13:01:21,4246b2,AZG434,United Kingdom,25.1833,77.442,9753.6,262.72,281.18,0
3329,2026-09-13 13:01:21,aab841,CKS704,United States,22.2614,91.8004,9144.0,273.79,271.62,0
3330,2026-09-13 13:01:21,151dc2,AFL297,Russian Federation,20.3235,85.744,11582.4,256.38,321.68,0
3331,2026-09-13 13:01:21,151db5,AFL285,Russian Federation,29.2875,74.9504,10363.2,245.6,307.25,0
3332,2026-09-13 13:01:21,151db6,AFL273,Russian Federation,18.2779,95.1795,9753.6,267.0,306.54,0
3333,2026-09-13 13:01:21,4007ec,BAW2231,United Kingdom,17.6043,93.7386,11277.6,239.42,128.54,0
3334,2026-09-13 13:01:21,abda7d,FDX5080,United States,22.2742,91.9454,10058.4,252.24,81.56,0
3335,2026-09-13 13:01:21,70c107,OMA891,Oman,13.8044,81.3383,11277.6,234.68,117.13,0
3336,2026-09-13 13:01:21,770453,ALK166,Sri Lanka,8.0914,78.8739,7284.72,207.4,125.31,0
3337,2026-09-13 13:01:21,7609ed,PIA159,Pakistan,31.608,74.3714,1181.1,89.85,314.77,0
3338,2026-09-13 13:01:21,7609f2,SIF703,Pakistan,30.0997,71.4122,655.32,76.25,3.09,0
3339,2026-09-13 13:01:21,78112e,CSC3902,China,23.7185,92.0901,10073.64,230.28,102.51,0
3340,2026-09-13 13:01:21,70605b,KAC412,Kuwait,18.759,88.0143,10363.2,251.29,283.98,0
3341,2026-09-13 13:01:21,78007e,CAO1099,China,28.5592,77.0785,,10.29,14.06,1
3342,2026-09-13 13:01:21,4851f6,KLM844,Kingdom of the Netherlands,24.2097,85.3836,9753.6,267.4,302.99,0
3343,2026-09-13 13:01:21,14fa3b,RSD900,Russian Federation,28.5859,76.9017,815.34,96.57,104.18,0
3344,2026-09-13 13:01:21,8880e0,HVN55,Viet Nam,26.6148,81.1152,10972.8,257.04,306.04,0
3345,2026-09-13 13:01:21,4d0105,CLX7956,Luxembourg,24.7991,77.0906,11277.6,249.24,121.07,0
3346,2026-09-13 13:01:21,76ccd0,SIA7328,Singapore,25.4596,76.0577,9753.6,275.03,307.17,0
3347,2026-09-13 13:01:21,507c84,MFX558,Uzbekistan,28.5655,77.0819,,6.69,61.88,1
3348,2026-09-13 13:01:21,507c98,MFX530,Uzbekistan,29.1599,77.8438,9761.22,232.36,281.88,0
3349,2026-09-13 13:01:21,8966f3,UAE9859,United Arab Emirates,22.8493,71.1069,10363.2,258.38,260.95,0
3350,2026-09-13 13:01:21,75044d,MAS1,Malaysia,10.0422,92.9496,11887.2,237.77,139.04,0
3351,2026-09-13 13:01:21,70ac2f,9NAEV,Nepal,27.9426,84.1358,2263.14,83.02,329.46,0
3352,2026-09-13 13:01:21,010206,MSR974,Egypt,28.6536,74.8123,8854.44,235.88,263.99,0
3353,2026-09-13 13:01:21,60182b,TUA695,Turkmenistan,22.2551,91.8131,11277.6,232.73,87.59,0
3354,2026-09-13 13:01:21,76cef9,SIA321,Singapore,16.5209,89.6522,10675.62,258.64,135.24,0
3355,2026-09-13 13:01:21,507c5f,UZB562,Uzbekistan,23.6701,87.4948,9745.98,245.58,315.93,0
3356,2026-09-13 13:01:21,76ceed,SIA318,Singapore,11.6249,92.2422,9144.0,260.11,325.96,0
3357,2026-09-13 13:01:21,750592,MAS103,Malaysia,18.8924,94.9162,10668.0,233.18,135.45,0
3358,2026-09-13 13:01:21,750548,XAX600,Malaysia,12.6751,91.6212,10972.8,254.84,312.71,0
3359,2026-09-13 13:01:21,780fc4,CSN6068,China,23.6409,93.0679,10668.0,231.94,117.47,0
3360,2026-09-13 13:01:21,76bcc1,TGW751,Singapore,22.2496,87.3311,12496.8,237.81,132.28,0
3361,2026-09-13 13:01:21,4d23c4,GTR1576,Malta,23.4364,88.8274,10271.76,244.36,270.0,0
3362,2026-09-13 13:01:21,39b221,,France,24.8987,78.0851,10363.2,259.24,275.01,0
3363,2026-09-13 13:01:21,4073ce,VIR355,United Kingdom,24.049,72.4626,10363.2,265.39,345.75,0
3364,2026-09-13 13:01:21,800b63,AXB1019,India,32.0902,75.8512,9867.9,244.84,150.69,0
3365,2026-09-13 13:01:21,86e780,JAL39,Japan,23.4299,96.4493,11574.78,249.55,271.06,0
3366,2026-09-13 13:01:21,800c43,AIC2332,India,22.3922,87.1671,11277.6,220.63,130.93,0
3367,2026-09-13 13:01:21,800c42,AIC4NC,India,25.3743,84.1141,4663.44,177.02,80.13,0
3368,2026-09-13 13:01:21,800c11,IGO6044,India,13.453,80.4029,2133.6,123.73,186.45,0
3369,2026-09-13 13:01:21,800c0c,AIC6PQ,India,10.1502,76.3409,655.32,109.19,280.04,0
3370,2026-09-13 13:01:21,800c88,AIC1HL,India,28.7892,76.6845,2438.4,117.75,234.78,0
3371,2026-09-13 13:01:21,4cac16,KZR932,Ireland,31.722,74.2144,10363.2,226.01,321.75,0
3372,2026-09-13 13:01:21,4cac10,KZR564,Ireland,29.7281,77.6691,10370.82,233.76,306.77,0
3373,2026-09-13 13:01:21,70e085,SEJ5155,Cambodia,28.7242,75.0079,9745.98,243.56,217.62,0
3374,2026-09-13 13:01:21,70e084,SEJ253,Cambodia,28.5671,77.0966,,2.06,205.31,1
3375,2026-09-13 13:01:21,800d0f,IGO71AT,India,22.7613,89.3361,6096.0,186.81,230.7,0
3376,2026-09-13 13:01:21,800d03,SEJ2951,India,28.5834,77.015,594.36,68.63,104.77,0
3377,2026-09-13 13:01:21,800d2d,IGO6447,India,28.5636,77.101,,29.32,104.06,1
3378,2026-09-13 13:01:21,800d40,AIC2HX,India,28.2084,77.0718,3208.02,152.8,197.03,0
3379,2026-09-13 13:01:21,800d6a,IGO7923,India,11.9349,77.8753,3261.36,105.42,352.15,0
3380,2026-09-13 13:01:21,39d2af,AFR253,France,28.5485,74.0541,11582.4,249.54,270.94,0
3381,2026-09-13 13:01:21,4b1920,SWR181,Switzerland,21.6141,90.1808,9144.0,271.46,305.05,0
3382,2026-09-13 13:01:21,4d2012,SVA798,Malta,22.9086,86.9869,11277.6,233.68,99.5,0
3383,2026-09-13 13:01:21,800ce4,AXB252,India,19.2163,72.6136,3649.98,136.05,106.93,0
3384,2026-09-13 13:01:21,800ce0,IGO7918,India,13.1893,77.7448,998.22,60.7,270.0,0
3385,2026-09-13 13:01:21,800cb9,AIC2DP,India,12.9986,80.1913,106.68,68.4,248.84,0
3386,2026-09-13 13:01:21,800cc3,IGO7144,India,13.6335,80.2507,5189.22,127.22,198.87,0
3387,2026-09-13 13:01:21,800cc7,AIC4250,India,18.906,73.1903,3352.8,133.41,2.87,0
3388,2026-09-13 13:06:23,80162a,IGO7676,India,28.0324,76.0332,4747.26,147.85,60.85,0
3389,2026-09-13 13:06:23,801649,IGO5125,India,22.9928,84.3363,11277.6,217.53,70.67,0
3390,2026-09-13 13:06:23,801650,AXB2942,India,13.1311,77.7589,4328.16,163.29,97.06,0
3391,2026-09-13 13:06:23,80160a,IGO539T,India,22.4321,84.2267,11887.2,219.7,15.76,0
3392,2026-09-13 13:06:23,801616,IGO311F,India,22.6811,88.4488,167.64,68.58,183.87,0
3393,2026-09-13 13:06:23,801621,IGO83FK,India,28.1308,77.6634,2087.88,137.18,226.37,0
3394,2026-09-13 13:06:23,801622,IGO2491,India,29.5188,75.7206,10675.62,229.7,144.39,0
3395,2026-09-13 13:06:23,80161e,AKJ1514,India,24.8467,85.5774,7261.86,228.48,205.76,0
3396,2026-09-13 13:06:23,801685,AXB1561,India,26.2003,87.2094,10058.4,230.85,98.33,0
3397,2026-09-13 13:06:23,801686,AXB882,India,12.4417,94.4519,11277.6,234.87,47.57,0
3398,2026-09-13 13:06:23,80167c,AXB1626,India,15.0187,76.1687,10668.0,231.36,135.36,0
3399,2026-09-13 13:06:23,801697,AXB1176,India,24.0635,81.9932,11887.2,227.36,68.08,0
3400,2026-09-13 13:06:23,80164e,AIC3GN,India,23.0376,73.6607,11574.78,232.84,221.69,0
3401,2026-09-13 13:06:23,80165d,AXB1386,India,13.2513,77.6063,1630.68,132.94,293.49,0
3402,2026-09-13 13:06:23,801672,AIC4LA,India,19.3221,72.7795,3977.64,152.14,6.21,0
3403,2026-09-13 13:06:23,801678,IGO648T,India,25.7646,84.6506,4099.56,191.22,285.61,0
3404,2026-09-13 13:06:23,801671,AIC3SR,India,26.6057,77.1921,10675.62,231.24,357.32,0
3405,2026-09-13 13:06:23,80169c,IGO19M,India,21.0226,69.4008,11879.58,218.23,104.33,0
3406,2026-09-13 13:06:23,8014a3,IGO697J,India,28.1983,77.1144,4869.18,169.38,201.19,0
3407,2026-09-13 13:06:23,8014b4,IGO1127,India,12.4161,77.559,7170.42,213.95,176.28,0
3408,2026-09-13 13:06:23,8014e8,IGO975P,India,19.7319,72.4191,7475.22,206.41,319.04,0
3409,2026-09-13 13:06:23,8014dc,IGO1427,India,27.1256,74.2889,10957.56,238.08,189.08,0
3410,2026-09-13 13:06:23,8014f4,IGO9302,India,22.9354,88.7916,4084.32,171.86,248.58,0
3411,2026-09-13 13:06:23,8014f7,IGO1871,India,9.2344,77.3955,11574.78,243.85,217.11,0
3412,2026-09-13 13:06:23,8014bc,IGO133,India,23.621,73.1431,10050.78,216.22,351.79,0
3413,2026-09-13 13:06:23,8014c8,IGO6653,India,13.7,76.3459,9250.68,223.86,296.04,0
3414,2026-09-13 13:06:23,8014d3,IGO54N,India,11.711,80.0171,11597.64,236.81,177.88,0
3415,2026-09-13 13:06:23,801600,AIC11E,India,28.5495,77.0815,,7.46,284.06,1
3416,2026-09-13 13:06:23,801605,AXB1617,India,27.3729,79.4249,7018.02,181.79,119.68,0
3417,2026-09-13 13:06:23,801603,AIC2QW,India,26.6484,76.833,10058.4,224.98,177.77,0
3418,2026-09-13 13:06:23,801607,AXB1068,India,27.1655,76.3481,8039.1,215.58,207.12,0
3419,2026-09-13 13:06:23,801778,IGO36AK,India,26.0686,82.5791,10980.42,243.67,293.91,0
3420,2026-09-13 13:06:23,801775,IGO850,India,28.3499,77.142,3924.3,151.39,214.34,0
3421,2026-09-13 13:06:23,801736,IGO196,India,13.1889,77.7914,1242.06,83.86,270.7,0
3422,2026-09-13 13:06:23,801742,IGO31VD,India,27.118,80.0569,10050.78,231.45,122.84,0
3423,2026-09-13 13:06:23,80172d,IGO2009,India,28.4889,76.8753,2788.92,130.41,282.99,0
3424,2026-09-13 13:06:23,801748,IGO941,India,13.3973,77.5938,3642.36,158.34,13.72,0
3425,2026-09-13 13:06:23,801746,IGO6396,India,19.6974,88.5442,10980.42,233.52,347.4,0
3426,2026-09-13 13:06:23,801752,IGO5316,India,25.7434,75.8976,10668.0,204.48,51.95,0
3427,2026-09-13 13:06:23,80177e,IGO1064,India,23.9062,84.755,10363.2,245.11,312.19,0
3428,2026-09-13 13:06:23,800462,AIC114,India,28.5763,76.9457,861.06,88.34,103.47,0
3429,2026-09-13 13:06:23,801798,IGO335L,India,26.8249,77.1805,8473.44,208.04,357.45,0
3430,2026-09-13 13:06:23,801792,IGO324E,India,24.9297,76.9407,10660.38,233.8,172.92,0
3431,2026-09-13 13:06:23,8016a2,AKJ619,India,11.2973,96.6996,9304.02,236.51,333.38,0
3432,2026-09-13 13:06:23,8016a3,IGO59P,India,23.4952,89.6085,4968.24,175.59,41.91,0
3433,2026-09-13 13:06:23,8016a7,AIC9CQ,India,30.9167,75.2213,10675.62,224.34,205.68,0
3434,2026-09-13 13:06:23,8015c1,,India,28.5514,77.0731,,8.75,284.06,1
3435,2026-09-13 13:06:23,8015c0,IGO1157,India,25.915,82.6453,10058.4,237.9,64.1,0
3436,2026-09-13 13:06:23,8015c7,IGO447,India,11.6424,78.199,6758.94,208.29,245.02,0
3437,2026-09-13 13:06:23,8015d9,IGO7194,India,12.9982,80.1903,106.68,69.55,248.75,0
3438,2026-09-13 13:06:23,8015a4,IGO5365,India,26.9719,80.0029,10652.76,231.97,104.78,0
3439,2026-09-13 13:06:23,8015ad,IGO664E,India,19.3685,86.1451,10683.24,228.14,41.53,0
3440,2026-09-13 13:06:23,8015b8,,India,28.5404,77.2025,1173.48,134.63,103.93,0
3441,2026-09-13 13:06:23,8015fc,IGO2516,India,23.1055,89.2973,6819.9,195.03,274.39,0
3442,2026-09-13 13:06:23,8002cb,VUAVS,India,27.2275,77.7465,1927.86,113.5,188.86,0
3443,2026-09-13 13:06:23,8002ce,IFC1,India,28.5172,76.7412,2232.66,122.66,283.34,0
3444,2026-09-13 13:06:23,8015e3,IGO5198,India,29.7124,76.6137,11216.64,241.16,130.59,0
3445,2026-09-13 13:06:23,8015dd,SDG235,India,30.1882,77.0769,7117.08,198.78,132.69,0
3446,2026-09-13 13:06:23,8015f7,AIC9HA,India,26.6056,75.0873,11506.2,242.33,27.98,0
3447,2026-09-13 13:06:23,70203f,BBC136,Bangladesh,23.8649,90.3807,114.3,77.69,143.89,0
3448,2026-09-13 13:06:23,70204b,BBC340,Bangladesh,22.986,71.979,10058.4,245.43,86.15,0
3449,2026-09-13 13:06:23,80171a,IGO376,India,20.9134,84.4523,10668.0,223.86,63.96,0
3450,2026-09-13 13:06:23,801726,IGO28AV,India,27.5034,79.9114,9144.0,246.48,310.0,0
3451,2026-09-13 13:06:23,801883,IGO1494,India,19.5102,88.588,11574.78,233.52,347.4,0
3452,2026-09-13 13:06:23,80187a,IGO5192,India,28.7218,77.5286,3832.86,166.34,296.25,0
3453,2026-09-13 13:06:23,801864,IGO2401,India,28.561,77.0842,,1.29,70.31,1
3454,2026-09-13 13:06:23,702098,UBG107,Bangladesh,23.2268,90.9493,3954.78,117.24,140.16,0
3455,2026-09-13 13:06:23,70209a,BBC208,Bangladesh,23.8459,90.4057,,0.06,53.44,1
3456,2026-09-13 13:06:23,800584,AIC186,India,24.0367,88.8512,11582.4,259.02,310.65,0
3457,2026-09-13 13:06:23,70209b,BBC355,Bangladesh,27.7723,79.4434,11574.78,253.27,292.45,0
3458,2026-09-13 13:06:23,70a8e7,SHA435,Nepal,28.0665,82.3769,3505.2,165.15,276.44,0
3459,2026-09-13 13:06:23,70a8e9,,Nepal,27.631,85.331,1645.92,75.12,13.47,0
3460,2026-09-13 13:06:23,8017a1,AXB46K,India,19.2748,83.3901,10972.8,248.57,223.24,0
3461,2026-09-13 13:06:23,8960dc,UAE18V,United Arab Emirates,21.3116,68.2997,10668.0,247.38,113.79,0
3462,2026-09-13 13:06:23,8016e0,IGO2588,India,27.7164,79.6077,9745.98,204.09,297.47,0
3463,2026-09-13 13:06:23,8016da,IGO253H,India,23.6318,87.6689,8039.1,216.52,138.66,0
3464,2026-09-13 13:06:23,8016dd,IGO874,India,27.8877,81.1511,10370.82,235.57,308.17,0
3465,2026-09-13 13:06:23,8016af,AXB54E,India,27.9795,77.9402,5753.1,188.56,125.34,0
3466,2026-09-13 13:06:23,8016bc,IGO521C,India,22.6419,88.4403,,0.0,275.62,1
3467,2026-09-13 13:06:23,8016c9,AXB1514,India,22.6154,88.3624,929.64,142.69,321.15,0
3468,2026-09-13 13:06:23,8016c7,AXB172M,India,15.8004,74.1068,10668.0,228.24,154.07,0
3469,2026-09-13 13:06:23,8016d6,IGO561J,India,13.1575,78.3087,7620.0,191.15,103.7,0
3470,2026-09-13 13:06:23,896121,UAE334,United Arab Emirates,22.874,69.4905,10058.4,253.71,93.95,0
3471,2026-09-13 13:06:23,8016ca,AXB2932,India,23.261,87.2389,11582.4,258.28,224.84,0
3472,2026-09-13 13:06:23,8016cb,AXB1971,India,13.5549,77.498,3741.42,153.72,339.02,0
3473,2026-09-13 13:06:23,8016cc,AXB35E,India,19.7874,81.7726,11582.4,248.4,222.15,0
3474,2026-09-13 13:06:23,8003e4,AIC169,India,28.7518,74.9995,10363.2,251.34,198.25,0
3475,2026-09-13 13:06:23,704729,MMA782,Myanmar,21.5472,94.747,5181.6,126.14,159.72,0
3476,2026-09-13 13:06:23,801800,IGO2487,India,27.3142,76.1707,8267.7,220.31,211.54,0
3477,2026-09-13 13:06:23,80182a,IGO573Y,India,20.0172,81.8407,10980.42,245.05,219.04,0
3478,2026-09-13 13:06:23,80182d,IGO2025,India,25.0949,82.3389,9525.0,248.29,248.49,0
3479,2026-09-13 13:06:23,80183a,IGO927T,India,10.1534,76.4627,320.04,69.5,267.88,0
3480,2026-09-13 13:06:23,801819,IGO175,India,28.5914,76.6479,1539.24,101.03,72.21,0
3481,2026-09-13 13:06:23,801826,SDG619,India,25.4159,85.3041,9144.0,246.22,264.0,0
3482,2026-09-13 13:06:23,801828,IGO1510,India,17.1366,82.8163,11597.64,246.0,268.44,0
3483,2026-09-13 13:06:23,70a9f1,NYT784,Nepal,27.649,85.3907,1935.48,82.95,234.34,0
3484,2026-09-13 13:06:23,452181,ADZ4301,Bulgaria,23.0341,83.9755,10378.44,269.47,273.17,0
3485,2026-09-13 13:06:23,800694,CG3,India,21.5226,88.2631,1394.46,77.47,329.69,0
3486,2026-09-13 13:06:23,8018e0,IGO6097,India,22.6451,88.4408,30.48,0.0,275.62,1
3487,2026-09-13 13:06:23,7020a5,BBC436,Bangladesh,21.6538,91.9318,2308.86,110.62,350.36,0
3488,2026-09-13 13:06:23,7020ab,UBG205,Bangladesh,13.3059,80.4259,2324.1,125.72,202.37,0
3489,2026-09-13 13:06:23,8018c2,,India,22.2428,73.5704,10972.8,238.83,184.2,0
3490,2026-09-13 13:06:23,7020c5,S2AFH,Bangladesh,24.401,88.7215,1661.16,54.57,298.74,0
3491,2026-09-13 13:06:23,8004d5,AIC1SS,India,25.9254,75.4678,9144.0,220.18,214.43,0
3492,2026-09-13 13:06:23,8004dd,AIC113,India,26.4266,75.669,9144.0,258.73,200.85,0
3493,2026-09-13 13:06:23,8017e5,IGO1074,India,26.8524,77.7445,8351.52,243.6,338.31,0
3494,2026-09-13 13:06:23,8017e3,AKJ1835,India,23.0634,73.6953,11277.6,237.3,20.16,0
3495,2026-09-13 13:06:23,8004c4,VTAGP,India,14.5556,77.9009,9144.0,215.12,13.27,0
3496,2026-09-13 13:06:23,801914,IGO447L,India,27.7313,75.6712,7353.3,208.79,34.86,0
3497,2026-09-13 13:06:23,80191a,IGO6676,India,26.2861,75.9041,10355.58,242.58,208.09,0
3498,2026-09-13 13:06:23,801908,IGO6047,India,19.0891,72.8952,152.4,67.91,269.13,0
3499,2026-09-13 13:06:23,801910,IGO950H,India,14.7505,74.5062,10363.2,242.22,323.81,0
3500,2026-09-13 13:06:23,800797,VUAUJ,India,25.7136,77.2912,11582.4,236.24,1.75,0
3501,2026-09-13 13:06:23,8005f0,AIC132,India,13.3197,77.829,2674.62,124.2,100.98,0
3502,2026-09-13 13:06:23,8005ee,AIC155,India,28.1215,76.8118,4069.08,196.84,218.85,0
3503,2026-09-13 13:06:23,8005e7,VTAVS,India,12.0188,77.5602,6134.1,158.6,208.48,0
3504,2026-09-13 13:06:23,4bb0e6,THY209,Turkey,13.2212,80.869,11582.4,253.97,303.43,0
3505,2026-09-13 13:06:23,4bb0e9,THY48L,Turkey,15.0845,73.6525,11582.4,268.33,297.89,0
3506,2026-09-13 13:06:23,781d3c,HYT9092,China,23.4335,90.6842,6156.96,201.34,137.38,0
3507,2026-09-13 13:06:23,800735,AIC352,India,25.6648,84.8956,11887.2,249.23,108.29,0
3508,2026-09-13 13:06:23,8963e0,UAE370,United Arab Emirates,20.7842,71.2893,10668.0,251.7,99.89,0
3509,2026-09-13 13:06:23,4bb185,THY125,Turkey,28.4344,77.6203,11582.4,248.06,260.81,0
3510,2026-09-13 13:06:23,8007b2,IGO6749,India,24.1028,88.9058,9410.7,219.07,27.71,0
3511,2026-09-13 13:06:23,8007b0,,India,28.561,77.0868,,1.29,75.94,1
3512,2026-09-13 13:06:23,896523,UAE1DP,United Arab Emirates,14.3242,78.3666,12192.0,251.49,309.36,0
3513,2026-09-13 13:06:23,896502,ADY044,United Arab Emirates,22.9292,68.8705,10980.42,241.25,273.67,0
3514,2026-09-13 13:06:23,4bb196,THY65,Turkey,27.086,80.465,11582.4,251.1,310.35,0
3515,2026-09-13 13:06:23,4bb101,THY49A,Turkey,10.4622,96.0163,11887.2,245.02,131.08,0
3516,2026-09-13 13:06:23,896643,FDB539,United Arab Emirates,28.139,77.2823,10668.0,242.48,111.01,0
3517,2026-09-13 13:06:23,8008c3,IGO9204,India,22.6503,88.4423,38.1,5.14,5.62,1
3518,2026-09-13 13:06:23,8008c7,FLW ME 2,India,22.6609,88.4486,,6.94,5.62,1
3519,2026-09-13 13:06:23,896616,UAE9865,United Arab Emirates,18.2113,81.745,13106.4,257.57,286.12,0
3520,2026-09-13 13:06:23,ac3857,FDX5384,United States,28.7169,76.5866,2004.06,112.63,202.0,0
3521,2026-09-13 13:06:23,461f4d,FIN131,Finland,14.548,91.6695,12496.8,235.53,132.79,0
3522,2026-09-13 13:06:23,507cb3,MFX5538,Uzbekistan,25.4165,82.4024,9761.22,244.69,255.26,0
3523,2026-09-13 13:06:23,896749,ABY700,United Arab Emirates,14.6841,79.5152,11574.78,244.56,296.62,0
3524,2026-09-13 13:06:23,896717,ABY824,United Arab Emirates,18.0756,82.2397,10965.18,246.48,286.24,0
3525,2026-09-13 13:06:23,896682,UAE386,United Arab Emirates,24.0378,71.2738,11887.2,247.48,93.81,0
3526,2026-09-13 13:06:23,780d2c,CCA011,China,26.2571,82.9977,10668.0,248.75,107.95,0
3527,2026-09-13 13:06:23,76cd75,SIA326,Singapore,13.5002,90.6545,10363.2,260.42,325.46,0
3528,2026-09-13 13:06:23,8965c0,FDB1584,United Arab Emirates,15.7139,94.9901,10972.8,252.51,292.65,0
3529,2026-09-13 13:06:23,15203a,AFL295,Russian Federation,21.9748,89.5446,10972.8,253.4,303.66,0
3530,2026-09-13 13:06:23,899035,EVA067,Taiwan,20.7224,91.5249,9144.0,279.82,304.36,0
3531,2026-09-13 13:06:23,406f79,BAW15,United Kingdom,13.5472,92.7182,11887.2,238.29,135.79,0
3532,2026-09-13 13:06:23,04022a,ETH3482,Ethiopia,22.5097,93.6976,12496.8,244.16,82.01,0
3533,2026-09-13 13:06:23,760a0c,FJL811,Pakistan,29.974,72.3047,8031.48,222.04,228.85,0
3534,2026-09-13 13:06:23,8990a5,CAL5663,Taiwan,26.3836,81.7446,10363.2,260.21,296.41,0
3535,2026-09-13 13:06:23,7814fe,CSN5016,China,22.8737,91.192,7360.92,191.38,136.09,0
3536,2026-09-13 13:06:23,06a30b,QTR8957,Qatar,22.8987,69.3674,10363.2,264.52,273.9,0
3537,2026-09-13 13:06:23,06a2e1,QTR8433,Qatar,22.8802,69.7363,9753.6,262.63,267.42,0
3538,2026-09-13 13:06:23,4ba959,THY72,Turkey,31.4525,72.7251,10668.0,271.95,116.03,0
3539,2026-09-13 13:06:23,7816bd,CSC9639,China,22.8825,96.3711,10363.2,244.58,263.11,0
3540,2026-09-13 13:06:23,704012,MMA361,Myanmar,19.2602,96.8441,10363.2,239.14,341.57,0
3541,2026-09-13 13:06:23,06a052,QTR3R,Qatar,22.908,71.9853,10363.2,261.34,264.92,0
3542,2026-09-13 13:06:23,abcf58,FDX5460,United States,19.0891,72.8944,144.78,72.54,269.19,0
3543,2026-09-13 13:06:23,06a07b,QTR872,Qatar,22.9161,68.5218,10058.4,251.01,93.53,0
3544,2026-09-13 13:06:23,39cf11,AFR199,France,26.3028,81.5907,11582.4,257.65,306.23,0
3545,2026-09-13 13:06:23,70412b,UBA5088,Myanmar,22.724,95.8835,5181.6,129.9,176.37,0
3546,2026-09-13 13:06:23,70412a,UBA583,Myanmar,21.8248,95.6613,2438.4,74.99,202.17,0
3547,2026-09-13 13:06:23,80139b,AIC2119,India,27.5398,77.4559,5204.46,187.9,341.81,0
3548,2026-09-13 13:06:23,801404,IGO6584,India,14.95,75.293,10317.48,226.76,122.68,0
3549,2026-09-13 13:06:23,801407,AXB1264,India,28.5558,77.1137,,8.23,14.06,1
3550,2026-09-13 13:06:23,801415,IGO7443,India,28.5814,77.0234,563.88,58.89,104.16,0
3551,2026-09-13 13:06:23,801439,AIC5TN,India,18.9125,73.1854,3634.74,133.58,19.34,0
3552,2026-09-13 13:06:23,801442,IGO545Y,India,25.5524,76.5241,8077.2,226.46,162.14,0
3553,2026-09-13 13:06:23,801454,IGO211,India,14.7501,74.1717,4495.8,174.4,350.15,0
3554,2026-09-13 13:06:23,80140c,IGO43V,India,28.561,77.0849,,0.0,59.06,1
3555,2026-09-13 13:06:23,801422,IGO1632,India,22.6397,88.4378,30.48,1.54,337.5,1
3556,2026-09-13 13:06:23,80140e,AXB194,India,23.0351,72.5981,11292.84,235.51,86.62,0
3557,2026-09-13 13:06:23,801428,IGO6122,India,19.0869,72.7479,1280.16,130.68,269.32,0
3558,2026-09-13 13:06:23,801435,AXB904,India,10.9111,96.8953,11277.6,228.92,153.43,0
3559,2026-09-13 13:06:23,801499,IGO29TY,India,26.1913,77.1136,6248.4,196.09,118.18,0
3560,2026-09-13 13:06:23,801492,IGO6851,India,26.2676,76.4378,5798.82,209.44,298.14,0
3561,2026-09-13 13:06:23,80145d,IGO5251,India,19.2607,72.7802,2392.68,150.25,27.53,0
3562,2026-09-13 13:06:23,80148f,IGO162P,India,21.575,85.4808,11277.6,213.33,37.95,0
3563,2026-09-13 13:06:23,80149a,IGO207,India,22.6771,88.8967,3947.16,174.89,74.12,0
3564,2026-09-13 13:06:23,504e6c,TVR4704,Republic of Moldova,21.9775,95.6352,9304.02,264.5,275.24,0
3565,2026-09-13 13:06:23,801536,IGO2137,India,28.8929,76.8372,2941.32,139.45,192.14,0
3566,2026-09-13 13:06:23,801534,AIC6DJ,India,22.5617,73.5592,10683.24,230.68,18.19,0
3567,2026-09-13 13:06:23,8850b7,THA324,Thailand,26.8016,80.6789,11277.6,245.52,102.46,0
3568,2026-09-13 13:06:23,801506,IGO735C,India,28.6086,77.7879,5379.72,163.12,296.4,0
3569,2026-09-13 13:06:23,801508,AKJ1406,India,28.6193,76.8586,1021.08,92.96,104.42,0
3570,2026-09-13 13:06:23,06a141,QTR8040,Qatar,22.8925,85.1844,11887.2,231.26,94.72,0
3571,2026-09-13 13:06:23,06a13c,QTR928,Qatar,22.6008,72.0813,10058.4,253.71,97.46,0
3572,2026-09-13 13:06:23,801562,IGO6551,India,27.9108,78.4772,8351.52,217.15,120.15,0
3573,2026-09-13 13:06:23,801560,IGO1253,India,27.0565,83.7867,10210.8,232.36,83.77,0
3574,2026-09-13 13:06:23,80155b,IGO32Y,India,23.5138,71.6652,10675.62,236.9,61.32,0
3575,2026-09-13 13:06:23,801554,IGO195H,India,26.2906,74.9669,9448.8,227.51,32.25,0
3576,2026-09-13 13:06:23,801551,IGO751T,India,23.7144,88.1273,8755.38,227.41,344.52,0
3577,2026-09-13 13:06:23,80158b,AXB1385,India,27.4682,77.0066,11582.4,236.86,353.01,0
3578,2026-09-13 13:06:23,80159a,IGO6522,India,20.7961,82.9942,6713.22,226.25,294.88,0
3579,2026-09-13 13:06:23,80159b,SDG622,India,21.6377,71.2127,9029.7,212.47,341.21,0
3580,2026-09-13 13:06:23,80156a,IGO6428,India,12.3507,77.3754,7688.58,236.82,21.94,0
3581,2026-09-13 13:06:23,801597,AIC2146,India,28.3444,77.3085,3817.62,157.23,7.52,0
3582,2026-09-13 13:06:23,801591,AXB19E,India,28.5688,77.0975,,3.34,261.56,1
3583,2026-09-13 13:06:23,06a0b6,QTR650,Qatar,26.8131,81.3903,11879.58,253.9,83.13,0
3584,2026-09-13 13:06:23,680001,DRK541,Bhutan,18.5061,95.3962,10972.8,242.23,319.31,0
3585,2026-09-13 13:06:23,68000a,BTN773,Bhutan,28.8121,76.91,2133.6,122.28,281.4,0
3586,2026-09-13 13:06:23,8013cc,AIC237,India,25.5061,85.4622,11277.6,225.65,108.89,0
3587,2026-09-13 13:06:23,8013a3,AIC8GZ,India,26.8488,78.4973,10378.44,234.92,147.7,0
3588,2026-09-13 13:06:23,88516b,THA922,Thailand,22.766,87.9476,9753.6,272.67,297.53,0
3589,2026-09-13 13:06:23,8013e3,IGO7925,India,23.1456,88.4012,1821.18,117.67,163.23,0
3590,2026-09-13 13:06:23,8013f8,IGO212M,India,28.4376,77.4251,3063.24,174.66,131.06,0
3591,2026-09-13 13:06:23,8013ed,AIC8JL,India,27.1789,77.1787,5615.94,191.05,4.94,0
3592,2026-09-13 13:06:23,800db0,AXB1036,India,28.5093,78.0331,4998.72,174.1,289.51,0
3593,2026-09-13 13:06:23,710415,SVA870,Saudi Arabia,20.1795,82.4219,11887.2,230.99,90.51,0
3594,2026-09-13 13:06:23,896c6c,UAF1351,United Arab Emirates,14.5834,96.8628,11277.6,228.69,99.06,0
3595,2026-09-13 13:06:23,4246b2,AZG434,United Kingdom,25.3227,76.6776,9753.6,263.83,281.24,0
3596,2026-09-13 13:06:23,aab841,CKS704,United States,22.3552,91.0073,9144.0,272.98,277.58,0
3597,2026-09-13 13:06:23,151dc2,AFL297,Russian Federation,20.7944,85.1859,11582.4,265.62,308.16,0
3598,2026-09-13 13:06:23,151db5,AFL285,Russian Federation,29.9596,74.9908,10363.2,262.52,9.7,0
3599,2026-09-13 13:06:23,151db6,AFL273,Russian Federation,18.7538,94.6162,9753.6,267.39,319.29,0
3600,2026-09-13 13:06:23,4007ec,BAW2231,United Kingdom,17.2004,94.2639,11277.6,238.94,128.79,0
3601,2026-09-13 13:06:23,abda7d,FDX5080,United States,22.3734,92.669,10058.4,252.6,81.8,0
3602,2026-09-13 13:06:23,70c107,OMA891,Oman,13.7257,81.4953,11277.6,233.76,117.24,0
3603,2026-09-13 13:06:23,7609f2,SIF703,Pakistan,30.2112,71.4195,,4.12,0.0,1
3604,2026-09-13 13:06:23,78112e,CSC3902,China,23.585,92.748,10058.4,229.22,101.26,0
3605,2026-09-13 13:06:23,70c0fc,OMA223,Oman,10.3931,76.1979,3078.48,160.61,117.47,0
3606,2026-09-13 13:06:23,70605b,KAC412,Kuwait,18.924,87.3164,10363.2,252.66,283.78,0
3607,2026-09-13 13:06:23,78007e,CAO1099,China,28.5608,77.0923,,9.26,104.06,1
3608,2026-09-13 13:06:23,7705c2,ALK182,Sri Lanka,27.6794,85.2958,3169.92,124.13,141.56,0
3609,2026-09-13 13:06:23,4851f6,KLM844,Kingdom of the Netherlands,24.6009,84.7218,9753.6,266.57,302.71,0
3610,2026-09-13 13:06:23,14fa3b,RSD900,Russian Federation,28.5495,77.0707,274.32,64.26,104.37,0
3611,2026-09-13 13:06:23,8880e0,HVN55,Viet Nam,27.0365,80.5301,10972.8,256.57,310.36,0
3612,2026-09-13 13:06:23,76ccd0,SIA7328,Singapore,25.9053,75.4031,9753.6,275.42,304.73,0
3613,2026-09-13 13:06:23,507c98,MFX530,Uzbekistan,29.1423,77.1414,9745.98,229.25,261.74,0
3614,2026-09-13 13:06:23,8966f3,UAE9859,United Arab Emirates,22.8384,70.3562,10363.2,259.83,273.75,0
3615,2026-09-13 13:06:23,75044d,MAS1,Malaysia,9.9733,93.0097,11887.2,238.54,139.2,0
3616,2026-09-13 13:06:23,8966bd,ETD4UA,United Arab Emirates,28.3431,73.1473,9448.8,237.75,100.09,0
3617,2026-09-13 13:06:23,70ac2f,9NAEV,Nepal,27.9556,84.1979,2301.24,72.99,189.33,0
3618,2026-09-13 13:06:23,010206,MSR974,Egypt,28.5856,74.1112,9753.6,237.13,263.52,0
3619,2026-09-13 13:06:23,60182b,TUA695,Turkmenistan,22.2126,92.4909,11277.6,233.52,93.66,0
3620,2026-09-13 13:06:23,76cef9,SIA321,Singapore,16.0231,90.1617,10668.0,254.28,135.41,0
3621,2026-09-13 13:06:23,507c5f,UZB562,Uzbekistan,24.0528,86.9074,9753.6,252.68,291.5,0
3622,2026-09-13 13:06:23,750592,MAS103,Malaysia,18.7237,95.0903,10668.0,232.82,135.54,0
3623,2026-09-13 13:06:23,750548,XAX600,Malaysia,13.1423,91.1035,10972.8,255.95,312.64,0
3624,2026-09-13 13:06:23,780fc4,CSN6068,China,23.4277,93.7024,10668.0,235.94,96.13,0
3625,2026-09-13 13:06:23,76bcc1,TGW751,Singapore,21.8064,87.8383,12489.18,242.32,136.2,0
3626,2026-09-13 13:06:23,4d23c4,GTR1576,Malta,23.4344,88.1037,10942.32,252.08,269.65,0
3627,2026-09-13 13:06:23,39b221,CMA731,France,24.9535,77.3699,10363.2,258.09,274.69,0
3628,2026-09-13 13:06:23,4073ce,VIR355,United Kingdom,24.7228,72.277,10363.2,267.88,345.88,0
3629,2026-09-13 13:06:23,800b63,AXB1019,India,31.5053,76.2352,10668.0,238.59,150.84,0
3630,2026-09-13 13:06:23,86e780,JAL39,Japan,23.4403,95.7201,11582.4,250.04,270.71,0
3631,2026-09-13 13:06:23,800c43,AIC2332,India,21.9557,87.6112,11277.6,227.95,141.97,0
3632,2026-09-13 13:06:23,800c42,AIC4NC,India,25.4461,84.5749,2369.82,126.78,80.42,0
3633,2026-09-13 13:06:23,800c11,IGO6044,India,13.1399,80.3528,838.2,96.96,191.01,0
3634,2026-09-13 13:06:23,800c0c,AIC6PQ,India,10.4999,76.2781,4472.94,161.89,330.91,0
3635,2026-09-13 13:06:23,800c88,AIC1HL,India,28.6165,76.7563,1196.34,99.57,103.75,0
3636,2026-09-13 13:06:23,4cac10,KZR564,Ireland,30.112,77.0763,10347.96,233.56,306.49,0
3637,2026-09-13 13:06:23,70e085,SEJ5155,Cambodia,28.1928,74.5734,9753.6,247.14,202.13,0
3638,2026-09-13 13:06:23,70e084,SEJ253,Cambodia,28.5566,77.1305,533.4,81.36,104.65,0
3639,2026-09-13 13:06:23,800d0f,IGO71AT,India,22.7262,88.8549,4975.86,176.21,310.62,0
3640,2026-09-13 13:06:23,800d03,SEJ2951,India,28.5662,77.1135,,7.2,16.88,1
3641,2026-09-13 13:06:23,800d40,AIC2HX,India,27.7495,76.9131,6393.18,192.67,197.08,0
3642,2026-09-13 13:06:23,800d6a,IGO7923,India,12.224,77.8345,4091.94,109.06,352.14,0
3643,2026-09-13 13:06:23,39d2af,AFR253,France,28.5365,73.434,11582.4,248.81,267.04,0
3644,2026-09-13 13:06:23,800be6,AIC8VE,India,28.351,77.0802,2308.86,140.64,195.05,0
3645,2026-09-13 13:06:23,4b1920,SWR181,Switzerland,22.0247,89.5289,9144.0,272.24,303.75,0
3646,2026-09-13 13:06:23,4d2012,SVA798,Malta,22.8661,87.6603,11277.6,231.86,86.82,0
3647,2026-09-13 13:06:23,800ce4,AXB252,India,19.2138,72.9571,3657.6,135.3,90.44,0
3648,2026-09-13 13:06:23,800cc3,IGO7144,India,13.3047,80.1371,5189.22,128.05,195.38,0
3649,2026-09-13 13:06:23,800cc7,AIC4250,India,18.906,73.1903,3352.8,133.41,2.87,0
3650,2026-09-13 13:11:24,80162a,IGO7676,India,28.198,76.4099,4206.24,143.04,88.97,0
3651,2026-09-13 13:11:24,80162f,AIC5XK,India,15.4127,73.995,914.4,87.34,256.37,0
3652,2026-09-13 13:11:24,801649,IGO5125,India,23.1845,84.9339,10668.0,224.19,70.98,0
3653,2026-09-13 13:11:24,801650,AXB2942,India,13.0724,78.2481,7223.76,197.49,97.03,0
3654,2026-09-13 13:11:24,80160a,IGO539T,India,22.9935,84.3985,11887.2,220.83,15.82,0
3655,2026-09-13 13:11:24,801616,IGO311F,India,22.6441,88.4413,,1.54,278.44,1
3656,2026-09-13 13:11:24,801621,IGO83FK,India,28.2008,77.3969,822.96,84.45,67.81,0
3657,2026-09-13 13:11:24,801622,IGO2491,India,29.0838,76.2001,10530.84,227.8,131.43,0
3658,2026-09-13 13:11:24,80161e,AKJ1514,India,24.3432,85.1642,8740.14,247.04,217.3,0
3659,2026-09-13 13:11:24,801685,AXB1561,India,26.1118,87.8786,10058.4,228.95,89.23,0
3660,2026-09-13 13:11:24,801686,AXB882,India,12.8932,94.8866,11277.6,230.04,43.01,0
3661,2026-09-13 13:11:24,801683,AXB1513,India,26.4123,90.605,6553.2,200.28,281.86,0
3662,2026-09-13 13:11:24,80167c,AXB1626,India,14.542,76.6516,10568.94,225.91,135.46,0
3663,2026-09-13 13:11:24,801697,AXB1176,India,24.3111,82.6703,11887.2,227.94,68.41,0
3664,2026-09-13 13:11:24,80164e,AIC3GN,India,22.4488,73.4161,11590.02,233.55,183.79,0
3665,2026-09-13 13:11:24,80165d,AXB1386,India,13.4122,77.2315,4594.86,169.29,293.84,0
3666,2026-09-13 13:11:24,801672,AIC4LA,India,19.3221,72.7795,3977.64,159.87,6.1,0
3667,2026-09-13 13:11:24,801678,IGO648T,India,25.9062,84.0801,6560.82,214.91,285.27,0
3668,2026-09-13 13:11:24,801671,AIC3SR,India,27.2216,77.1601,9243.06,219.91,357.32,0
3669,2026-09-13 13:11:24,80169c,IGO19M,India,20.7701,69.8053,11887.2,221.93,126.9,0
3670,2026-09-13 13:11:24,8014a3,IGO697J,India,27.7314,76.9253,7223.76,204.38,199.71,0
3671,2026-09-13 13:11:24,8014b4,IGO1127,India,11.8708,77.4844,8862.06,230.83,208.05,0
3672,2026-09-13 13:11:24,8014dc,IGO1427,India,26.507,74.1783,10965.18,239.62,191.77,0
3673,2026-09-13 13:11:24,8014f4,IGO9302,India,23.0509,88.4562,2141.22,105.47,269.16,0
3674,2026-09-13 13:11:24,8014f7,IGO1871,India,8.7187,77.0037,11582.4,242.82,216.99,0
3675,2026-09-13 13:11:24,8014f2,AKJ2004,India,10.5154,76.4791,2392.68,146.32,171.1,0
3676,2026-09-13 13:11:24,8014bc,IGO133,India,24.0391,73.0775,8968.74,210.48,351.85,0
3677,2026-09-13 13:11:24,8014c8,IGO6653,India,14.0039,75.7084,9753.6,217.2,295.84,0
3678,2026-09-13 13:11:24,8014d8,IGO703,India,13.2295,77.642,1470.66,123.13,303.76,0
3679,2026-09-13 13:11:24,801605,AXB1617,India,27.216,79.7334,5524.5,164.75,119.77,0
3680,2026-09-13 13:11:24,801603,AIC2QW,India,26.0491,76.8595,10066.02,226.54,177.66,0
3681,2026-09-13 13:11:24,801607,AXB1068,India,26.64,76.05,9304.02,231.91,206.91,0
3682,2026-09-13 13:11:24,80175f,IGO637N,India,13.5536,77.4965,4716.78,181.36,339.41,0
3683,2026-09-13 13:11:24,801778,IGO36AK,India,26.3371,81.9329,10972.8,243.11,294.5,0
3684,2026-09-13 13:11:24,801775,IGO850,India,27.9075,76.9755,6263.64,191.48,198.0,0
3685,2026-09-13 13:11:24,801736,IGO196,India,13.1891,77.7639,1097.28,77.7,271.14,0
3686,2026-09-13 13:11:24,801742,IGO31VD,India,26.7919,80.6206,10050.78,230.87,123.09,0
3687,2026-09-13 13:11:24,80172d,IGO2009,India,28.5961,76.5985,1592.58,95.49,71.47,0
3688,2026-09-13 13:11:24,801748,IGO941,India,13.8372,77.7059,6751.32,198.26,13.96,0
3689,2026-09-13 13:11:24,801746,IGO6396,India,20.3149,88.4649,10828.02,233.43,356.72,0
3690,2026-09-13 13:11:24,801752,IGO5316,India,26.0739,76.365,8503.92,182.15,52.0,0
3691,2026-09-13 13:11:24,80179b,,India,28.5676,77.0969,,1.03,202.5,1
3692,2026-09-13 13:11:24,80177e,IGO1064,India,24.3431,84.2279,10370.82,246.25,311.95,0
3693,2026-09-13 13:11:24,800462,AIC114,India,28.5493,77.0721,274.32,73.62,103.74,0
3694,2026-09-13 13:11:24,801793,IGO376E,India,19.088,72.8051,601.98,115.28,268.47,0
3695,2026-09-13 13:11:24,801798,IGO335L,India,27.3495,77.1531,6972.3,192.14,357.08,0
3696,2026-09-13 13:11:24,801792,IGO324E,India,24.756,76.9644,10660.38,233.8,172.92,0
3697,2026-09-13 13:11:24,8016a2,AKJ619,India,11.8706,96.407,10553.7,246.56,330.23,0
3698,2026-09-13 13:11:24,8016a3,IGO59P,India,23.8193,89.9277,2926.08,151.88,42.12,0
3699,2026-09-13 13:11:24,8016a7,AIC9CQ,India,30.3503,75.4122,9768.84,248.02,153.91,0
3700,2026-09-13 13:11:24,8015c1,AIC2362,India,28.3382,77.2097,2095.5,136.21,132.24,0
3701,2026-09-13 13:11:24,8015c0,IGO1157,India,26.191,83.2765,10066.02,238.61,64.32,0
3702,2026-09-13 13:11:24,8015c5,AIC2116,India,10.3658,94.0333,10355.58,241.18,315.43,0
3703,2026-09-13 13:11:24,8015c7,IGO447,India,11.3967,77.6637,3558.54,176.78,245.22,0
3704,2026-09-13 13:11:24,8015d1,IGO7672,India,31.0057,76.2672,5181.6,136.4,146.07,0
3705,2026-09-13 13:11:24,8015a4,IGO5365,India,26.8719,80.682,10668.0,235.53,95.14,0
3706,2026-09-13 13:11:24,8015ad,IGO664E,India,19.8154,86.5609,10660.38,221.99,41.34,0
3707,2026-09-13 13:11:24,8015b8,,India,28.246,77.126,3642.36,184.43,230.09,0
3708,2026-09-13 13:11:24,8015fc,IGO2516,India,23.1621,88.8211,4732.02,147.09,274.61,0
3709,2026-09-13 13:11:24,8002ce,IFC1,India,28.6262,76.725,1440.18,99.0,74.01,0
3710,2026-09-13 13:11:24,8015e3,IGO5198,India,29.313,77.1433,7459.98,219.18,130.91,0
3711,2026-09-13 13:11:24,8015e5,IGO2331,India,28.5618,77.0833,,1.29,331.88,1
3712,2026-09-13 13:11:24,8015dd,SDG235,India,29.8745,77.4533,5288.28,184.04,183.69,0
3713,2026-09-13 13:11:24,8015f7,AIC9HA,India,27.1585,75.4164,9174.48,228.53,28.06,0
3714,2026-09-13 13:11:24,88530f,THA322,Thailand,23.7184,90.5065,1516.38,141.02,140.33,0
3715,2026-09-13 13:11:24,70203f,BBC136,Bangladesh,23.8469,90.403,,3.6,53.44,1
3716,2026-09-13 13:11:24,70204b,BBC340,Bangladesh,23.0222,72.581,10058.4,244.3,86.5,0
3717,2026-09-13 13:11:24,80171a,IGO376,India,21.1721,85.0195,10660.38,222.49,64.09,0
3718,2026-09-13 13:11:24,801726,IGO28AV,India,27.8699,79.357,9144.0,213.88,303.42,0
3719,2026-09-13 13:11:24,800401,,India,23.2111,73.2572,9441.18,223.41,199.64,0
3720,2026-09-13 13:11:24,801883,IGO1494,India,20.1086,88.4474,11582.4,231.9,347.44,0
3721,2026-09-13 13:11:24,80187a,IGO5192,India,28.8264,77.0946,2743.2,141.55,271.87,0
3722,2026-09-13 13:11:24,801864,IGO2401,India,28.5613,77.0847,,0.45,59.06,1
3723,2026-09-13 13:11:24,702098,UBG107,Bangladesh,23.0014,91.2067,3954.78,126.03,132.02,0
3724,2026-09-13 13:11:24,800584,AIC186,India,24.382,88.2124,11582.4,256.63,293.64,0
3725,2026-09-13 13:11:24,70209b,BBC355,Bangladesh,28.0249,78.7482,11574.78,250.58,292.19,0
3726,2026-09-13 13:11:24,70a8e9,,Nepal,27.6774,85.3504,1325.88,70.8,22.65,0
3727,2026-09-13 13:11:24,70a8f4,BHA661,Nepal,27.7931,85.2104,2773.68,92.16,272.24,0
3728,2026-09-13 13:11:24,8017a1,AXB46K,India,18.7533,82.9705,10972.8,250.84,214.05,0
3729,2026-09-13 13:11:24,8960dc,UAE18V,United Arab Emirates,21.0469,68.9374,10668.0,247.12,113.95,0
3730,2026-09-13 13:11:24,8016e0,IGO2588,India,27.9625,79.061,8587.74,207.29,296.69,0
3731,2026-09-13 13:11:24,8016e1,IGO6103,India,22.6453,88.4435,,3.86,8.44,1
3732,2026-09-13 13:11:24,8016da,IGO253H,India,23.2652,88.0625,4785.36,154.79,132.17,0
3733,2026-09-13 13:11:24,8016dd,IGO874,India,28.2679,80.6007,10355.58,233.18,307.83,0
3734,2026-09-13 13:11:24,8016af,AXB54E,India,27.7344,78.4564,7429.5,207.32,111.09,0
3735,2026-09-13 13:11:24,8016c9,AXB1514,India,23.0107,88.3447,4267.2,169.36,357.91,0
3736,2026-09-13 13:11:24,8016c7,AXB172M,India,15.2517,74.3815,10668.0,231.47,154.18,0
3737,2026-09-13 13:11:24,8016d6,IGO561J,India,13.0347,78.8214,7581.9,191.27,103.85,0
3738,2026-09-13 13:11:24,8016d4,IGO6382,India,19.0892,72.9004,175.26,69.98,268.74,0
3739,2026-09-13 13:11:24,896121,UAE334,United Arab Emirates,22.8301,70.2182,10058.4,255.73,93.81,0
3740,2026-09-13 13:11:24,8016ca,AXB2932,India,22.8215,86.6781,11582.4,256.75,235.04,0
3741,2026-09-13 13:11:24,8016cc,AXB35E,India,19.545,81.5411,11582.4,247.33,222.05,0
3742,2026-09-13 13:11:24,8003e4,AIC169,India,28.1174,74.7614,10363.2,254.11,198.29,0
3743,2026-09-13 13:11:24,704729,MMA782,Myanmar,21.5472,94.747,5181.6,127.83,159.01,0
3744,2026-09-13 13:11:24,801800,IGO2487,India,26.7949,75.8253,9578.34,238.05,203.3,0
3745,2026-09-13 13:11:24,80182a,IGO573Y,India,19.5383,81.4317,10363.2,244.0,218.92,0
3746,2026-09-13 13:11:24,80182d,IGO2025,India,24.8585,81.6878,10972.8,242.17,248.18,0
3747,2026-09-13 13:11:24,80183b,IGO119Y,India,25.3271,77.2454,10972.8,241.93,358.05,0
3748,2026-09-13 13:11:24,801819,IGO175,India,28.5996,76.9441,815.34,100.94,104.46,0
3749,2026-09-13 13:11:24,801826,SDG619,India,25.3465,84.5919,9144.0,246.33,263.77,0
3750,2026-09-13 13:11:24,801828,IGO1510,India,17.1259,82.153,11567.16,239.89,267.91,0
3751,2026-09-13 13:11:24,70a9f1,NYT784,Nepal,27.6752,85.3496,1341.12,72.32,21.27,0
3752,2026-09-13 13:11:24,8018b0,AIC188,India,26.1194,74.3256,11879.58,249.63,36.11,0
3753,2026-09-13 13:11:24,7020a5,BBC436,Bangladesh,21.9598,91.879,4747.26,122.38,351.05,0
3754,2026-09-13 13:11:24,7020ab,UBG205,Bangladesh,13.0612,80.3579,723.9,93.75,249.78,0
3755,2026-09-13 13:11:24,8004d5,AIC1SS,India,25.9254,75.4678,9144.0,220.18,214.43,0
3756,2026-09-13 13:11:24,8004dd,AIC113,India,26.0797,75.5231,9144.0,259.51,200.66,0
3757,2026-09-13 13:11:24,8017e5,IGO1074,India,27.3985,77.4526,6766.56,223.35,346.41,0
3758,2026-09-13 13:11:24,8017e3,AKJ1835,India,23.1882,73.7448,11277.6,238.75,20.04,0
3759,2026-09-13 13:11:24,8017e4,IGO362H,India,22.4159,73.3832,10652.76,234.54,21.22,0
3760,2026-09-13 13:11:24,801914,IGO447L,India,28.1384,75.9929,5181.6,155.43,35.16,0
3761,2026-09-13 13:11:24,80191a,IGO6676,India,25.7664,75.598,10347.96,241.88,208.04,0
3762,2026-09-13 13:11:24,801910,IGO950H,India,15.268,74.1167,10355.58,241.39,323.67,0
3763,2026-09-13 13:11:24,800797,VUAUJ,India,26.3427,77.3121,11590.02,232.64,1.77,0
3764,2026-09-13 13:11:24,8005f0,AIC132,India,13.1888,77.796,1272.54,82.83,270.0,0
3765,2026-09-13 13:11:24,8005ee,AIC155,India,27.6828,76.434,6507.48,218.44,213.76,0
3766,2026-09-13 13:11:24,8005e7,VTAVS,India,11.6602,77.3737,7239.0,166.58,207.2,0
3767,2026-09-13 13:11:24,4bb0e6,THY209,Turkey,13.5935,80.2921,11582.4,256.69,303.31,0
3768,2026-09-13 13:11:24,4bb0e9,THY48L,Turkey,15.3958,73.0449,11582.4,269.0,297.69,0
3769,2026-09-13 13:11:24,781d3c,HYT9092,China,23.0089,91.1006,8839.2,225.11,137.96,0
3770,2026-09-13 13:11:24,800735,AIC352,India,25.4566,85.5833,11887.2,247.44,108.55,0
3771,2026-09-13 13:11:24,8963e0,UAE370,United Arab Emirates,20.7191,71.7748,10668.0,250.35,97.91,0
3772,2026-09-13 13:11:24,4bb185,THY125,Turkey,28.5037,76.8865,11582.4,248.2,280.75,0
3773,2026-09-13 13:11:24,8007b2,IGO6749,India,24.6235,89.2039,10668.0,228.51,27.78,0
3774,2026-09-13 13:11:24,8007b0,IGO2496,India,28.5616,77.0892,,4.12,104.06,1
3775,2026-09-13 13:11:24,896523,UAE1DP,United Arab Emirates,14.7209,77.8701,12192.0,253.74,309.24,0
3776,2026-09-13 13:11:24,896502,ADY044,United Arab Emirates,22.9581,68.1811,10972.8,242.82,270.12,0
3777,2026-09-13 13:11:24,4bb196,THY65,Turkey,27.5265,79.8805,11574.78,251.22,310.02,0
3778,2026-09-13 13:11:24,4bb101,THY49A,Turkey,10.0697,96.4697,11887.2,250.44,131.25,0
3779,2026-09-13 13:11:24,8008d2,FLW ME 3,India,22.6456,88.4467,,1.03,8.44,1
3780,2026-09-13 13:11:24,896643,FDB539,United Arab Emirates,27.9072,77.9549,10668.0,241.41,111.37,0
3781,2026-09-13 13:11:24,896623,UAE392,United Arab Emirates,21.3149,68.2923,11277.6,245.08,113.77,0
3782,2026-09-13 13:11:24,8008c3,IGO9204,India,22.6158,88.4397,548.64,110.49,155.22,0
3783,2026-09-13 13:11:24,ac3857,FDX5384,United States,28.6004,76.8328,815.34,102.19,103.69,0
3784,2026-09-13 13:11:24,461f4d,FIN131,Finland,14.1186,92.1373,12496.8,237.92,134.3,0
3785,2026-09-13 13:11:24,05a054,DQA2706,Maldives,8.3629,76.355,10241.28,239.79,18.51,0
3786,2026-09-13 13:11:24,507cb3,MFX5538,Uzbekistan,25.2517,81.7148,9753.6,245.32,255.18,0
3787,2026-09-13 13:11:24,8965f6,ABY514,United Arab Emirates,26.0558,74.4782,10668.0,228.77,57.49,0
3788,2026-09-13 13:11:24,896749,ABY700,United Arab Emirates,14.8753,79.1225,11597.64,242.72,296.57,0
3789,2026-09-13 13:11:24,896717,ABY824,United Arab Emirates,18.2206,81.7158,10965.18,242.94,285.98,0
3790,2026-09-13 13:11:24,896714,ETD202,United Arab Emirates,19.0891,72.8938,144.78,70.5,268.75,0
3791,2026-09-13 13:11:24,896682,UAE386,United Arab Emirates,23.9931,71.9878,11887.2,247.04,94.06,0
3792,2026-09-13 13:11:24,780d2c,CCA011,China,26.0524,83.6931,11026.14,248.58,108.21,0
3793,2026-09-13 13:11:24,76cd75,SIA326,Singapore,13.5002,90.6545,10363.2,259.37,324.61,0
3794,2026-09-13 13:11:24,8965c0,FDB1584,United Arab Emirates,15.9695,94.3552,10972.8,250.3,292.35,0
3795,2026-09-13 13:11:24,15203a,AFL295,Russian Federation,22.3488,88.9427,10972.8,259.73,305.89,0
3796,2026-09-13 13:11:24,899035,EVA067,Taiwan,21.1364,90.8777,9144.0,277.52,304.04,0
3797,2026-09-13 13:11:24,406f79,BAW15,United Kingdom,13.0922,93.1712,11887.2,240.1,135.69,0
3798,2026-09-13 13:11:24,04022a,ETH3482,Ethiopia,22.5971,94.3859,12496.8,242.93,82.33,0
3799,2026-09-13 13:11:24,760a0c,FJL811,Pakistan,29.5762,71.7859,9418.32,230.7,228.53,0
3800,2026-09-13 13:11:24,8990a5,CAL5663,Taiwan,26.6622,81.1147,10363.2,261.14,296.06,0
3801,2026-09-13 13:11:24,7814fe,CSN5016,China,22.4965,91.582,8595.36,202.67,136.34,0
3802,2026-09-13 13:11:24,06a30b,QTR8957,Qatar,22.9446,68.608,10363.2,266.99,273.54,0
3803,2026-09-13 13:11:24,06a2e1,QTR8433,Qatar,22.9221,68.9856,9753.6,264.97,273.67,0
3804,2026-09-13 13:11:24,4ba959,THY72,Turkey,31.3925,74.3236,10668.0,274.48,102.45,0
3805,2026-09-13 13:11:24,7816bd,CSC9639,China,22.817,95.7965,10363.2,244.2,262.86,0
3806,2026-09-13 13:11:24,704012,MMA361,Myanmar,19.5125,96.1363,9875.52,75.45,311.41,0
3807,2026-09-13 13:11:24,06a052,QTR3R,Qatar,22.8445,71.2403,10675.62,260.97,264.57,0
3808,2026-09-13 13:11:24,06a07b,QTR872,Qatar,22.8732,69.2374,10058.4,251.07,93.76,0
3809,2026-09-13 13:11:24,39cf11,AFR199,France,26.6642,81.0395,11582.4,255.3,305.9,0
3810,2026-09-13 13:11:24,70412b,UBA5088,Myanmar,22.6366,95.8899,4838.7,142.29,176.27,0
3811,2026-09-13 13:11:24,70412a,UBA583,Myanmar,21.7831,95.6269,2750.82,110.61,313.87,0
3812,2026-09-13 13:11:24,80139b,AIC2119,India,27.9757,77.2945,3886.2,165.12,341.85,0
3813,2026-09-13 13:11:24,801404,IGO6584,India,14.6371,75.7915,10675.62,228.74,122.98,0
3814,2026-09-13 13:11:24,801415,IGO7443,India,28.5633,77.102,,19.55,106.88,1
3815,2026-09-13 13:11:24,801442,IGO545Y,India,25.4861,76.5477,8130.54,229.88,162.01,0
3816,2026-09-13 13:11:24,801454,IGO211,India,15.1595,74.0992,2446.02,116.55,349.83,0
3817,2026-09-13 13:11:24,80140c,IGO43V,India,28.561,77.0849,,0.0,59.06,1
3818,2026-09-13 13:11:24,801422,IGO1632,India,22.6399,88.4377,,0.19,337.5,1
3819,2026-09-13 13:11:24,80140e,AXB194,India,23.0729,73.3232,11300.46,234.43,86.86,0
3820,2026-09-13 13:11:24,801428,IGO6122,India,19.316,72.7533,3756.66,184.34,33.73,0
3821,2026-09-13 13:11:24,801499,IGO29TY,India,25.9365,77.6359,8290.56,213.17,118.54,0
3822,2026-09-13 13:11:24,801492,IGO6851,India,26.3474,76.2722,4861.56,200.91,297.94,0
3823,2026-09-13 13:11:24,80148f,IGO162P,India,22.0169,85.8506,11285.22,211.07,38.07,0
3824,2026-09-13 13:11:24,80148d,IGO234W,India,26.451,74.9643,10066.02,232.75,28.66,0
3825,2026-09-13 13:11:24,80149a,IGO207,India,22.83,89.3881,6492.24,196.29,69.76,0
3826,2026-09-13 13:11:24,504e6c,TVR4704,Republic of Moldova,22.0387,94.8906,9753.6,261.76,274.85,0
3827,2026-09-13 13:11:24,801536,IGO2137,India,28.7937,76.5528,2438.4,120.22,240.8,0
3828,2026-09-13 13:11:24,801534,AIC6DJ,India,23.181,73.7555,10706.1,232.69,19.64,0
3829,2026-09-13 13:11:24,8850b7,THA324,Thailand,26.4906,81.3046,11277.6,245.32,125.96,0
3830,2026-09-13 13:11:24,801506,IGO735C,India,28.794,77.3623,4114.8,155.99,296.23,0
3831,2026-09-13 13:11:24,801508,AKJ1406,India,28.5675,77.084,266.7,72.62,103.94,0
3832,2026-09-13 13:11:24,06a141,QTR8040,Qatar,22.8408,85.8385,11887.2,228.31,95.17,0
3833,2026-09-13 13:11:24,06a13c,QTR928,Qatar,22.5135,72.6277,10058.4,253.67,102.18,0
3834,2026-09-13 13:11:24,801562,IGO6551,India,27.6143,79.0447,9570.72,226.93,120.52,0
3835,2026-09-13 13:11:24,801560,IGO1253,India,27.1181,84.4302,6911.34,206.4,83.99,0
3836,2026-09-13 13:11:24,80155b,IGO32Y,India,23.8147,72.2641,10675.62,237.11,61.49,0
3837,2026-09-13 13:11:24,80152e,IGO6645,India,18.0353,83.1679,3672.84,172.83,281.68,0
3838,2026-09-13 13:11:24,801554,IGO195H,India,26.8692,75.0068,9433.56,227.52,11.74,0
3839,2026-09-13 13:11:24,801551,IGO751T,India,24.3001,87.9499,9753.6,228.32,344.18,0
3840,2026-09-13 13:11:24,801555,IOA106,India,19.5776,83.8162,3048.0,82.76,236.41,0
3841,2026-09-13 13:11:24,80158b,AXB1385,India,28.088,76.9215,11567.16,234.75,353.08,0
3842,2026-09-13 13:11:24,80159b,SDG622,India,22.1453,71.0866,6522.72,185.32,347.01,0
3843,2026-09-13 13:11:24,80156c,,India,26.0093,81.4669,6690.36,207.62,325.6,0
3844,2026-09-13 13:11:24,80156a,IGO6428,India,12.8415,77.718,3581.4,205.92,29.32,0
3845,2026-09-13 13:11:24,801597,AIC2146,India,28.4778,76.9304,2567.94,119.04,283.5,0
3846,2026-09-13 13:11:24,06a0b6,QTR650,Qatar,26.8914,82.1336,11879.58,251.67,83.43,0
3847,2026-09-13 13:11:24,680001,DRK541,Bhutan,18.9918,94.9501,10972.8,243.52,318.77,0
3848,2026-09-13 13:11:24,680009,BTN701,Bhutan,16.991,96.8716,11582.4,246.42,307.11,0
3849,2026-09-13 13:11:24,68000a,BTN773,Bhutan,28.7374,76.6138,2133.6,109.54,223.29,0
3850,2026-09-13 13:11:24,8013cc,AIC237,India,25.3119,86.0848,11277.6,226.47,109.09,0
3851,2026-09-13 13:11:24,8013a3,AIC8GZ,India,26.3295,78.8621,11277.6,231.38,147.9,0
3852,2026-09-13 13:11:24,88516b,THA922,Thailand,23.1145,87.266,9753.6,271.38,301.04,0
3853,2026-09-13 13:11:24,8013e3,IGO7925,India,22.8781,88.4712,1005.84,87.99,178.66,0
3854,2026-09-13 13:11:24,8013f8,IGO212M,India,28.0919,77.8551,5951.22,210.47,132.42,0
3855,2026-09-13 13:11:24,8013ed,AIC8JL,India,27.666,77.2271,4876.8,170.93,5.01,0
3856,2026-09-13 13:11:24,800db0,AXB1036,India,28.7007,77.5782,3733.8,164.27,296.4,0
3857,2026-09-13 13:11:24,710415,SVA870,Saudi Arabia,20.0931,83.0831,11879.58,232.19,95.85,0
3858,2026-09-13 13:11:24,4246b2,AZG434,United Kingdom,25.6059,75.9896,9753.6,265.78,299.19,0
3859,2026-09-13 13:11:24,aab841,CKS704,United States,22.448,90.2312,9144.0,275.34,277.19,0
3860,2026-09-13 13:11:24,151dc2,AFL297,Russian Federation,21.258,84.6324,11582.4,266.28,304.61,0
3861,2026-09-13 13:11:24,151dba,,Russian Federation,13.8837,73.9067,10363.2,255.17,344.09,0
3862,2026-09-13 13:11:24,151db5,AFL285,Russian Federation,30.6436,75.1266,10363.2,265.74,9.81,0
3863,2026-09-13 13:11:24,151db6,AFL273,Russian Federation,19.2266,94.0751,9753.6,265.57,301.53,0
3864,2026-09-13 13:11:24,4007ec,BAW2231,United Kingdom,16.8063,94.7787,11277.6,237.81,122.01,0
3865,2026-09-13 13:11:24,abda7d,FDX5080,United States,22.4679,93.3771,10058.4,252.02,81.9,0
3866,2026-09-13 13:11:24,7609f0,FJL866,Pakistan,31.5779,70.2407,11254.74,231.37,195.21,0
3867,2026-09-13 13:11:24,7609f2,SIF703,Pakistan,30.1972,71.4193,,5.4,90.0,1
3868,2026-09-13 13:11:24,78112e,CSC3902,China,23.4637,93.396,10050.78,231.65,101.66,0
3869,2026-09-13 13:11:24,70c0fc,OMA223,Oman,10.2788,76.5192,1539.24,102.38,89.71,0
3870,2026-09-13 13:11:24,70605b,KAC412,Kuwait,19.0958,86.6342,10363.2,257.15,285.79,0
3871,2026-09-13 13:11:24,7705c2,ALK182,Sri Lanka,27.4401,85.6226,6111.24,169.9,101.17,0
3872,2026-09-13 13:11:24,4851f6,KLM844,Kingdom of the Netherlands,24.9812,84.0697,9753.6,266.01,302.52,0
3873,2026-09-13 13:11:24,8880e0,HVN55,Viet Nam,27.486,79.9346,10972.8,256.36,309.95,0
3874,2026-09-13 13:11:24,76ccd0,SIA7328,Singapore,26.2965,74.7113,9753.6,275.82,298.76,0
3875,2026-09-13 13:11:24,507c84,MFX558,Uzbekistan,28.5469,77.1707,868.68,90.1,105.23,0
3876,2026-09-13 13:11:24,507c7f,MFX7621,Uzbekistan,26.5552,74.1847,11277.6,225.65,118.9,0
3877,2026-09-13 13:11:24,507c98,MFX530,Uzbekistan,29.0507,76.4568,9761.22,231.32,260.91,0
3878,2026-09-13 13:11:24,76cda2,SIA338,Singapore,10.1042,94.0896,10972.8,263.09,319.52,0
3879,2026-09-13 13:11:24,8966f3,UAE9859,United Arab Emirates,22.8827,69.6141,10363.2,259.94,274.09,0
3880,2026-09-13 13:11:24,8966bd,ETD4UA,United Arab Emirates,28.2247,73.8918,9448.8,236.51,100.53,0
3881,2026-09-13 13:11:24,70ac2f,9NAEV,Nepal,28.0071,84.3106,2263.14,81.47,34.19,0
3882,2026-09-13 13:11:24,010206,MSR974,Egypt,28.5426,73.5422,9753.6,237.94,267.27,0
3883,2026-09-13 13:11:24,60182b,TUA695,Turkmenistan,22.1686,93.1533,11277.6,234.21,94.28,0
3884,2026-09-13 13:11:24,76cef9,SIA321,Singapore,15.6669,90.7234,10668.0,243.11,119.82,0
3885,2026-09-13 13:11:24,507c5f,UZB562,Uzbekistan,24.2913,86.239,9745.98,243.62,291.04,0
3886,2026-09-13 13:11:24,750548,XAX600,Malaysia,13.6002,90.5931,10972.8,254.9,312.38,0
3887,2026-09-13 13:11:24,780fc4,CSN6068,China,23.3606,94.3783,10668.0,237.58,96.34,0
3888,2026-09-13 13:11:24,76bcc1,TGW751,Singapore,21.4037,88.357,12489.18,234.86,120.83,0
3889,2026-09-13 13:11:24,4d23c4,GTR1576,Malta,23.4022,87.3757,10972.8,254.49,248.41,0
3890,2026-09-13 13:11:24,39b221,CMA731,France,25.0654,76.6262,10363.2,261.13,307.07,0
3891,2026-09-13 13:11:24,4073ce,VIR355,United Kingdom,25.0821,72.1907,10355.58,265.16,354.43,0
3892,2026-09-13 13:11:24,800b63,AXB1019,India,30.946,76.5634,10668.0,233.95,162.2,0
3893,2026-09-13 13:11:24,86e780,JAL39,Japan,23.4472,94.9989,11574.78,251.05,270.35,0
3894,2026-09-13 13:11:24,800c43,AIC2332,India,21.4891,88.0244,11277.6,223.84,128.19,0
3895,2026-09-13 13:11:24,800c42,AIC4NC,India,25.4556,84.637,2034.54,116.37,80.33,0
3896,2026-09-13 13:11:24,800c11,IGO6044,India,12.9999,80.1948,129.54,75.87,249.35,0
3897,2026-09-13 13:11:24,800c0c,AIC6PQ,India,10.9733,76.0114,7185.66,215.56,330.87,0
3898,2026-09-13 13:11:24,800c88,AIC1HL,India,28.56,77.0222,525.78,68.87,103.83,0
3899,2026-09-13 13:11:24,710062,SVA891,Saudi Arabia,23.0801,73.2028,10363.2,251.89,267.07,0
3900,2026-09-13 13:11:24,4cac10,KZR564,Ireland,30.5649,76.6034,10363.2,234.31,330.4,0
3901,2026-09-13 13:11:24,70e085,SEJ5155,Cambodia,27.5499,74.4146,9745.98,246.79,189.6,0
3902,2026-09-13 13:11:24,70e084,SEJ253,Cambodia,28.4204,77.1656,3992.88,185.37,263.47,0
3903,2026-09-13 13:11:24,800d0f,IGO71AT,India,23.0767,88.7885,3474.72,133.46,279.32,0
3904,2026-09-13 13:11:24,800d03,SEJ2951,India,28.5671,77.114,,5.66,84.38,1
3905,2026-09-13 13:11:24,800d40,AIC2HX,India,27.2277,76.7481,8503.92,213.12,193.4,0
3906,2026-09-13 13:11:24,800d6a,IGO7923,India,12.5289,77.7914,4259.58,131.39,352.12,0
3907,2026-09-13 13:11:24,39d2af,AFR253,France,28.5201,73.0692,11582.4,247.78,267.02,0
3908,2026-09-13 13:11:24,800be6,AIC8VE,India,27.9186,76.9492,4488.18,183.69,194.93,0
3909,2026-09-13 13:11:24,4b1920,SWR181,Switzerland,22.4057,88.8824,9753.6,262.33,321.85,0
3910,2026-09-13 13:11:24,4d2012,SVA798,Malta,23.0585,88.2663,11277.6,233.56,101.43,0
3911,2026-09-13 13:11:24,800ce4,AXB252,India,19.2138,72.9571,3657.6,135.82,90.43,0
3912,2026-09-13 13:11:24,800cc3,IGO7144,India,12.9738,80.0563,5189.22,127.9,193.25,0
3913,2026-09-13 13:11:24,800cfe,AIC4SW,India,18.9858,72.764,2080.26,135.03,187.88,0
3914,2026-09-13 13:11:24,800cfb,IGO2KY,India,25.1372,91.8227,4884.42,91.41,168.31,0
3915,2026-09-13 13:16:25,80162a,IGO7676,India,28.2079,76.8335,2750.82,128.68,88.17,0
3916,2026-09-13 13:16:25,801638,AXB3428,India,31.7734,76.0961,10066.02,239.34,152.06,0
3917,2026-09-13 13:16:25,80162f,AIC5XK,India,15.3869,73.8639,175.26,69.21,258.86,0
3918,2026-09-13 13:16:25,801649,IGO5125,India,23.4043,85.5538,9144.0,215.73,65.64,0
3919,2026-09-13 13:16:25,801650,AXB2942,India,13.0042,78.8055,7620.0,197.55,97.18,0
3920,2026-09-13 13:16:25,80160a,IGO539T,India,23.5867,84.5816,11209.02,228.46,15.95,0
3921,2026-09-13 13:16:25,801616,IGO311F,India,22.6442,88.4407,,0.39,275.62,1
3922,2026-09-13 13:16:25,801621,IGO83FK,India,28.192,77.5458,472.44,65.68,101.75,0
3923,2026-09-13 13:16:25,801622,IGO2491,India,28.6739,76.7204,8557.26,209.09,132.01,0
3924,2026-09-13 13:16:25,801633,AKJ581G,India,13.2191,77.6568,1303.02,105.57,306.48,0
3925,2026-09-13 13:16:25,80161e,AKJ1514,India,23.7965,84.7121,10241.28,247.14,217.13,0
3926,2026-09-13 13:16:25,801685,AXB1561,India,26.5647,88.3397,10058.4,232.23,36.26,0
3927,2026-09-13 13:16:25,801686,AXB882,India,13.0427,95.456,11277.6,222.99,92.64,0
3928,2026-09-13 13:16:25,801683,AXB1513,India,26.5345,89.9432,8602.98,219.94,281.47,0
3929,2026-09-13 13:16:25,80167e,AIC1EZ,India,31.0261,74.6707,8618.22,29.86,181.97,0
3930,2026-09-13 13:16:25,80167c,AXB1626,India,14.1967,76.9918,9250.68,208.32,146.58,0
3931,2026-09-13 13:16:25,801697,AXB1176,India,24.5436,83.3168,11887.2,229.18,68.68,0
3932,2026-09-13 13:16:25,80164e,AIC3GN,India,22.0235,73.386,11582.4,234.61,183.9,0
3933,2026-09-13 13:16:25,80165d,AXB1386,India,13.6093,76.7568,7048.5,192.02,292.03,0
3934,2026-09-13 13:16:25,801678,IGO648T,India,26.074,83.416,8267.7,234.8,287.2,0
3935,2026-09-13 13:16:25,801671,AIC3SR,India,27.6687,77.2943,7071.36,202.32,313.56,0
3936,2026-09-13 13:16:25,80169c,IGO19M,India,20.5863,70.0753,11887.2,221.64,124.98,0
3937,2026-09-13 13:16:25,8014a3,IGO697J,India,27.1661,76.8102,8938.26,219.8,177.99,0
3938,2026-09-13 13:16:25,8014b4,IGO1127,India,11.2639,77.1679,10218.42,240.65,206.95,0
3939,2026-09-13 13:16:25,8014e8,IGO975P,India,21.1423,71.4769,8122.92,199.48,332.84,0
3940,2026-09-13 13:16:25,8014dc,IGO1427,India,26.3663,74.1445,10957.56,239.52,191.65,0
3941,2026-09-13 13:16:25,8014f3,AXB1806,India,22.3999,70.3435,4556.76,150.94,102.0,0
3942,2026-09-13 13:16:25,8014f4,IGO9302,India,22.8388,88.4673,861.06,87.84,185.38,0
3943,2026-09-13 13:16:25,8014f7,IGO1871,India,8.1842,76.5987,11597.64,238.39,217.02,0
3944,2026-09-13 13:16:25,8014f2,AKJ2004,India,10.2103,76.5634,1028.7,105.18,165.56,0
3945,2026-09-13 13:16:25,8014c8,IGO6653,India,14.279,75.2807,9433.56,217.43,307.79,0
3946,2026-09-13 13:16:25,8014d8,IGO703,India,12.9424,77.5407,5554.98,166.34,177.34,0
3947,2026-09-13 13:16:25,8014ce,IGO455,India,22.6405,88.4396,38.1,0.0,337.5,1
3948,2026-09-13 13:16:25,801603,AIC2QW,India,25.4317,76.8863,10058.4,223.44,177.76,0
3949,2026-09-13 13:16:25,801607,AXB1068,India,26.0688,75.7295,9761.22,235.59,206.73,0
3950,2026-09-13 13:16:25,80175f,IGO637N,India,14.0037,77.3213,7322.82,213.63,339.12,0
3951,2026-09-13 13:16:25,801778,IGO36AK,India,26.6133,81.2565,10972.8,240.38,294.26,0
3952,2026-09-13 13:16:25,801775,IGO850,India,27.3572,76.803,7825.74,221.75,180.8,0
3953,2026-09-13 13:16:25,801741,IGO342T,India,28.5521,77.0885,,0.32,241.88,1
3954,2026-09-13 13:16:25,801742,IGO31VD,India,26.4355,81.228,10066.02,230.01,123.23,0
3955,2026-09-13 13:16:25,80172d,IGO2009,India,28.5884,76.8891,815.34,95.83,103.66,0
3956,2026-09-13 13:16:25,80173c,IGO6232,India,10.2401,76.2911,1889.76,141.81,3.95,0
3957,2026-09-13 13:16:25,80173b,OAH102,India,12.5199,80.356,4892.04,169.3,11.04,0
3958,2026-09-13 13:16:25,801748,IGO941,India,14.3966,77.8495,9075.42,211.61,14.07,0
3959,2026-09-13 13:16:25,801746,IGO6396,India,20.9337,88.5936,9349.74,226.46,29.54,0
3960,2026-09-13 13:16:25,801752,IGO5316,India,26.3625,76.7777,6156.96,159.91,52.32,0
3961,2026-09-13 13:16:25,80177e,IGO1064,India,24.7907,83.682,10355.58,243.39,311.74,0
3962,2026-09-13 13:16:25,801793,IGO376E,India,19.0078,72.7315,2148.84,144.76,176.94,0
3963,2026-09-13 13:16:25,801798,IGO335L,India,27.8497,77.201,5433.06,175.25,15.67,0
3964,2026-09-13 13:16:25,8016a2,AKJ619,India,12.3539,95.928,11582.4,243.36,314.74,0
3965,2026-09-13 13:16:25,8016a3,IGO59P,India,23.9641,90.2672,769.62,87.62,74.33,0
3966,2026-09-13 13:16:25,8016a7,AIC9CQ,India,29.9064,75.8284,7360.92,197.96,141.22,0
3967,2026-09-13 13:16:25,8015c1,AIC2362,India,28.0791,77.6008,4198.62,182.13,118.88,0
3968,2026-09-13 13:16:25,8015c0,IGO1157,India,26.4748,83.9351,9913.62,237.94,64.65,0
3969,2026-09-13 13:16:25,8015c5,AIC2116,India,10.8422,93.5604,10370.82,248.72,320.12,0
3970,2026-09-13 13:16:25,8015c7,IGO447,India,11.3737,77.6135,3261.36,175.84,245.08,0
3971,2026-09-13 13:16:25,8015d1,IGO7672,India,30.7248,76.5491,5181.6,134.6,135.62,0
3972,2026-09-13 13:16:25,8015a4,IGO5365,India,26.8126,81.4001,10668.0,234.09,95.42,0
3973,2026-09-13 13:16:25,8015ad,IGO664E,India,20.2688,86.9859,10652.76,216.47,41.53,0
3974,2026-09-13 13:16:25,8015b8,,India,27.8956,76.6512,7018.02,211.44,230.03,0
3975,2026-09-13 13:16:25,8015fc,IGO2516,India,22.8378,88.7386,2811.78,110.87,220.86,0
3976,2026-09-13 13:16:25,8002ce,IFC1,India,28.5859,77.0038,662.94,67.88,104.04,0
3977,2026-09-13 13:16:25,885303,,Thailand,27.7313,85.3713,1783.08,99.48,356.44,0
3978,2026-09-13 13:16:25,8015e3,IGO5198,India,28.9555,77.6118,5669.28,187.05,131.1,0
3979,2026-09-13 13:16:25,8015e5,IGO2331,India,28.5653,77.0817,,6.43,61.88,1
3980,2026-09-13 13:16:25,8015dd,SDG235,India,29.3708,77.5017,3497.58,149.46,163.81,0
3981,2026-09-13 13:16:25,8015f7,AIC9HA,India,27.6882,75.7352,6309.36,206.69,28.22,0
3982,2026-09-13 13:16:25,88530f,THA322,Thailand,23.3622,90.8274,4686.3,192.53,140.31,0
3983,2026-09-13 13:16:25,70203f,BBC136,Bangladesh,23.8475,90.4044,,0.0,56.25,1
3984,2026-09-13 13:16:25,70204b,BBC340,Bangladesh,23.0288,72.696,10058.4,244.33,86.38,0
3985,2026-09-13 13:16:25,80171a,IGO376,India,21.4387,85.6098,10668.0,220.2,64.39,0
3986,2026-09-13 13:16:25,801726,IGO28AV,India,28.1733,78.797,8229.6,198.78,296.1,0
3987,2026-09-13 13:16:25,800401,AIC3PK,India,22.6483,73.0421,9822.18,221.44,199.4,0
3988,2026-09-13 13:16:25,801883,IGO1494,India,20.7235,88.2539,10584.18,237.37,327.93,0
3989,2026-09-13 13:16:25,80053f,AIC1QB,India,19.0891,72.8962,152.4,66.37,269.11,0
3990,2026-09-13 13:16:25,80187a,IGO5192,India,28.7861,76.7446,1722.12,117.35,282.15,0
3991,2026-09-13 13:16:25,80057d,AIC8YK,India,28.5308,77.1312,617.22,96.47,145.21,0
3992,2026-09-13 13:16:25,702098,UBG107,Bangladesh,22.7673,91.4852,3802.38,131.06,132.77,0
3993,2026-09-13 13:16:25,800584,AIC186,India,24.6436,87.4943,11582.4,257.77,290.93,0
3994,2026-09-13 13:16:25,70209b,BBC355,Bangladesh,28.2516,78.0132,11574.78,249.56,288.14,0
3995,2026-09-13 13:16:25,70a8f4,BHA661,Nepal,27.871,84.8836,3154.68,120.29,307.7,0
3996,2026-09-13 13:16:25,8017a1,AXB46K,India,18.1977,82.577,10972.8,251.26,213.98,0
3997,2026-09-13 13:16:25,8960dc,UAE18V,United Arab Emirates,20.8211,69.6177,10668.0,245.01,107.98,0
3998,2026-09-13 13:16:25,8016e0,IGO2588,India,28.1996,78.5271,5981.7,179.22,296.42,0
3999,2026-09-13 13:16:25,8016e1,IGO6103,India,22.6556,88.4443,38.1,4.63,5.62,1
4000,2026-09-13 13:16:25,8016da,IGO253H,India,23.1492,88.4347,3703.32,131.34,99.24,0
4001,2026-09-13 13:16:25,8016dd,IGO874,India,28.6612,80.0239,10363.2,233.36,307.48,0
4002,2026-09-13 13:16:25,8016af,AXB54E,India,27.4597,79.0248,9189.72,213.76,119.4,0
4003,2026-09-13 13:16:25,8016c9,AXB1514,India,23.5138,88.3283,6675.12,190.79,11.04,0
4004,2026-09-13 13:16:25,8016c7,AXB172M,India,14.7957,74.6101,9989.82,232.84,154.06,0
4005,2026-09-13 13:16:25,8016d6,IGO561J,India,12.9415,79.1896,6484.62,197.67,107.73,0
4006,2026-09-13 13:16:25,896121,UAE334,United Arab Emirates,22.8296,70.9749,10058.4,256.67,79.14,0
4007,2026-09-13 13:16:25,8016ca,AXB2932,India,22.4194,86.0493,11582.4,256.58,235.29,0
4008,2026-09-13 13:16:25,8016d7,IGO465,India,13.4605,77.5682,4091.94,150.82,351.57,0
4009,2026-09-13 13:16:25,8003e4,AIC169,India,27.45,74.5144,10363.2,255.58,198.18,0
4010,2026-09-13 13:16:25,801800,IGO2487,India,26.1806,75.5655,10904.22,234.28,200.7,0
4011,2026-09-13 13:16:25,80182d,IGO2025,India,24.6327,81.0753,10972.8,246.47,247.93,0
4012,2026-09-13 13:16:25,80183b,IGO119Y,India,25.993,77.2211,10980.42,240.9,358.04,0
4013,2026-09-13 13:16:25,801819,IGO175,India,28.563,77.1102,,7.2,104.06,1
4014,2026-09-13 13:16:25,80180c,IGO701J,India,13.8185,80.2421,5288.28,192.3,169.05,0
4015,2026-09-13 13:16:25,801826,SDG619,India,25.2715,83.8597,9144.0,245.48,263.38,0
4016,2026-09-13 13:16:25,801828,IGO1510,India,17.1635,81.4601,11582.4,245.94,273.84,0
4017,2026-09-13 13:16:25,8018b0,AIC188,India,26.6705,74.772,11887.2,250.35,36.14,0
4018,2026-09-13 13:16:25,7020a5,BBC436,Bangladesh,22.31,91.7827,5486.4,140.22,317.83,0
4019,2026-09-13 13:16:25,7020ab,UBG205,Bangladesh,12.9988,80.1919,114.3,85.14,249.48,0
4020,2026-09-13 13:16:25,7020b8,UBG104,Bangladesh,22.5641,91.2571,3375.66,100.63,299.05,0
4021,2026-09-13 13:16:25,8018c7,IGO1604,India,14.5201,96.5114,9753.6,254.03,284.06,0
4022,2026-09-13 13:16:25,8018ca,IGO121V,India,13.4386,77.9721,2415.54,122.7,197.07,0
4023,2026-09-13 13:16:25,8017ff,IGO5239,India,19.0885,72.852,144.78,98.79,269.1,0
4024,2026-09-13 13:16:25,8017e5,IGO1074,India,27.956,77.2939,4655.82,175.31,345.56,0
4025,2026-09-13 13:16:25,8017e4,IGO362H,India,23.0329,73.6477,10858.5,239.4,21.82,0
4026,2026-09-13 13:16:25,8017f7,AIC9EK,India,19.0891,72.8925,137.16,76.14,269.23,0
4027,2026-09-13 13:16:25,801914,IGO447L,India,28.3034,76.3446,3337.56,134.45,97.7,0
4028,2026-09-13 13:16:25,801910,IGO950H,India,15.8096,73.7064,10370.82,244.37,323.73,0
4029,2026-09-13 13:16:25,800797,VUAUJ,India,26.9999,77.3341,10515.6,240.35,1.72,0
4030,2026-09-13 13:16:25,8005f0,AIC132,India,13.189,77.7746,1150.62,82.83,270.71,0
4031,2026-09-13 13:16:25,8005ee,AIC155,India,27.1498,76.0583,8221.98,235.75,211.44,0
4032,2026-09-13 13:16:25,8005e7,VTAVS,India,11.1836,77.1264,7315.2,187.28,207.13,0
4033,2026-09-13 13:16:25,4bb0e6,THY209,Turkey,13.9785,79.6916,11582.4,252.98,303.3,0
4034,2026-09-13 13:16:25,781d3c,HYT9092,China,22.6837,91.6433,8839.2,223.23,106.05,0
4035,2026-09-13 13:16:25,800735,AIC352,India,25.2397,86.2866,11887.2,243.86,108.7,0
4036,2026-09-13 13:16:25,4bb185,THY125,Turkey,28.6389,76.1329,11582.4,246.69,290.89,0
4037,2026-09-13 13:16:25,8007b2,IGO6749,India,25.0636,89.67,10668.0,226.48,57.43,0
4038,2026-09-13 13:16:25,8007b0,IGO2496,India,28.5646,77.0909,,0.0,351.56,1
4039,2026-09-13 13:16:25,896523,UAE1DP,United Arab Emirates,14.8737,77.6781,12192.0,254.86,309.18,0
4040,2026-09-13 13:16:25,4bb196,THY65,Turkey,27.8621,79.1976,11574.78,251.73,292.21,0
4041,2026-09-13 13:16:25,89647e,UAE372,United Arab Emirates,22.9411,68.137,12291.06,243.85,90.0,0
4042,2026-09-13 13:16:25,8008d2,FLW ME 3,India,22.6517,88.4474,,15.95,5.62,1
4043,2026-09-13 13:16:25,896643,FDB539,United Arab Emirates,27.5678,78.594,10668.0,241.66,125.38,0
4044,2026-09-13 13:16:25,896623,UAE392,United Arab Emirates,21.041,68.9523,11277.6,243.2,113.96,0
4045,2026-09-13 13:16:25,8008c3,IGO9204,India,22.6773,88.8359,3947.16,184.11,64.87,0
4046,2026-09-13 13:16:25,ac3857,FDX5384,United States,28.5484,77.0762,251.46,72.49,103.54,0
4047,2026-09-13 13:16:25,461f4d,FIN131,Finland,13.6543,92.6113,12496.8,237.19,135.7,0
4048,2026-09-13 13:16:25,05a054,DQA2706,Maldives,8.9731,76.521,6377.94,230.44,3.71,0
4049,2026-09-13 13:16:25,507cb3,MFX5538,Uzbekistan,25.2094,81.5401,9761.22,246.08,254.98,0
4050,2026-09-13 13:16:25,8965f6,ABY514,United Arab Emirates,26.3939,75.0698,10668.0,229.79,57.8,0
4051,2026-09-13 13:16:25,896749,ABY700,United Arab Emirates,15.0788,78.7024,11582.4,240.65,296.4,0
4052,2026-09-13 13:16:25,896717,ABY824,United Arab Emirates,18.4196,80.9878,10980.42,244.92,285.85,0
4053,2026-09-13 13:16:25,896682,UAE386,United Arab Emirates,23.9454,72.6965,11887.2,245.61,94.44,0
4054,2026-09-13 13:16:25,780d2c,CCA011,China,25.8364,84.4129,11277.6,247.28,108.43,0
4055,2026-09-13 13:16:25,8965c0,FDB1584,United Arab Emirates,16.2315,93.6978,10972.8,248.48,292.26,0
4056,2026-09-13 13:16:25,15203a,AFL295,Russian Federation,22.8014,88.3694,10972.8,247.48,322.18,0
4057,2026-09-13 13:16:25,899035,EVA067,Taiwan,21.5637,90.2018,9144.0,275.09,303.87,0
4058,2026-09-13 13:16:25,406f79,BAW15,United Kingdom,12.6136,93.645,11879.58,243.75,135.86,0
4059,2026-09-13 13:16:25,394a04,AFR256,France,14.2626,90.6821,10058.4,252.33,101.29,0
4060,2026-09-13 13:16:25,04022a,ETH3482,Ethiopia,22.6847,95.1002,12496.8,240.69,82.63,0
4061,2026-09-13 13:16:25,760a0c,FJL811,Pakistan,29.3764,71.5277,10035.54,227.07,228.58,0
4062,2026-09-13 13:16:25,8990a5,CAL5663,Taiwan,27.119,80.4215,10363.2,258.08,310.23,0
4063,2026-09-13 13:16:25,7814fe,CSN5016,China,22.2961,92.1039,9448.8,225.17,81.59,0
4064,2026-09-13 13:16:25,06a2e1,QTR8433,Qatar,22.958,68.1946,9753.6,265.45,270.0,0
4065,2026-09-13 13:16:25,4ba959,THY72,Turkey,31.0262,74.6708,10668.0,27.61,153.43,0
4066,2026-09-13 13:16:25,7816bd,CSC9639,China,22.718,94.9598,10363.2,243.82,262.61,0
4067,2026-09-13 13:16:25,040255,,Ethiopia,24.4574,73.0961,11582.4,240.88,243.76,0
4068,2026-09-13 13:16:25,4ba88f,THY6119,Turkey,13.0621,80.1295,899.16,129.25,5.71,0
4069,2026-09-13 13:16:25,704012,MMA361,Myanmar,19.565,96.0587,7452.36,22.55,297.15,0
4070,2026-09-13 13:16:25,06a052,QTR3R,Qatar,22.8313,70.4713,10972.8,259.87,273.86,0
4071,2026-09-13 13:16:25,06a07b,QTR872,Qatar,22.8272,69.9866,10058.4,252.58,93.62,0
4072,2026-09-13 13:16:25,39cf11,AFR199,France,27.1503,80.3802,11582.4,253.33,310.22,0
4073,2026-09-13 13:16:25,70412a,UBA583,Myanmar,21.7831,95.6269,2750.82,114.97,313.91,0
4074,2026-09-13 13:16:25,80139b,AIC2119,India,28.4007,77.2798,3657.6,153.27,298.03,0
4075,2026-09-13 13:16:25,801404,IGO6584,India,14.2587,76.3536,10675.62,229.16,127.8,0
4076,2026-09-13 13:16:25,801415,IGO7443,India,28.5671,77.114,,4.12,92.81,1
4077,2026-09-13 13:16:25,80142b,IGO504,India,18.0278,80.1545,10972.8,244.5,232.09,0
4078,2026-09-13 13:16:25,801454,IGO211,India,15.4124,74.0116,876.3,84.26,294.53,0
4079,2026-09-13 13:16:25,80140c,IGO43V,India,28.5609,77.0839,,0.51,331.88,1
4080,2026-09-13 13:16:25,80140e,AXB194,India,23.0939,73.7539,11277.6,233.86,87.1,0
4081,2026-09-13 13:16:25,801499,IGO29TY,India,25.6485,78.2182,9570.72,229.55,118.81,0
4082,2026-09-13 13:16:25,80148f,IGO162P,India,22.4805,86.2417,10081.26,216.85,38.26,0
4083,2026-09-13 13:16:25,80148d,IGO234W,India,27.0059,75.3034,10058.4,231.85,28.78,0
4084,2026-09-13 13:16:25,80149a,IGO207,India,23.0163,89.9365,7010.4,197.08,70.0,0
4085,2026-09-13 13:16:25,80149b,IGO970M,India,20.5636,82.5052,9646.92,249.47,222.24,0
4086,2026-09-13 13:16:25,504e6c,TVR4704,Republic of Moldova,22.1002,94.1076,9753.6,267.4,274.75,0
4087,2026-09-13 13:16:25,801536,IGO2137,India,28.6604,76.6781,1371.6,94.45,104.19,0
4088,2026-09-13 13:16:25,801534,AIC6DJ,India,23.181,73.7555,10706.1,236.42,19.58,0
4089,2026-09-13 13:16:25,8850b7,THA324,Thailand,26.094,81.9058,11277.6,242.11,126.36,0
4090,2026-09-13 13:16:25,801506,IGO735C,India,28.7631,76.9418,2788.92,134.49,281.7,0
4091,2026-09-13 13:16:25,801508,AKJ1406,India,28.5633,77.1018,,27.27,104.06,1
4092,2026-09-13 13:16:25,06a141,QTR8040,Qatar,22.7953,86.5095,11887.2,223.16,93.44,0
4093,2026-09-13 13:16:25,06a13c,QTR928,Qatar,22.3403,73.289,10058.4,250.6,99.09,0
4094,2026-09-13 13:16:25,801562,IGO6551,India,27.3037,79.6587,10629.9,229.17,115.82,0
4095,2026-09-13 13:16:25,801560,IGO1253,India,27.1747,85.0019,4183.38,164.6,65.44,0
4096,2026-09-13 13:16:25,80155b,IGO32Y,India,24.1251,72.8896,10668.0,237.07,61.77,0
4097,2026-09-13 13:16:25,80152e,IGO6645,India,18.1387,82.6261,7018.02,208.24,281.25,0
4098,2026-09-13 13:16:25,80152f,IGO6344,India,30.0253,78.2702,3467.1,142.71,107.19,0
4099,2026-09-13 13:16:25,801554,IGO195H,India,27.3793,75.3912,8564.88,219.24,35.26,0
4100,2026-09-13 13:16:25,801551,IGO751T,India,24.8765,87.7692,8237.22,202.75,345.75,0
4101,2026-09-13 13:16:25,80158b,AXB1385,India,28.7308,76.8323,11574.78,231.69,352.99,0
4102,2026-09-13 13:16:25,80159c,AIC217,India,28.4918,77.3633,2994.66,143.3,112.15,0
4103,2026-09-13 13:16:25,80159b,SDG622,India,22.599,70.9278,4671.06,166.25,337.24,0
4104,2026-09-13 13:16:25,80156c,IGO286F,India,26.501,81.0925,8534.4,224.6,325.55,0
4105,2026-09-13 13:16:25,80156a,IGO6428,India,13.1814,77.8931,1592.58,95.17,306.87,0
4106,2026-09-13 13:16:25,801597,AIC2146,India,28.5634,76.5876,1767.84,111.94,336.14,0
4107,2026-09-13 13:16:25,06a0b6,QTR650,Qatar,26.9683,82.9027,11811.0,250.48,83.75,0
4108,2026-09-13 13:16:25,680001,DRK541,Bhutan,19.5084,94.4996,10972.8,243.15,329.2,0
4109,2026-09-13 13:16:25,680009,BTN701,Bhutan,17.4001,96.3087,11590.02,244.57,307.14,0
4110,2026-09-13 13:16:25,68000a,BTN773,Bhutan,28.6145,76.7665,1287.78,95.71,103.36,0
4111,2026-09-13 13:16:25,8013cc,AIC237,India,25.1094,86.7229,11269.98,221.93,109.36,0
4112,2026-09-13 13:16:25,8013a3,AIC8GZ,India,25.8061,79.2261,11292.84,232.08,147.86,0
4113,2026-09-13 13:16:25,88516b,THA922,Thailand,23.4907,86.5605,9753.6,273.86,300.85,0
4114,2026-09-13 13:16:25,8013e3,IGO7925,India,22.6886,88.4492,182.88,58.52,186.56,0
4115,2026-09-13 13:16:25,8013f8,IGO212M,India,27.7231,78.4039,7848.6,235.6,119.14,0
4116,2026-09-13 13:16:25,8013ed,AIC8JL,India,28.1287,77.2771,4038.6,163.86,7.21,0
4117,2026-09-13 13:16:25,800db7,IGO58J,India,12.6562,80.3698,2453.64,142.59,357.93,0
4118,2026-09-13 13:16:25,800db0,AXB1036,India,28.8271,77.1119,3108.96,149.72,270.79,0
4119,2026-09-13 13:16:25,710415,SVA870,Saudi Arabia,20.0231,83.7596,11887.2,232.92,99.92,0
4120,2026-09-13 13:16:25,4246b2,AZG434,United Kingdom,25.9352,75.3511,9753.6,268.4,305.64,0
4121,2026-09-13 13:16:25,aab841,CKS704,United States,22.5408,89.4231,9144.0,273.61,276.91,0
4122,2026-09-13 13:16:25,151dc2,AFL297,Russian Federation,21.5495,84.1787,11582.4,265.87,307.14,0
4123,2026-09-13 13:16:25,151dba,AFL321,Russian Federation,14.5559,73.7104,10363.2,256.16,344.15,0
4124,2026-09-13 13:16:25,151db5,AFL285,Russian Federation,31.2029,74.7236,10363.2,248.2,316.68,0
4125,2026-09-13 13:16:25,151db6,AFL273,Russian Federation,19.6093,93.4155,9753.6,268.04,301.34,0
4126,2026-09-13 13:16:25,4007ec,BAW2231,United Kingdom,16.5091,95.3846,11277.6,237.66,116.9,0
4127,2026-09-13 13:16:25,abda7d,FDX5080,United States,22.5639,94.1214,10058.4,253.91,82.2,0
4128,2026-09-13 13:16:25,70c102,OMA823,Oman,15.4086,77.996,10668.0,226.85,116.39,0
4129,2026-09-13 13:16:25,7609f0,FJL866,Pakistan,31.2038,70.1271,11582.4,231.0,187.68,0
4130,2026-09-13 13:16:25,78112e,CSC3902,China,23.3906,94.0814,10668.0,232.3,96.1,0
4131,2026-09-13 13:16:25,70c0fc,OMA223,Oman,10.1537,76.4714,373.38,78.73,268.88,0
4132,2026-09-13 13:16:25,70605b,KAC412,Kuwait,19.2862,85.9146,10363.2,258.85,285.44,0
4133,2026-09-13 13:16:25,7705c2,ALK182,Sri Lanka,27.0158,85.8211,7513.32,230.54,190.93,0
4134,2026-09-13 13:16:25,4851f6,KLM844,Kingdom of the Netherlands,25.3746,83.3854,9753.6,267.2,302.1,0
4135,2026-09-13 13:16:25,8880e0,HVN55,Viet Nam,27.8396,79.2597,10965.18,254.69,292.32,0
4136,2026-09-13 13:16:25,76ccd0,SIA7328,Singapore,26.6119,74.0703,9753.6,273.32,298.93,0
4137,2026-09-13 13:16:25,507c84,MFX558,Uzbekistan,28.4014,76.9551,4152.9,173.63,258.72,0
4138,2026-09-13 13:16:25,507c7f,MFX7621,Uzbekistan,26.2531,74.7996,11277.6,224.71,118.74,0
4139,2026-09-13 13:16:25,507c98,MFX530,Uzbekistan,29.1057,75.7421,9745.98,230.96,282.09,0
4140,2026-09-13 13:16:25,76cda2,SIA338,Singapore,10.656,93.6124,10972.8,267.06,319.37,0
4141,2026-09-13 13:16:25,8966f3,UAE9859,United Arab Emirates,22.9313,68.8332,10363.2,263.43,273.69,0
4142,2026-09-13 13:16:25,8966bd,ETD4UA,United Arab Emirates,28.2013,74.5943,8244.84,219.24,88.39,0
4143,2026-09-13 13:16:25,4074e3,BAW198,United Kingdom,19.1745,72.714,2019.3,145.43,7.93,0
4144,2026-09-13 13:16:25,70ac2f,9NAEV,Nepal,28.0651,84.2864,2118.36,83.1,311.49,0
4145,2026-09-13 13:16:25,60182b,TUA695,Turkmenistan,22.1187,93.8495,11277.6,236.34,94.49,0
4146,2026-09-13 13:16:25,76cef9,SIA321,Singapore,15.2377,91.2391,10675.62,239.55,138.92,0
4147,2026-09-13 13:16:25,507c5f,UZB562,Uzbekistan,24.5323,85.5517,10363.2,246.21,290.93,0
4148,2026-09-13 13:16:25,750548,XAX600,Malaysia,13.6114,90.5805,10972.8,253.1,312.28,0
4149,2026-09-13 13:16:25,780fc4,CSN6068,China,23.2872,95.0842,11277.6,237.7,96.59,0
4150,2026-09-13 13:16:25,76bcc1,TGW751,Singapore,21.0588,88.9596,12489.18,243.87,121.54,0
4151,2026-09-13 13:16:25,4d23c4,GTR1576,Malta,23.2397,86.6503,10972.8,254.16,270.81,0
4152,2026-09-13 13:16:25,39b221,CMA731,France,25.5256,75.9607,10363.2,263.3,307.14,0
4153,2026-09-13 13:16:25,800b63,AXB1019,India,30.4103,76.9735,10408.92,245.95,136.02,0
4154,2026-09-13 13:16:25,86e780,JAL39,Japan,23.4508,94.2498,11574.78,252.08,270.12,0
4155,2026-09-13 13:16:25,800c43,AIC2332,India,21.2342,88.6117,11277.6,225.06,119.44,0
4156,2026-09-13 13:16:25,800c11,IGO6044,India,12.9985,80.1912,114.3,75.87,249.35,0
4157,2026-09-13 13:16:25,800c0c,AIC6PQ,India,11.1709,75.8998,8039.1,222.45,330.95,0
4158,2026-09-13 13:16:25,800c88,AIC1HL,India,28.5493,77.0722,274.32,66.75,103.82,0
4159,2026-09-13 13:16:25,710062,SVA891,Saudi Arabia,23.0406,72.4019,10363.2,245.27,266.75,0
4160,2026-09-13 13:16:25,4cac10,KZR564,Ireland,30.9175,76.04,10363.2,225.98,289.14,0
4161,2026-09-13 13:16:25,70e085,SEJ5155,Cambodia,26.8957,74.3888,9753.6,246.03,189.27,0
4162,2026-09-13 13:16:25,70e084,SEJ253,Cambodia,28.4714,76.5895,6659.88,217.45,292.68,0
4163,2026-09-13 13:16:25,800d0f,IGO71AT,India,22.9515,88.5924,1394.46,112.23,279.76,0
4164,2026-09-13 13:16:25,800d08,SEJ2441,India,28.5565,77.1317,632.46,87.09,104.36,0
4165,2026-09-13 13:16:25,800d40,AIC2HX,India,26.6285,76.5911,9738.36,232.33,187.25,0
4166,2026-09-13 13:16:25,800d6a,IGO7923,India,12.9123,77.7594,4259.58,134.38,7.48,0
4167,2026-09-13 13:16:25,800be6,AIC8VE,India,27.4145,76.7981,6134.1,195.28,194.81,0
4168,2026-09-13 13:16:25,4b1920,SWR181,Switzerland,22.981,88.4138,9753.6,261.13,322.93,0
4169,2026-09-13 13:16:25,4d2012,SVA798,Malta,22.9415,88.9111,9806.94,208.18,74.52,0
4170,2026-09-13 13:16:25,800cc3,IGO7144,India,12.6083,79.9677,4564.38,145.99,193.45,0
4171,2026-09-13 13:16:25,800cfb,IGO2KY,India,25.0992,91.8312,5067.3,91.31,168.63,0
4172,2026-09-13 13:32:05,80162a,IGO7676,India,28.1913,77.5502,449.58,54.69,101.94,0
4173,2026-09-13 13:32:05,801638,AXB3428,India,30.0829,77.1994,7932.42,218.36,194.46,0
4174,2026-09-13 13:32:05,801649,IGO5125,India,23.7507,87.0585,2453.64,130.28,55.62,0
4175,2026-09-13 13:32:05,801650,AXB2942,India,13.1169,80.2226,2438.4,138.06,69.27,0
4176,2026-09-13 13:32:05,80160a,IGO539T,India,24.731,84.9392,5059.68,187.83,358.59,0
4177,2026-09-13 13:32:05,801622,IGO2491,India,28.2222,77.5534,1737.36,112.6,287.28,0
4178,2026-09-13 13:32:05,80160e,IGO25AF,India,19.306,72.775,3154.68,173.17,5.63,0
4179,2026-09-13 13:32:05,80160f,IGO2707,India,28.5627,77.0841,,3.6,104.06,1
4180,2026-09-13 13:32:05,80161c,AXB1273,India,28.5687,77.09,,3.86,210.94,1
4181,2026-09-13 13:32:05,801632,AKJ1814,India,26.9563,75.3689,9837.42,217.66,25.78,0
4182,2026-09-13 13:32:05,801633,AKJ581G,India,14.4522,77.8801,7185.66,213.5,13.23,0
4183,2026-09-13 13:32:05,80161e,AKJ1514,India,22.3983,83.577,10972.8,244.16,216.6,0
4184,2026-09-13 13:32:05,80166a,AKJ1880,India,25.0562,82.7542,9448.8,237.78,20.12,0
4185,2026-09-13 13:32:05,801685,AXB1561,India,26.3245,90.3955,10058.4,229.22,101.26,0
4186,2026-09-13 13:32:05,801683,AXB1513,India,26.1828,87.9946,10972.8,239.81,210.42,0
4187,2026-09-13 13:32:05,80167e,AIC1EZ,India,31.0281,74.6687,9456.42,29.93,61.23,0
4188,2026-09-13 13:32:05,80167c,AXB1626,India,13.1888,77.7949,1264.92,82.83,270.36,0
4189,2026-09-13 13:32:05,80167f,AIC5DM,India,14.6573,77.6265,11277.6,232.27,177.33,0
4190,2026-09-13 13:32:05,801697,AXB1176,India,25.2339,85.2994,11887.2,229.04,69.49,0
4191,2026-09-13 13:32:05,801662,IGO5055,India,31.519,77.5599,10972.8,220.21,184.02,0
4192,2026-09-13 13:32:05,80165d,AXB1386,India,14.1818,75.4089,8534.4,217.12,307.68,0
4193,2026-09-13 13:32:05,801672,AIC4LA,India,22.0379,73.2923,11247.12,233.21,19.99,0
4194,2026-09-13 13:32:05,801678,IGO648T,India,26.6615,81.2649,10972.8,235.39,286.38,0
4195,2026-09-13 13:32:05,801671,AIC3SR,India,28.526,76.7312,3352.8,126.44,287.03,0
4196,2026-09-13 13:32:05,8014a5,VTSRH,India,11.6979,77.929,7962.9,233.61,46.43,0
4197,2026-09-13 13:32:05,8014a3,IGO697J,India,25.2153,76.8958,10668.0,228.58,177.81,0
4198,2026-09-13 13:32:05,8014b4,IGO1127,India,9.2667,76.9629,10972.8,239.97,182.58,0
4199,2026-09-13 13:32:05,8014dc,IGO1427,India,24.3107,72.7764,10980.42,247.79,243.75,0
4200,2026-09-13 13:32:05,8014f3,AXB1806,India,21.4209,71.8251,9456.42,237.96,131.58,0
4201,2026-09-13 13:32:05,8014f4,IGO9302,India,22.6556,88.4426,38.1,0.0,278.44,1
4202,2026-09-13 13:32:05,8014c0,IGO697H,India,22.6504,88.4424,45.72,4.37,22.5,1
4203,2026-09-13 13:32:05,8014c1,IGO673,India,18.9884,72.7444,2270.76,135.1,217.26,0
4204,2026-09-13 13:32:05,8014c8,IGO6653,India,15.3491,74.1345,1348.74,119.37,313.25,0
4205,2026-09-13 13:32:05,8014d8,IGO703,India,11.3274,77.2011,7932.42,199.24,207.03,0
4206,2026-09-13 13:32:05,8014d0,AIC4216,India,19.237,73.0217,2987.04,140.24,78.36,0
4207,2026-09-13 13:32:05,8014ce,IGO455,India,22.6554,88.4458,,22.12,185.62,1
4208,2026-09-13 13:32:05,8014fa,IGO13H,India,12.8812,80.4245,2087.88,117.24,10.62,0
4209,2026-09-13 13:32:05,801602,AIC9BU,India,22.6421,88.4413,,1.29,5.62,1
4210,2026-09-13 13:32:05,801606,AXB1216,India,14.3748,78.3795,7818.12,231.77,221.58,0
4211,2026-09-13 13:32:05,80174b,IGO6349,India,13.8508,78.9252,9517.38,214.13,120.94,0
4212,2026-09-13 13:32:05,801778,IGO36AK,India,27.7853,79.4291,10980.42,241.85,300.27,0
4213,2026-09-13 13:32:05,801775,IGO850,India,25.3957,76.888,10050.78,231.15,177.83,0
4214,2026-09-13 13:32:05,801742,IGO31VD,India,25.3993,83.0248,10058.4,226.09,110.37,0
4215,2026-09-13 13:32:05,80173c,IGO6232,India,11.7067,77.083,9029.7,239.15,24.8,0
4216,2026-09-13 13:32:05,80173b,OAH102,India,12.9986,80.1915,114.3,72.32,248.73,0
4217,2026-09-13 13:32:05,801746,IGO6396,India,22.497,88.7282,2324.1,169.81,325.49,0
4218,2026-09-13 13:32:05,801750,SDG212,India,14.4177,76.1805,5151.12,179.91,222.22,0
4219,2026-09-13 13:32:05,80179b,AKJ1836,India,27.9703,76.7418,5836.92,193.24,228.89,0
4220,2026-09-13 13:32:05,801786,AKJ477V,India,19.0898,72.9382,381.0,74.6,269.21,0
4221,2026-09-13 13:32:05,80177c,AXB2882,India,25.8251,90.892,5173.98,202.38,234.94,0
4222,2026-09-13 13:32:05,80177e,IGO1064,India,26.0877,81.9162,10355.58,242.83,306.38,0
4223,2026-09-13 13:32:05,801798,IGO335L,India,28.5438,76.5722,2499.36,123.37,290.25,0
4224,2026-09-13 13:32:05,8016a2,AKJ619,India,13.7221,94.369,11582.4,244.98,309.2,0
4225,2026-09-13 13:32:05,8016a7,AIC9CQ,India,28.9937,76.7711,2484.12,130.26,166.29,0
4226,2026-09-13 13:32:05,8016a9,IGO2241,India,31.0271,74.6677,8481.06,29.91,333.43,0
4227,2026-09-13 13:32:05,8015c1,AIC2362,India,27.3174,79.4724,8808.72,234.79,125.19,0
4228,2026-09-13 13:32:05,8015c0,IGO1157,India,27.4669,85.2274,4023.36,144.24,312.11,0
4229,2026-09-13 13:32:05,8015c5,AIC2116,India,12.4265,92.1934,10363.2,242.72,323.45,0
4230,2026-09-13 13:32:05,8015bc,IGO6336,India,17.7997,83.3067,3040.38,150.24,79.34,0
4231,2026-09-13 13:32:05,8015c9,IGO624M,India,23.3723,86.7463,3657.6,159.84,246.07,0
4232,2026-09-13 13:32:05,8015d1,IGO7672,India,29.908,77.4701,4876.8,139.26,161.03,0
4233,2026-09-13 13:32:05,8015a4,IGO5365,India,26.61,83.5773,10668.0,232.41,96.35,0
4234,2026-09-13 13:32:05,8015ad,IGO664E,India,21.5119,88.2838,7574.28,185.57,35.41,0
4235,2026-09-13 13:32:05,8015b8,,India,26.3642,75.6431,9753.6,230.07,200.83,0
4236,2026-09-13 13:32:05,8015fc,IGO2516,India,22.6408,88.4399,,0.19,337.5,1
4237,2026-09-13 13:32:05,885303,THA320,Thailand,26.976,86.6269,8267.7,223.73,135.65,0
4238,2026-09-13 13:32:05,8015e3,IGO5198,India,28.2104,77.4459,784.86,84.04,101.65,0
4239,2026-09-13 13:32:05,8015e5,IGO2331,India,28.3258,77.199,4648.2,181.58,228.91,0
4240,2026-09-13 13:32:05,8015dd,SDG235,India,28.7062,77.3453,,8.75,132.19,1
4241,2026-09-13 13:32:05,8015f7,AIC9HA,India,28.7155,76.4373,2979.42,124.03,305.21,0
4242,2026-09-13 13:32:05,88530f,THA322,Thailand,22.0281,92.0325,9448.8,225.73,140.18,0
4243,2026-09-13 13:32:05,8015ef,AXB57L,India,29.3184,77.8143,7383.78,199.79,169.62,0
4244,2026-09-13 13:32:05,80171a,IGO376,India,22.4866,87.2086,5821.68,206.03,50.27,0
4245,2026-09-13 13:32:05,801726,IGO28AV,India,28.8252,77.2839,3352.8,151.76,278.19,0
4246,2026-09-13 13:32:05,801883,IGO1494,India,22.1627,87.9758,3642.36,157.38,27.24,0
4247,2026-09-13 13:32:05,80187a,IGO5192,India,28.5493,77.072,281.94,68.37,103.93,0
4248,2026-09-13 13:32:05,801861,IGO6383,India,26.043,91.114,10347.96,242.75,287.51,0
4249,2026-09-13 13:32:05,80057d,AIC8YK,India,27.0759,76.7073,8138.16,204.76,193.51,0
4250,2026-09-13 13:32:05,70207f,S2AEP,Bangladesh,23.8201,90.4125,281.94,42.7,180.69,0
4251,2026-09-13 13:32:05,800584,AIC186,India,25.1369,85.148,11582.4,257.04,293.85,0
4252,2026-09-13 13:32:05,70209b,BBC355,Bangladesh,28.7368,75.7306,11582.4,245.55,264.35,0
4253,2026-09-13 13:32:05,8016e0,IGO2588,India,28.7072,77.4509,632.46,75.63,270.39,0
4254,2026-09-13 13:32:05,8016e1,IGO6103,India,23.6807,88.308,8831.58,216.06,6.84,0
4255,2026-09-13 13:32:05,8016da,IGO253H,India,22.6401,88.4417,38.1,7.2,275.62,1
4256,2026-09-13 13:32:05,8016dd,IGO874,India,29.6393,78.4062,8138.16,200.01,284.14,0
4257,2026-09-13 13:32:05,8016af,AXB54E,India,26.5039,80.8935,11277.6,239.29,120.2,0
4258,2026-09-13 13:32:05,8016c9,AXB1514,India,24.8731,89.3449,9448.8,211.33,57.12,0
4259,2026-09-13 13:32:05,8016d6,IGO561J,India,13.0954,80.3873,929.64,96.51,217.42,0
4260,2026-09-13 13:32:05,8016d3,IGO4AD,India,31.0369,76.0739,8229.6,215.51,84.52,0
4261,2026-09-13 13:32:05,896121,UAE334,United Arab Emirates,22.335,73.2084,10066.02,257.38,112.57,0
4262,2026-09-13 13:32:05,8016ca,AXB2932,India,21.1663,84.225,,257.94,233.11,1
4263,2026-09-13 13:32:05,8016cc,AXB35E,India,17.4716,79.8575,11582.4,247.99,213.06,0
4264,2026-09-13 13:32:05,801835,AKJ1314,India,14.298,76.8969,9403.08,210.99,135.4,0
4265,2026-09-13 13:32:05,80183b,IGO119Y,India,27.8095,77.1882,4335.78,165.36,15.33,0
4266,2026-09-13 13:32:05,801822,IGO6431,India,22.8766,73.4976,10050.78,235.82,14.4,0
4267,2026-09-13 13:32:05,80180c,IGO701J,India,13.0264,80.2655,548.64,81.59,248.94,0
4268,2026-09-13 13:32:05,801826,SDG619,India,24.8285,81.6805,9753.6,242.61,254.76,0
4269,2026-09-13 13:32:05,8018b0,AIC188,India,28.1688,75.9167,5113.02,165.37,66.15,0
4270,2026-09-13 13:32:05,8018e1,IGO766H,India,13.5021,79.8311,5798.82,190.06,334.34,0
4271,2026-09-13 13:32:05,7020a5,BBC436,Bangladesh,23.2255,90.9506,5486.4,138.13,320.44,0
4272,2026-09-13 13:32:05,8018df,IGO939,India,13.1171,80.0522,1905.0,162.52,341.16,0
4273,2026-09-13 13:32:05,7020b8,UBG104,Bangladesh,23.4872,90.7855,4267.2,134.29,336.28,0
4274,2026-09-13 13:32:05,7020bb,S2MKM,Bangladesh,24.1622,90.4515,114.3,28.85,121.14,0
4275,2026-09-13 13:32:05,8018c7,IGO1604,India,15.0339,94.3535,9745.98,252.42,283.55,0
4276,2026-09-13 13:32:05,8018c9,IGO542T,India,12.2623,77.5188,5935.98,179.71,196.46,0
4277,2026-09-13 13:32:05,8004d6,AIC7DK,India,26.4414,77.2005,10302.24,233.81,357.35,0
4278,2026-09-13 13:32:05,8004dd,AIC113,India,24.058,72.7747,9753.6,265.27,235.51,0
4279,2026-09-13 13:32:05,8017e5,IGO1074,India,28.5542,76.4571,1920.24,109.64,351.91,0
4280,2026-09-13 13:32:05,8017e3,AKJ1835,India,26.0984,74.948,11277.6,232.69,24.98,0
4281,2026-09-13 13:32:05,801914,IGO447L,India,28.5552,77.0445,419.1,66.13,103.5,0
4282,2026-09-13 13:32:05,801903,IGO604F,India,23.2318,72.9318,9448.8,245.42,359.16,0
4283,2026-09-13 13:32:05,800797,VUAUJ,India,29.0526,77.33,9761.22,240.91,343.5,0
4284,2026-09-13 13:32:05,8005ee,AIC155,India,25.6768,75.3542,11422.38,254.77,218.61,0
4285,2026-09-13 13:32:05,8005e7,VTAVS,India,10.1915,76.2762,1935.48,109.12,114.51,0
4286,2026-09-13 13:32:05,4bb0e6,THY209,Turkey,15.1479,77.8405,11582.4,265.42,302.74,0
4287,2026-09-13 13:32:05,781d3c,HYT9092,China,22.505,93.6608,10264.14,235.36,81.96,0
4288,2026-09-13 13:32:05,80073f,AIC157,India,27.532,76.3207,7063.74,223.3,213.25,0
4289,2026-09-13 13:32:05,800733,AI123,India,28.5606,77.0832,,0.77,236.25,1
4290,2026-09-13 13:32:05,800735,AIC352,India,24.5369,88.3825,11879.58,238.94,114.69,0
4291,2026-09-13 13:32:05,800739,AIC143,India,28.3269,77.0044,2971.8,155.79,219.1,0
4292,2026-09-13 13:32:05,4bb185,THY125,Turkey,29.9296,74.6385,11582.4,255.93,357.47,0
4293,2026-09-13 13:32:05,8007b2,IGO6749,India,26.0713,91.4813,10668.0,233.27,59.08,0
4294,2026-09-13 13:32:05,8007b0,IGO2496,India,28.3805,76.8372,6179.82,186.92,288.78,0
4295,2026-09-13 13:32:05,4bb196,THY65,Turkey,28.4528,76.9227,11574.78,247.79,280.89,0
4296,2026-09-13 13:32:05,89647e,UAE372,United Arab Emirates,22.8223,70.3419,12496.8,241.29,93.79,0
4297,2026-09-13 13:32:05,896442,ETD947,United Arab Emirates,22.8284,69.3491,9448.8,250.71,81.5,0
4298,2026-09-13 13:32:05,896643,FDB539,United Arab Emirates,26.8659,80.6271,10668.0,241.25,86.33,0
4299,2026-09-13 13:32:05,896623,UAE392,United Arab Emirates,20.5777,70.4109,11277.6,245.49,108.32,0
4300,2026-09-13 13:32:05,8008c3,IGO9204,India,23.258,90.5716,10363.2,228.6,72.58,0
4301,2026-09-13 13:32:05,896617,UAE9839,United Arab Emirates,22.935,72.6753,10363.2,261.14,257.72,0
4302,2026-09-13 13:32:05,461f4d,FIN131,Finland,12.2209,94.0312,12496.8,236.12,135.97,0
4303,2026-09-13 13:32:05,05a054,DQA2706,Maldives,10.1541,76.4861,449.58,73.07,268.79,0
4304,2026-09-13 13:32:05,507cc3,MFX532,Uzbekistan,19.1656,73.2146,10050.78,233.23,14.96,0
4305,2026-09-13 13:32:05,8965f6,ABY514,United Arab Emirates,26.8147,77.1087,10675.62,231.5,90.25,0
4306,2026-09-13 13:32:05,781fda,CBJ654,China,17.9772,83.6755,12496.8,221.9,44.62,0
4307,2026-09-13 13:32:05,780d2c,CCA011,China,25.163,86.5683,11277.6,241.13,109.44,0
4308,2026-09-13 13:32:05,76cd75,,Singapore,16.8213,86.8198,10363.2,260.64,319.8,0
4309,2026-09-13 13:32:05,8965c0,FDB1584,United Arab Emirates,17.0139,91.6673,10972.8,244.46,290.19,0
4310,2026-09-13 13:32:05,89408e,GFA155,Bahrain,14.8934,96.0613,10965.18,267.89,280.51,0
4311,2026-09-13 13:32:05,15203a,AFL295,Russian Federation,23.5907,86.2408,11582.4,254.36,300.51,0
4312,2026-09-13 13:32:05,899035,EVA067,Taiwan,23.0106,88.2703,9144.0,272.47,314.46,0
4313,2026-09-13 13:32:05,406f79,BAW15,United Kingdom,11.2102,95.1467,11887.2,240.33,130.92,0
4314,2026-09-13 13:32:05,394a04,AFR256,France,13.203,92.5066,10058.4,242.71,123.15,0
4315,2026-09-13 13:32:05,760a0a,SIF717D,Pakistan,30.0896,72.4412,10934.7,253.32,52.76,0
4316,2026-09-13 13:32:05,06a374,QTR816,Qatar,22.8792,69.6233,10668.0,249.08,91.54,0
4317,2026-09-13 13:32:05,06a390,QTR8952,Qatar,22.9937,83.7147,11887.2,232.4,93.3,0
4318,2026-09-13 13:32:05,8990a5,CAL5663,Taiwan,28.2925,78.5218,7345.68,206.15,296.05,0
4319,2026-09-13 13:32:05,7814fe,CSN5016,China,22.5805,94.2547,9525.0,241.33,82.41,0
4320,2026-09-13 13:32:05,4ba959,THY72,Turkey,31.0258,74.6707,10668.0,29.77,189.95,0
4321,2026-09-13 13:32:05,7816bd,CSC9639,China,22.5176,92.7499,10363.2,245.58,258.03,0
4322,2026-09-13 13:32:05,040255,ETH445,Ethiopia,23.3116,71.2894,11582.4,236.54,232.96,0
4323,2026-09-13 13:32:05,aba7d9,FDX5603,United States,20.9071,84.9895,11277.6,235.42,133.67,0
4324,2026-09-13 13:32:05,06a052,QTR3R,Qatar,22.958,68.1,10972.8,262.88,270.0,0
4325,2026-09-13 13:32:05,06a07b,QTR872,Qatar,22.9462,72.2841,10058.4,253.43,85.34,0
4326,2026-09-13 13:32:05,39cf11,AFR199,France,28.1697,78.3016,11582.4,252.65,288.03,0
4327,2026-09-13 13:32:05,70412a,UBA583,Myanmar,23.0741,94.3444,2103.12,131.72,313.73,0
4328,2026-09-13 13:32:05,80139b,AIC2119,India,28.607,76.8018,822.96,94.59,103.2,0
4329,2026-09-13 13:32:05,801404,IGO6584,India,13.3619,77.7674,2811.78,156.84,122.54,0
4330,2026-09-13 13:32:05,80140c,IGO43V,India,28.5423,77.1918,990.6,125.16,105.01,0
4331,2026-09-13 13:32:05,801420,AIC2FT,India,19.0483,72.776,1615.44,121.42,185.35,0
4332,2026-09-13 13:32:05,80141d,AIC2KJ,India,17.524,85.9591,10972.8,232.52,347.35,0
4333,2026-09-13 13:32:05,80141e,AIC1GQ,India,28.5583,77.0894,,0.0,8.44,1
4334,2026-09-13 13:32:05,801495,AIC7EF,India,28.5582,77.0782,,5.66,14.06,1
4335,2026-09-13 13:32:05,80148f,IGO162P,India,23.1216,86.7813,4137.66,135.05,63.04,0
4336,2026-09-13 13:32:05,80148d,IGO234W,India,28.2542,76.124,4732.02,152.08,62.83,0
4337,2026-09-13 13:32:05,80149a,IGO207,India,23.6915,91.2793,1866.9,145.93,18.5,0
4338,2026-09-13 13:32:05,80149e,IGO601E,India,28.5688,77.0947,,7.46,270.0,1
4339,2026-09-13 13:32:05,80149b,IGO970M,India,19.4699,81.4623,10965.18,245.57,221.77,0
4340,2026-09-13 13:32:05,80149c,IGO753P,India,23.8536,90.3348,10363.2,257.91,278.37,0
4341,2026-09-13 13:32:05,504e6c,TVR4704,Republic of Moldova,22.275,91.6735,9753.6,271.01,277.75,0
4342,2026-09-13 13:32:05,801523,IGO6147,India,8.8167,76.9094,3505.2,173.19,3.58,0
4343,2026-09-13 13:32:05,801526,AKJ626,India,21.9996,95.367,11582.4,235.02,275.15,0
4344,2026-09-13 13:32:05,801527,IGO6518,India,18.0311,84.463,11277.6,222.66,20.28,0
4345,2026-09-13 13:32:05,801534,AIC6DJ,India,25.8311,74.8324,11887.2,230.46,24.39,0
4346,2026-09-13 13:32:05,8850b7,THA324,Thailand,24.8307,83.6653,11277.6,239.38,130.47,0
4347,2026-09-13 13:32:05,801506,IGO735C,India,28.5488,77.0743,266.7,72.49,103.54,0
4348,2026-09-13 13:32:05,06a141,QTR8040,Qatar,22.6566,88.5679,12496.8,232.51,100.07,0
4349,2026-09-13 13:32:05,80154b,IGO725T,India,13.3726,80.0258,3985.26,177.08,339.78,0
4350,2026-09-13 13:32:05,80154d,IGO235,India,14.3284,78.3097,8953.5,244.0,215.73,0
4351,2026-09-13 13:32:05,801562,IGO6551,India,26.8379,81.772,10668.0,234.4,96.17,0
4352,2026-09-13 13:32:05,801569,IGO6737,India,26.5736,77.9948,8930.64,245.08,324.74,0
4353,2026-09-13 13:32:05,801560,IGO1253,India,27.6751,85.3494,1333.5,83.3,22.13,0
4354,2026-09-13 13:32:05,80155c,IGO36V,India,22.8978,68.832,10058.4,228.87,93.61,0
4355,2026-09-13 13:32:05,80155a,IGO6507,India,13.6759,77.4089,5387.34,169.35,341.4,0
4356,2026-09-13 13:32:05,80152e,IGO6645,India,17.4997,80.6064,10370.82,247.71,240.24,0
4357,2026-09-13 13:32:05,801539,AKJ6514,India,22.3447,73.3661,10668.0,234.41,8.2,0
4358,2026-09-13 13:32:05,80152f,IGO6344,India,29.3622,79.7112,9928.86,235.07,150.07,0
4359,2026-09-13 13:32:05,801554,IGO195H,India,28.4196,76.4988,3657.6,132.98,63.34,0
4360,2026-09-13 13:32:05,801555,IOA106,India,19.0963,83.0092,2727.96,92.36,254.49,0
4361,2026-09-13 13:32:05,80158b,AXB1385,India,30.1864,75.4372,10965.18,232.63,327.65,0
4362,2026-09-13 13:32:05,80159c,AIC217,India,27.5232,79.0673,9121.14,244.85,111.44,0
4363,2026-09-13 13:32:05,80159b,SDG622,India,22.9507,69.9207,701.04,87.98,233.8,0
4364,2026-09-13 13:32:05,80156c,IGO286F,India,27.7717,79.5243,8534.4,206.75,303.53,0
4365,2026-09-13 13:32:05,801595,AXB1812,India,15.1909,77.556,10660.38,233.07,176.08,0
4366,2026-09-13 13:32:05,801591,AXB19E,India,27.7541,77.7699,6545.58,210.66,151.24,0
4367,2026-09-13 13:32:05,06a0b6,QTR650,Qatar,27.1653,84.9978,5105.4,164.69,85.16,0
4368,2026-09-13 13:32:05,680001,DRK541,Bhutan,21.2171,93.3098,10972.8,242.69,316.29,0
4369,2026-09-13 13:32:05,680009,BTN701,Bhutan,18.6281,94.5747,11582.4,242.89,300.69,0
4370,2026-09-13 13:32:05,8013cc,AIC237,India,24.4351,88.6271,8229.6,204.44,111.4,0
4371,2026-09-13 13:32:05,8013b2,AIC281,India,27.9868,76.9797,4792.98,190.86,195.8,0
4372,2026-09-13 13:32:05,8013fc,IGO355K,India,15.6962,73.6664,4831.08,198.58,20.31,0
4373,2026-09-13 13:32:05,88516b,THA922,Thailand,24.6776,84.443,9753.6,267.53,303.63,0
4374,2026-09-13 13:32:05,8013f6,IGO761M,India,28.5646,77.0909,,0.0,348.75,1
4375,2026-09-13 13:32:05,8013f8,IGO212M,India,26.7501,80.3699,10058.4,232.65,119.4,0
4376,2026-09-13 13:32:05,8013ed,AIC8JL,India,28.6696,76.5325,1645.92,98.46,124.35,0
4377,2026-09-13 13:32:05,800db0,AXB1036,India,28.5782,76.9368,807.72,85.34,103.95,0
4378,2026-09-13 13:32:05,710415,SVA870,Saudi Arabia,19.3163,85.7247,11887.2,236.41,82.87,0
4379,2026-09-13 13:32:05,702c6c,S3AGG,Bangladesh,23.2859,90.8971,3048.0,133.38,320.48,0
4380,2026-09-13 13:32:05,aab841,CKS704,United States,23.0096,87.0223,9144.0,272.36,291.96,0
4381,2026-09-13 13:32:05,151db6,AFL273,Russian Federation,20.8232,91.3679,9753.6,276.53,304.31,0
4382,2026-09-13 13:32:05,abda7d,FDX5080,United States,22.833,96.3606,10058.4,242.38,85.98,0
4383,2026-09-13 13:32:05,70c102,,Oman,14.5375,79.7645,10668.0,229.16,117.26,0
4384,2026-09-13 13:32:05,7609fa,FJL741,Pakistan,32.049,70.7188,11887.2,255.89,51.45,0
4385,2026-09-13 13:32:05,78112e,CSC3902,China,23.1651,96.1998,10668.0,234.82,97.05,0
4386,2026-09-13 13:32:05,86eb50,ANA837,Japan,23.2359,95.5633,12192.0,246.11,276.84,0
4387,2026-09-13 13:32:05,70605b,KAC412,Kuwait,20.1661,83.786,10363.2,263.21,297.22,0
4388,2026-09-13 13:32:05,14fa0a,RA64010,Russian Federation,27.1264,75.8912,4480.56,163.24,357.47,0
4389,2026-09-13 13:32:05,7705c2,ALK182,Sri Lanka,25.0369,85.391,10668.0,243.02,195.6,0
4390,2026-09-13 13:32:05,4851f6,KLM844,Kingdom of the Netherlands,26.5484,81.2817,9753.6,265.21,301.19,0
4391,2026-09-13 13:32:05,8880e0,HVN55,Viet Nam,28.5488,76.9767,10972.8,251.41,287.14,0
4392,2026-09-13 13:32:05,507c84,MFX558,Uzbekistan,28.9476,75.0603,8831.58,224.55,296.98,0
4393,2026-09-13 13:32:05,507c7f,MFX7621,Uzbekistan,25.1402,76.5189,11277.6,224.3,127.26,0
4394,2026-09-13 13:32:05,507c72,QNT2232,Uzbekistan,17.4548,96.3314,9745.98,246.21,306.85,0
4395,2026-09-13 13:32:05,507c98,MFX530,Uzbekistan,30.1773,74.2115,10363.2,235.79,342.87,0
4396,2026-09-13 13:32:05,76cda2,SIA338,Singapore,12.1648,92.183,10972.8,265.02,312.8,0
4397,2026-09-13 13:32:05,8966bd,ETD4UA,United Arab Emirates,28.4225,76.2353,3962.4,145.27,55.24,0
4398,2026-09-13 13:32:05,60182b,TUA695,Turkmenistan,22.0731,94.4507,11277.6,235.4,94.76,0
4399,2026-09-13 13:32:05,76cef9,SIA321,Singapore,13.6896,92.6239,10668.0,243.37,134.4,0
4400,2026-09-13 13:32:05,507c5f,UZB562,Uzbekistan,25.2649,83.4233,10370.82,246.44,290.4,0
4401,2026-09-13 13:32:05,76ceed,SIA318,Singapore,17.4547,86.2757,9753.6,253.9,318.04,0
4402,2026-09-13 13:32:05,750548,XAX600,Malaysia,13.6114,90.5805,10972.8,246.87,328.46,0
4403,2026-09-13 13:32:05,76bcc1,TGW751,Singapore,19.848,90.716,12496.8,244.16,127.21,0
4404,2026-09-13 13:32:05,4d23c4,GTR1576,Malta,23.2523,84.3357,10972.8,252.59,269.88,0
4405,2026-09-13 13:32:05,39b221,CMA731,France,26.6677,73.958,10363.2,260.88,298.89,0
4406,2026-09-13 13:32:05,7505c5,ALK90L,Malaysia,23.3022,90.1179,5189.22,200.46,211.57,0
4407,2026-09-13 13:32:05,800b63,AXB1019,India,28.9738,76.985,3581.4,136.47,223.32,0
4408,2026-09-13 13:32:05,800c09,LLR516,India,10.3247,76.3754,1958.34,95.73,43.04,0
4409,2026-09-13 13:32:05,86e780,JAL39,Japan,23.7434,91.9684,12184.38,253.38,282.43,0
4410,2026-09-13 13:32:05,800c43,AIC2332,India,20.1353,90.3139,11277.6,227.69,127.1,0
4411,2026-09-13 13:32:05,800c6e,IGO7454,India,15.2,73.9295,1661.16,98.69,157.31,0
4412,2026-09-13 13:32:05,800c85,AIC3CU,India,19.0891,72.8949,152.4,68.43,269.14,0
4413,2026-09-13 13:32:05,70afb7,RNA217,Nepal,27.7686,85.0167,4343.4,165.97,287.31,0
4414,2026-09-13 13:32:05,71004b,SVA770,Saudi Arabia,18.912,73.1197,3726.18,144.25,63.53,0
4415,2026-09-13 13:32:05,710062,SVA891,Saudi Arabia,22.9063,70.1286,11582.4,252.21,265.91,0
4416,2026-09-13 13:32:05,4cac10,KZR564,Ireland,31.7227,74.2128,10363.2,222.31,321.67,0
4417,2026-09-13 13:32:05,710054,SVA807,Saudi Arabia,22.8453,71.2314,10972.8,259.53,264.31,0
4418,2026-09-13 13:32:05,800af4,IGO537T,India,24.2073,84.4546,10058.4,236.66,39.89,0
4419,2026-09-13 13:32:05,70e084,SEJ253,Cambodia,29.2538,74.6124,9761.22,231.78,329.45,0
4420,2026-09-13 13:32:05,800d0f,IGO71AT,India,22.6438,88.4406,38.1,0.64,275.62,1
4421,2026-09-13 13:32:05,800d08,SEJ2441,India,29.5482,77.278,4892.04,163.59,339.57,0
4422,2026-09-13 13:32:05,800d40,AIC2HX,India,24.8565,76.7696,10660.38,236.17,173.37,0
4423,2026-09-13 13:32:05,800d6a,IGO7923,India,13.7423,77.8738,4259.58,130.3,7.71,0
4424,2026-09-13 13:32:05,800be6,AIC8VE,India,25.7062,76.6367,11521.44,222.77,168.27,0
4425,2026-09-13 13:32:05,4b1920,SWR181,Switzerland,24.1789,86.3723,9753.6,269.58,270.44,0
4426,2026-09-13 13:32:05,4d2012,SVA798,Malta,23.9578,90.1295,1409.7,118.76,67.32,0
4427,2026-09-13 13:32:05,800ce4,AXB252,India,19.0892,72.8957,152.4,67.91,269.13,0
4428,2026-09-13 13:32:05,800cfb,IGO2KY,India,23.9338,91.2643,6096.0,134.22,208.63,0
4429,2026-09-13 13:37:06,801638,AXB3428,India,29.556,77.0404,6400.8,177.32,194.96,0
4430,2026-09-13 13:37:06,80163d,IGO6729,India,25.9006,91.1463,5554.98,210.26,229.76,0
4431,2026-09-13 13:37:06,801649,IGO5125,India,23.7843,87.1732,9448.8,97.18,159.55,0
4432,2026-09-13 13:37:06,801650,AXB2942,India,13.0381,80.2966,601.98,82.07,249.07,0
4433,2026-09-13 13:37:06,801622,IGO2491,India,28.1998,77.5037,685.8,74.56,101.54,0
4434,2026-09-13 13:37:06,80160f,IGO2707,India,28.5632,77.0909,,0.0,14.06,1
4435,2026-09-13 13:37:06,80161c,AXB1273,India,28.4802,77.3342,2758.44,137.18,133.63,0
4436,2026-09-13 13:37:06,801632,AKJ1814,India,27.5126,75.5512,7840.98,201.78,11.02,0
4437,2026-09-13 13:37:06,80166a,AKJ1880,India,25.6534,82.9946,7421.88,215.5,20.25,0
4438,2026-09-13 13:37:06,801685,AXB1561,India,26.211,91.095,10058.4,225.81,99.44,0
4439,2026-09-13 13:37:06,801683,AXB1513,India,26.1704,87.2845,10972.8,244.34,276.41,0
4440,2026-09-13 13:37:06,801689,AXB1407,India,13.2529,77.6091,1684.02,125.22,331.54,0
4441,2026-09-13 13:37:06,80167e,AIC1EZ,India,31.0281,74.6687,9456.42,29.93,61.23,0
4442,2026-09-13 13:37:06,80167c,AXB1626,India,13.189,77.7744,1158.24,83.34,270.0,0
4443,2026-09-13 13:37:06,80167f,AIC5DM,India,14.0182,77.6568,11262.36,233.29,177.35,0
4444,2026-09-13 13:37:06,801697,AXB1176,India,25.4544,85.9536,11894.82,228.68,69.73,0
4445,2026-09-13 13:37:06,801662,IGO5055,India,30.9085,77.5103,10965.18,222.78,183.97,0
4446,2026-09-13 13:37:06,801672,AIC4LA,India,22.5934,73.5099,11369.04,238.44,20.19,0
4447,2026-09-13 13:37:06,801678,IGO648T,India,27.0047,80.6854,10972.8,234.09,322.5,0
4448,2026-09-13 13:37:06,801671,AIC3SR,India,28.5651,76.5328,2743.2,120.4,342.34,0
4449,2026-09-13 13:37:06,80169c,IGO19M,India,19.224,72.7238,11887.2,217.66,115.78,0
4450,2026-09-13 13:37:06,8014a5,VTSRH,India,11.9624,78.3068,8229.6,234.95,60.63,0
4451,2026-09-13 13:37:06,8014a3,IGO697J,India,24.9513,76.9071,10668.0,231.66,177.84,0
4452,2026-09-13 13:37:06,8014b4,IGO1127,India,8.6643,76.731,10957.56,240.56,213.93,0
4453,2026-09-13 13:37:06,8014dc,IGO1427,India,23.9104,72.1727,10972.8,245.65,228.57,0
4454,2026-09-13 13:37:06,8014da,AIC1RG,India,30.3239,75.3352,8229.6,222.23,162.07,0
4455,2026-09-13 13:37:06,8014f3,AXB1806,India,21.3183,71.9487,9456.42,236.47,131.74,0
4456,2026-09-13 13:37:06,8014c0,IGO697H,India,22.6425,88.4442,3040.38,120.63,241.47,0
4457,2026-09-13 13:37:06,8014c1,IGO673,India,18.6358,72.8377,5227.32,135.1,217.26,0
4458,2026-09-13 13:37:06,8014c4,AIC8XX,India,28.5647,77.0805,,5.14,56.25,1
4459,2026-09-13 13:37:06,8014c8,IGO6653,India,15.3935,73.8981,381.0,70.83,258.69,0
4460,2026-09-13 13:37:06,8014d8,IGO703,India,10.8455,76.9683,5326.38,178.75,202.51,0
4461,2026-09-13 13:37:06,8014ce,IGO455,India,22.3416,88.3402,3817.62,145.48,204.66,0
4462,2026-09-13 13:37:06,8014fa,IGO13H,India,13.0795,80.4072,739.14,84.07,248.46,0
4463,2026-09-13 13:37:06,801602,AIC9BU,India,22.6424,88.4414,,0.0,5.62,1
4464,2026-09-13 13:37:06,801606,AXB1216,India,13.8096,78.1489,4876.8,181.25,197.51,0
4465,2026-09-13 13:37:06,801608,IGO6409,India,25.1414,77.2522,10972.8,237.23,358.63,0
4466,2026-09-13 13:37:06,80174d,IGO1059,India,19.2433,72.7497,3276.6,172.79,29.62,0
4467,2026-09-13 13:37:06,80174b,IGO6349,India,13.5611,79.4187,6850.38,191.54,121.04,0
4468,2026-09-13 13:37:06,801778,IGO36AK,India,28.1158,78.7874,9585.96,233.48,300.01,0
4469,2026-09-13 13:37:06,801775,IGO850,India,25.0423,76.9032,10058.4,229.09,177.81,0
4470,2026-09-13 13:37:06,801742,IGO31VD,India,25.1605,83.6575,10058.4,226.59,114.12,0
4471,2026-09-13 13:37:06,80173c,IGO6232,India,12.3206,77.3262,10363.2,233.69,15.84,0
4472,2026-09-13 13:37:06,801746,IGO6396,India,22.7932,88.5291,807.72,95.33,327.34,0
4473,2026-09-13 13:37:06,80179b,AKJ1836,India,27.5047,76.4128,7650.48,212.4,205.39,0
4474,2026-09-13 13:37:06,801786,AKJ477V,India,19.089,72.8924,137.16,77.71,268.48,0
4475,2026-09-13 13:37:06,80177c,AXB2882,India,25.4887,90.365,7056.12,210.27,234.56,0
4476,2026-09-13 13:37:06,80177d,IGO774Y,India,28.4132,77.4505,3665.22,147.14,132.17,0
4477,2026-09-13 13:37:06,80177e,IGO1064,India,26.4821,81.319,10363.2,241.5,306.16,0
4478,2026-09-13 13:37:06,801798,IGO335L,India,28.6571,76.5588,2133.6,95.97,97.39,0
4479,2026-09-13 13:37:06,8016a2,AKJ619,India,14.1584,93.8293,11582.4,249.84,309.82,0
4480,2026-09-13 13:37:06,8016a7,AIC9CQ,India,28.732,76.6891,1249.68,99.54,170.78,0
4481,2026-09-13 13:37:06,8016a9,IGO2241,India,31.0271,74.6677,8481.06,29.91,333.43,0
4482,2026-09-13 13:37:06,8015c1,AIC2362,India,26.9495,80.062,9448.8,237.91,124.96,0
4483,2026-09-13 13:37:06,8015c0,IGO1157,India,27.1623,85.1324,3467.1,140.6,115.35,0
4484,2026-09-13 13:37:06,8015c5,AIC2116,India,12.963,91.7886,10355.58,240.87,323.42,0
4485,2026-09-13 13:37:06,8015bc,IGO6336,India,17.8829,83.6861,883.92,108.61,30.45,0
4486,2026-09-13 13:37:06,8015c9,IGO624M,India,23.0898,86.3077,6256.02,197.77,213.11,0
4487,2026-09-13 13:37:06,8015d1,IGO7672,India,29.5502,77.6112,4876.8,134.21,161.22,0
4488,2026-09-13 13:37:06,8015a4,IGO5365,India,26.5364,84.2881,10668.0,232.65,96.86,0
4489,2026-09-13 13:37:06,8015ad,IGO664E,India,21.9994,88.3912,4754.88,171.29,6.21,0
4490,2026-09-13 13:37:06,8015b8,,India,25.9498,75.4646,9753.6,228.74,200.68,0
4491,2026-09-13 13:37:06,885303,THA320,Thailand,26.5311,87.1289,9326.88,234.85,125.64,0
4492,2026-09-13 13:37:06,8015e3,IGO5198,India,28.192,77.5459,472.44,73.45,101.31,0
4493,2026-09-13 13:37:06,8015e5,IGO2331,India,27.8747,76.8137,7002.78,226.25,211.99,0
4494,2026-09-13 13:37:06,8015f7,AIC9HA,India,28.5798,76.4139,2186.94,104.02,73.63,0
4495,2026-09-13 13:37:06,88530f,THA322,Thailand,21.557,92.4574,9441.18,223.47,136.87,0
4496,2026-09-13 13:37:06,8015ef,AXB57L,India,29.1092,78.3591,7620.0,209.59,100.18,0
4497,2026-09-13 13:37:06,80171a,IGO376,India,22.7702,87.6024,3649.98,153.25,64.55,0
4498,2026-09-13 13:37:06,801726,IGO28AV,India,28.8094,76.864,2743.2,136.0,345.54,0
4499,2026-09-13 13:37:06,801883,IGO1494,India,22.5418,88.1492,2720.34,150.62,44.17,0
4500,2026-09-13 13:37:06,801861,IGO6383,India,26.2422,90.4056,10370.82,242.94,287.25,0
4501,2026-09-13 13:37:06,80057d,AIC8YK,India,26.5098,76.6643,9494.52,214.64,178.08,0
4502,2026-09-13 13:37:06,70207f,S2AEP,Bangladesh,23.748,90.4071,701.04,45.17,194.51,0
4503,2026-09-13 13:37:06,800584,AIC186,India,25.4183,84.4411,11582.4,252.98,293.49,0
4504,2026-09-13 13:37:06,70209b,BBC355,Bangladesh,28.6727,75.0187,11574.78,246.22,264.0,0
4505,2026-09-13 13:37:06,70a8ee,BHA505,Nepal,27.6873,85.4817,2385.06,84.51,132.04,0
4506,2026-09-13 13:37:06,8016e0,IGO2588,India,28.7061,77.3512,,3.34,90.0,1
4507,2026-09-13 13:37:06,8016e1,IGO6103,India,24.2201,88.5239,10462.26,219.49,34.88,0
4508,2026-09-13 13:37:06,8016da,IGO253H,India,22.6416,88.4404,,0.06,275.62,1
4509,2026-09-13 13:37:06,8016dd,IGO874,India,29.8086,77.7997,8229.6,205.08,299.78,0
4510,2026-09-13 13:37:06,8016af,AXB54E,India,26.1265,81.4869,11277.6,234.94,127.97,0
4511,2026-09-13 13:37:06,8016c9,AXB1514,India,25.188,89.8844,9448.8,212.35,57.46,0
4512,2026-09-13 13:37:06,8016d6,IGO561J,India,12.9982,80.1904,114.3,69.36,249.15,0
4513,2026-09-13 13:37:06,8016d3,IGO4AD,India,31.0999,76.7602,8221.98,215.2,78.56,0
4514,2026-09-13 13:37:06,8016bf,IGO632P,India,19.1339,72.7612,1889.76,120.55,351.9,0
4515,2026-09-13 13:37:06,896121,UAE334,United Arab Emirates,22.335,73.2084,10066.02,257.38,112.57,0
4516,2026-09-13 13:37:06,8016ca,AXB2932,India,20.7664,83.5955,11582.4,254.84,241.42,0
4517,2026-09-13 13:37:06,801835,AKJ1314,India,14.1075,77.0502,8252.46,204.5,147.43,0
4518,2026-09-13 13:37:06,80183b,IGO119Y,India,28.2406,77.2933,3657.6,147.78,7.2,0
4519,2026-09-13 13:37:06,801822,IGO6431,India,23.2284,73.643,10066.02,237.44,22.95,0
4520,2026-09-13 13:37:06,80180c,IGO701J,India,12.9987,80.1918,121.92,83.21,248.99,0
4521,2026-09-13 13:37:06,801826,SDG619,India,24.743,81.3395,9753.6,242.25,254.61,0
4522,2026-09-13 13:37:06,8018b0,AIC188,India,28.3485,76.3266,4267.2,136.03,39.17,0
4523,2026-09-13 13:37:06,8018e1,IGO766H,India,13.8403,79.4369,8138.16,208.77,307.49,0
4524,2026-09-13 13:37:06,7020a5,BBC436,Bangladesh,23.5644,90.7489,4511.04,144.55,335.17,0
4525,2026-09-13 13:37:06,8018df,IGO939,India,13.5946,79.904,5615.94,196.3,350.19,0
4526,2026-09-13 13:37:06,7020ae,AWA433,Bangladesh,23.7815,90.4491,670.56,90.65,116.27,0
4527,2026-09-13 13:37:06,7020b8,UBG104,Bangladesh,23.8248,90.5781,2727.96,140.37,322.0,0
4528,2026-09-13 13:37:06,8018c7,IGO1604,India,15.1965,93.6516,9753.6,254.18,283.22,0
4529,2026-09-13 13:37:06,8018c9,IGO542T,India,11.8146,77.3823,4396.74,160.98,196.52,0
4530,2026-09-13 13:37:06,8004d6,AIC7DK,India,27.0798,77.1675,8755.38,225.05,357.38,0
4531,2026-09-13 13:37:06,8004dd,AIC113,India,23.6411,72.1187,9753.6,266.15,235.23,0
4532,2026-09-13 13:37:06,8017e5,IGO1074,India,28.625,76.7165,1150.62,102.57,103.34,0
4533,2026-09-13 13:37:06,8017e3,AKJ1835,India,26.6778,75.2469,11277.6,232.22,25.03,0
4534,2026-09-13 13:37:06,801914,IGO447L,India,28.5496,77.0705,289.56,67.75,103.61,0
4535,2026-09-13 13:37:06,801903,IGO604F,India,23.8757,72.9214,9441.18,236.67,359.13,0
4536,2026-09-13 13:37:06,800797,VUAUJ,India,29.6151,76.9296,8839.2,241.46,331.63,0
4537,2026-09-13 13:37:06,8005e7,VTAVS,India,10.1193,76.521,853.44,93.53,101.74,0
4538,2026-09-13 13:37:06,781d3c,HYT9092,China,22.5938,94.3587,10675.62,237.76,82.29,0
4539,2026-09-13 13:37:06,80073f,AIC157,India,26.9754,75.9396,9166.86,248.89,211.39,0
4540,2026-09-13 13:37:06,800733,AI123,India,28.5611,77.0838,,0.06,326.25,1
4541,2026-09-13 13:37:06,800735,AIC352,India,24.3843,89.0668,11879.58,234.09,89.37,0
4542,2026-09-13 13:37:06,800739,AIC143,India,27.9053,76.6181,5882.64,215.8,219.0,0
4543,2026-09-13 13:37:06,8963da,UAE304,United Arab Emirates,24.1262,68.2546,10668.0,247.48,90.95,0
4544,2026-09-13 13:37:06,4bb185,THY125,Turkey,30.6325,74.6027,11574.78,256.44,357.47,0
4545,2026-09-13 13:37:06,8007b2,IGO6749,India,26.1985,91.9129,10668.0,233.63,77.28,0
4546,2026-09-13 13:37:06,8007b0,IGO2496,India,28.593,76.2782,8298.18,204.45,294.37,0
4547,2026-09-13 13:37:06,4bb196,THY65,Turkey,28.6136,76.178,11574.78,246.62,286.36,0
4548,2026-09-13 13:37:06,89647e,UAE372,United Arab Emirates,22.7513,71.0557,12496.8,242.86,97.55,0
4549,2026-09-13 13:37:06,896442,ETD947,United Arab Emirates,22.8565,70.0564,9448.8,238.17,93.72,0
4550,2026-09-13 13:37:06,8008d2,FLW ME 3,India,22.6463,88.4468,,3.86,185.62,1
4551,2026-09-13 13:37:06,896643,FDB539,United Arab Emirates,26.9045,81.368,10668.0,240.13,86.68,0
4552,2026-09-13 13:37:06,8008c3,IGO9204,India,23.5468,91.1683,11277.6,238.09,28.95,0
4553,2026-09-13 13:37:06,8008c7,FLW ME 2,India,22.6583,88.4481,,15.43,5.62,1
4554,2026-09-13 13:37:06,896617,UAE9839,United Arab Emirates,22.8706,71.9014,10363.2,258.2,266.57,0
4555,2026-09-13 13:37:06,461f4d,FIN131,Finland,11.7619,94.5003,12496.8,234.53,130.82,0
4556,2026-09-13 13:37:06,05a054,DQA2706,Maldives,10.1528,76.4452,213.36,71.02,268.34,0
4557,2026-09-13 13:37:06,507cc3,MFX532,Uzbekistan,19.2571,73.244,10050.78,233.22,16.8,0
4558,2026-09-13 13:37:06,8965f6,ABY514,United Arab Emirates,26.8049,77.8194,10942.32,234.63,91.13,0
4559,2026-09-13 13:37:06,781fda,CBJ654,China,18.3803,84.1643,12496.8,226.21,49.43,0
4560,2026-09-13 13:37:06,780d2c,CCA011,China,24.9389,87.2593,11277.6,242.62,109.7,0
4561,2026-09-13 13:37:06,76cd75,SIA326,Singapore,17.3838,86.3436,10363.2,260.0,320.86,0
4562,2026-09-13 13:37:06,8965c0,FDB1584,United Arab Emirates,17.245,91.0107,10972.8,245.74,289.95,0
4563,2026-09-13 13:37:06,89408e,GFA155,Bahrain,15.0272,95.3092,10972.8,270.83,280.29,0
4564,2026-09-13 13:37:06,15203a,AFL295,Russian Federation,23.96,85.5884,11582.4,254.02,301.5,0
4565,2026-09-13 13:37:06,899035,EVA067,Taiwan,23.5231,87.6572,9144.0,279.55,307.0,0
4566,2026-09-13 13:37:06,406f79,BAW15,United Kingdom,10.7703,95.6591,11879.58,245.02,131.08,0
4567,2026-09-13 13:37:06,394a04,AFR256,France,12.8346,93.0821,10058.4,243.71,123.29,0
4568,2026-09-13 13:37:06,760a07,SIF719D,Pakistan,31.535,69.9675,10660.38,257.9,51.07,0
4569,2026-09-13 13:37:06,760a05,FJL857,Pakistan,31.9943,70.4974,11277.6,256.97,54.37,0
4570,2026-09-13 13:37:06,06a374,QTR816,Qatar,22.9035,70.3623,10668.0,249.68,85.75,0
4571,2026-09-13 13:37:06,06a390,QTR8952,Qatar,22.9511,84.4063,11887.2,232.2,94.45,0
4572,2026-09-13 13:37:06,8990a5,CAL5663,Taiwan,28.529,77.9699,5105.4,188.91,295.66,0
4573,2026-09-13 13:37:06,7814fe,CSN5016,China,22.6677,94.9609,10058.4,238.65,82.57,0
4574,2026-09-13 13:37:06,4ba959,THY72,Turkey,31.0258,74.6707,10668.0,29.77,189.95,0
4575,2026-09-13 13:37:06,7816bd,CSC9639,China,22.3247,92.0617,10363.2,240.51,252.96,0
4576,2026-09-13 13:37:06,040255,ETH445,Ethiopia,23.0414,70.6548,11582.4,238.33,271.98,0
4577,2026-09-13 13:37:06,aba7d9,FDX5603,United States,20.4588,85.4862,11277.6,225.59,133.71,0
4578,2026-09-13 13:37:06,4ba88f,THY6119,Turkey,14.5485,78.4284,8534.4,246.14,303.06,0
4579,2026-09-13 13:37:06,704012,MMA361,Myanmar,21.6993,95.9774,0.0,3.75,254.05,0
4580,2026-09-13 13:37:06,a16aad,GLH1,United States,24.1661,90.7318,4366.26,191.9,258.09,0
4581,2026-09-13 13:37:06,06a07b,QTR872,Qatar,22.9833,72.7834,10058.4,253.35,85.57,0
4582,2026-09-13 13:37:06,39cf11,AFR199,France,28.3759,77.5531,11582.4,251.29,283.98,0
4583,2026-09-13 13:37:06,80139b,AIC2119,India,28.5537,77.0514,381.0,74.24,104.04,0
4584,2026-09-13 13:37:06,801404,IGO6584,India,13.1885,77.833,1478.28,87.98,270.67,0
4585,2026-09-13 13:37:06,80140c,IGO43V,India,28.3076,77.5316,4930.14,157.82,129.71,0
4586,2026-09-13 13:37:06,801420,AIC2FT,India,19.0483,72.776,1615.44,128.45,186.67,0
4587,2026-09-13 13:37:06,80141d,AIC2KJ,India,18.138,85.8093,10972.8,232.69,347.75,0
4588,2026-09-13 13:37:06,80141e,AIC1GQ,India,28.56,77.0897,,4.12,8.44,1
4589,2026-09-13 13:37:06,801431,IGO87RT,India,14.0192,78.11,7078.98,203.3,204.36,0
4590,2026-09-13 13:37:06,801495,AIC7EF,India,28.5651,77.0813,,3.86,61.88,1
4591,2026-09-13 13:37:06,80145e,IGO865,India,14.1165,74.6131,9098.28,228.61,350.28,0
4592,2026-09-13 13:37:06,80148f,IGO162P,India,23.4262,87.0148,2926.08,134.83,27.25,0
4593,2026-09-13 13:37:06,80148d,IGO234W,India,28.4342,76.5318,3962.4,140.11,63.62,0
4594,2026-09-13 13:37:06,80149a,IGO207,India,23.9001,91.3104,1089.66,106.67,3.32,0
4595,2026-09-13 13:37:06,80149e,IGO601E,India,28.5686,77.09,,3.86,199.69,1
4596,2026-09-13 13:37:06,80149c,IGO753P,India,23.9506,89.5596,10370.82,259.77,277.17,0
4597,2026-09-13 13:37:06,504e6c,TVR4704,Republic of Moldova,22.3725,90.8674,9753.6,274.38,277.32,0
4598,2026-09-13 13:37:06,801523,IGO6147,India,9.35,76.9427,6621.78,212.89,3.6,0
4599,2026-09-13 13:37:06,801526,AKJ626,India,22.056,94.672,11582.4,236.98,274.86,0
4600,2026-09-13 13:37:06,801527,IGO6518,India,18.6102,84.6877,11277.6,225.43,20.3,0
4601,2026-09-13 13:37:06,801536,,India,28.5605,77.0937,,7.72,286.88,1
4602,2026-09-13 13:37:06,801534,AIC6DJ,India,26.4128,75.126,11894.82,231.82,24.52,0
4603,2026-09-13 13:37:06,8850b7,THA324,Thailand,24.415,84.2238,11277.6,238.74,125.88,0
4604,2026-09-13 13:37:06,801506,,India,28.5559,77.1137,,7.72,14.06,1
4605,2026-09-13 13:37:06,06a141,QTR8040,Qatar,22.5604,89.2474,12496.8,230.03,96.81,0
4606,2026-09-13 13:37:06,80154b,IGO725T,India,13.8654,79.8405,6888.48,202.14,339.9,0
4607,2026-09-13 13:37:06,80154d,IGO235,India,13.4519,78.0363,4541.52,145.1,178.98,0
4608,2026-09-13 13:37:06,801562,IGO6551,India,26.7664,82.4867,10660.38,232.47,96.48,0
4609,2026-09-13 13:37:06,801569,IGO6737,India,27.1322,77.6119,6827.52,226.78,341.48,0
4610,2026-09-13 13:37:06,80155c,IGO36V,India,22.8557,69.5136,10058.4,230.0,93.98,0
4611,2026-09-13 13:37:06,80155a,IGO6507,India,13.9033,77.3303,6667.5,194.89,341.37,0
4612,2026-09-13 13:37:06,80155b,IGO32Y,India,26.0471,74.7625,10668.0,239.1,27.83,0
4613,2026-09-13 13:37:06,80152e,IGO6645,India,17.3118,80.2648,10363.2,248.22,240.03,0
4614,2026-09-13 13:37:06,801539,AKJ6514,India,23.2074,73.5017,10088.88,237.47,8.09,0
4615,2026-09-13 13:37:06,80152f,IGO6344,India,28.7562,80.0466,10736.58,244.55,165.88,0
4616,2026-09-13 13:37:06,801554,IGO195H,India,28.4491,76.6119,3345.18,141.24,308.79,0
4617,2026-09-13 13:37:06,801555,IOA106,India,19.058,82.8668,2194.56,87.27,253.92,0
4618,2026-09-13 13:37:06,80158b,AXB1385,India,30.8322,75.44,10965.18,236.74,6.74,0
4619,2026-09-13 13:37:06,80159c,AIC217,India,27.3048,79.7597,10668.0,230.15,95.9,0
4620,2026-09-13 13:37:06,80159b,SDG622,India,22.8924,69.8394,548.64,75.37,227.49,0
4621,2026-09-13 13:37:06,80156c,IGO286F,India,28.0843,78.9899,8321.04,203.61,303.25,0
4622,2026-09-13 13:37:06,801587,,India,15.6552,75.0147,11277.6,228.16,114.37,0
4623,2026-09-13 13:37:06,801595,AXB1812,India,14.5114,77.6384,10675.62,239.25,180.99,0
4624,2026-09-13 13:37:06,801591,AXB19E,India,27.17,77.9649,8290.56,233.59,154.85,0
4625,2026-09-13 13:37:06,06a0b6,QTR650,Qatar,27.2857,85.0742,3756.66,147.41,201.28,0
4626,2026-09-13 13:37:06,680001,DRK541,Bhutan,21.7598,92.8821,10972.8,244.68,323.64,0
4627,2026-09-13 13:37:06,680002,DRK201,Bhutan,28.565,77.0809,,4.63,61.88,1
4628,2026-09-13 13:37:06,680009,BTN701,Bhutan,18.9831,93.9822,11582.4,241.91,308.7,0
4629,2026-09-13 13:37:06,8013cc,AIC237,India,24.2465,89.1865,6682.74,194.18,110.31,0
4630,2026-09-13 13:37:06,8013a4,AIC5BE,India,20.8728,85.0469,7802.88,220.4,309.41,0
4631,2026-09-13 13:37:06,8013b2,AIC281,India,27.4487,76.809,7200.9,213.06,195.55,0
4632,2026-09-13 13:37:06,88516b,THA922,Thailand,25.0796,83.7777,9753.6,267.39,303.38,0
4633,2026-09-13 13:37:06,8013f6,IGO761M,India,28.5288,77.2549,1798.32,124.17,105.13,0
4634,2026-09-13 13:37:06,8013f8,IGO212M,India,26.3913,80.9597,10066.02,232.63,126.82,0
4635,2026-09-13 13:37:06,8013ed,AIC8JL,India,28.5966,76.8506,929.64,96.71,103.22,0
4636,2026-09-13 13:37:06,800db0,AXB1036,India,28.5503,77.0679,297.18,67.25,103.72,0
4637,2026-09-13 13:37:06,800db2,IGO7264,India,12.6677,80.3837,3345.18,138.13,10.51,0
4638,2026-09-13 13:37:06,710415,SVA870,Saudi Arabia,19.2726,86.4126,11879.58,245.18,107.71,0
4639,2026-09-13 13:37:06,702c6c,S3AGG,Bangladesh,23.607,90.7281,3048.0,125.52,336.06,0
4640,2026-09-13 13:37:06,aab841,CKS704,United States,23.1987,86.227,9144.0,275.77,282.17,0
4641,2026-09-13 13:37:06,151db6,AFL273,Russian Federation,21.2523,90.6949,9753.6,273.81,304.05,0
4642,2026-09-13 13:37:06,70c102,OMA823,Oman,14.2383,80.3616,10668.0,235.15,117.35,0
4643,2026-09-13 13:37:06,70c0cc,OMA203,Oman,19.089,72.8876,114.3,76.66,269.23,0
4644,2026-09-13 13:37:06,78112e,CSC3902,China,23.0846,96.8951,10660.38,236.03,97.39,0
4645,2026-09-13 13:37:06,86eb50,ANA837,Japan,23.3138,94.834,12184.38,245.37,276.38,0
4646,2026-09-13 13:37:06,70605b,KAC412,Kuwait,20.3597,83.035,10363.2,264.67,274.35,0
4647,2026-09-13 13:37:06,14fa0a,RA64010,Russian Federation,27.573,75.9278,4572.0,153.18,10.25,0
4648,2026-09-13 13:37:06,7705c6,ALK405,Sri Lanka,13.0926,96.4977,10363.2,251.34,251.38,0
4649,2026-09-13 13:37:06,7705c2,ALK182,Sri Lanka,24.3913,85.1941,10660.38,243.02,195.6,0
4650,2026-09-13 13:37:06,4851f6,KLM844,Kingdom of the Netherlands,26.9451,80.6503,9753.6,264.6,310.35,0
4651,2026-09-13 13:37:06,8880e0,HVN55,Viet Nam,28.7029,76.2156,10965.18,251.19,279.19,0
4652,2026-09-13 13:37:06,4d0105,CLX7956,Luxembourg,23.9724,82.251,11277.6,245.15,84.1,0
4653,2026-09-13 13:37:06,507c84,MFX558,Uzbekistan,29.3737,74.5379,9144.0,250.19,355.75,0
4654,2026-09-13 13:37:06,507c7f,MFX7621,Uzbekistan,24.8209,77.0502,11277.6,223.57,120.87,0
4655,2026-09-13 13:37:06,507c72,QNT2232,Uzbekistan,17.8661,95.7592,9761.22,249.61,306.7,0
4656,2026-09-13 13:37:06,507c98,MFX530,Uzbekistan,30.5159,74.0911,10363.2,236.28,342.91,0
4657,2026-09-13 13:37:06,76cda2,SIA338,Singapore,12.7958,91.4874,10972.8,264.67,312.72,0
4658,2026-09-13 13:37:06,8966bd,ETD4UA,United Arab Emirates,28.5729,76.631,3657.6,138.43,105.74,0
4659,2026-09-13 13:37:06,60182b,TUA695,Turkmenistan,22.0731,94.4507,11277.6,235.4,94.76,0
4660,2026-09-13 13:37:06,76cef9,SIA321,Singapore,13.2146,93.1139,10668.0,244.58,136.88,0
4661,2026-09-13 13:37:06,507c5f,UZB562,Uzbekistan,25.5363,82.739,10370.82,246.52,306.94,0
4662,2026-09-13 13:37:06,76ceed,SIA318,Singapore,17.96,85.7693,9753.6,257.91,315.08,0
4663,2026-09-13 13:37:06,76bcc1,TGW751,Singapore,19.4453,91.2752,12496.8,238.61,127.29,0
4664,2026-09-13 13:37:06,4d23c4,GTR1576,Malta,23.2503,83.7889,20330.16,250.02,269.65,0
4665,2026-09-13 13:37:06,7505c5,ALK90L,Malaysia,22.7976,89.7798,7353.3,226.75,211.45,0
4666,2026-09-13 13:37:06,800b63,AXB1019,India,28.8853,76.8666,2438.4,119.79,125.74,0
4667,2026-09-13 13:37:06,800b62,,India,28.566,77.0905,,41.16,104.06,1
4668,2026-09-13 13:37:06,800b81,SEJ709,India,28.5479,77.1645,769.62,110.92,104.23,0
4669,2026-09-13 13:37:06,3c4585,BOX721,Germany,28.564,77.0907,,7.46,284.06,1
4670,2026-09-13 13:37:06,800c09,LLR516,India,10.5294,76.5697,3375.66,103.0,43.18,0
4671,2026-09-13 13:37:06,86e780,JAL39,Japan,23.7966,91.2057,12184.38,256.86,265.87,0
4672,2026-09-13 13:37:06,800c43,AIC2332,India,19.7575,90.8422,11285.22,227.28,127.18,0
4673,2026-09-13 13:37:06,800c6e,IGO7454,India,14.9362,74.0427,2750.82,105.18,157.57,0
4674,2026-09-13 13:37:06,70afb7,RNA217,Nepal,27.909,84.4692,6629.4,213.48,285.95,0
4675,2026-09-13 13:37:06,71004b,SVA770,Saudi Arabia,18.9273,73.1599,3535.68,145.22,81.24,0
4676,2026-09-13 13:37:06,710062,SVA891,Saudi Arabia,22.9067,69.3733,11582.4,253.41,272.79,0
4677,2026-09-13 13:37:06,710054,SVA807,Saudi Arabia,22.8321,70.4599,10972.8,261.92,273.83,0
4678,2026-09-13 13:37:06,800af4,IGO537T,India,24.7099,84.905,8930.64,244.3,30.78,0
4679,2026-09-13 13:37:06,70e084,SEJ253,Cambodia,29.8659,74.5245,9776.46,238.61,25.68,0
4680,2026-09-13 13:37:06,800d08,SEJ2441,India,29.9854,77.0828,5737.86,161.85,339.15,0
4681,2026-09-13 13:37:06,800bd6,VTEHB,India,13.35,80.3167,1729.74,117.38,177.74,0
4682,2026-09-13 13:37:06,800be6,AIC8VE,India,25.0897,76.7776,11887.2,228.52,168.31,0
4683,2026-09-13 13:37:06,4b1920,SWR181,Switzerland,24.3896,85.6318,9753.6,262.58,299.33,0
4684,2026-09-13 13:37:06,4d2012,SVA798,Malta,23.8883,90.362,266.7,79.54,143.95,0
4685,2026-09-13 13:37:06,800cbb,LLR624,India,19.319,72.5066,3962.4,134.06,138.11,0
4686,2026-09-13 13:37:06,800cfb,IGO2KY,India,23.5802,91.2058,6103.62,129.71,185.46,0
4687,2026-09-13 13:42:07,801638,AXB3428,India,29.2266,76.7399,4792.98,155.1,227.42,0
4688,2026-09-13 13:42:07,80163d,IGO6729,India,25.5258,90.627,7040.88,207.37,231.85,0
4689,2026-09-13 13:42:07,801650,AXB2942,India,12.9895,80.0788,960.12,117.67,343.23,0
4690,2026-09-13 13:42:07,801622,IGO2491,India,28.1923,77.5444,480.06,64.07,101.58,0
4691,2026-09-13 13:42:07,80160f,IGO2707,India,28.5646,77.0909,,0.0,348.75,1
4692,2026-09-13 13:42:07,80161c,AXB1273,India,28.2026,77.695,5935.98,181.97,130.99,0
4693,2026-09-13 13:42:07,801629,IGO7734,India,13.8084,80.4352,4556.76,135.5,185.88,0
4694,2026-09-13 13:42:07,801632,AKJ1814,India,27.9888,75.6805,6019.8,164.55,51.98,0
4695,2026-09-13 13:42:07,80161e,AKJ1514,India,21.0502,82.5109,10972.8,245.09,216.29,0
4696,2026-09-13 13:42:07,80166c,AIC2029,India,28.2666,77.0098,3162.3,163.45,222.83,0
4697,2026-09-13 13:42:07,80166a,AKJ1880,India,26.1591,83.2,4762.5,175.82,20.56,0
4698,2026-09-13 13:42:07,801685,AXB1561,India,26.1725,91.3487,10058.4,227.42,99.5,0
4699,2026-09-13 13:42:07,801683,AXB1513,India,26.243,86.5593,10972.8,243.72,276.18,0
4700,2026-09-13 13:42:07,801689,AXB1407,India,13.5179,77.9121,4366.26,172.96,52.86,0
4701,2026-09-13 13:42:07,80167e,AIC1EZ,India,31.0281,74.6687,9456.42,29.93,61.23,0
4702,2026-09-13 13:42:07,80167f,AIC5DM,India,13.3791,77.6867,11277.6,230.21,177.31,0
4703,2026-09-13 13:42:07,801697,AXB1176,India,25.6636,86.5845,11315.7,223.76,70.11,0
4704,2026-09-13 13:42:07,801699,AXB1238,India,15.3966,73.9139,457.2,80.92,258.26,0
4705,2026-09-13 13:42:07,801662,IGO5055,India,30.2976,77.4622,9509.76,225.31,183.8,0
4706,2026-09-13 13:42:07,80165d,AXB1386,India,15.089,74.3731,3169.92,140.51,317.08,0
4707,2026-09-13 13:42:07,801672,AIC4LA,India,23.24,73.7653,11864.34,239.89,20.07,0
4708,2026-09-13 13:42:07,801678,IGO648T,India,27.5032,80.2568,10972.8,233.27,322.35,0
4709,2026-09-13 13:42:07,801670,AXB1787,India,19.0875,72.7709,822.96,126.6,268.37,0
4710,2026-09-13 13:42:07,801671,AIC3SR,India,28.6505,76.5952,2080.26,96.21,103.29,0
4711,2026-09-13 13:42:07,80169c,IGO19M,India,18.9948,73.2196,11887.2,222.03,115.97,0
4712,2026-09-13 13:42:07,8014a5,VTSRH,India,12.2648,78.8438,8229.6,236.41,60.26,0
4713,2026-09-13 13:42:07,8014b4,IGO1127,India,8.1299,76.3731,10965.18,235.99,213.62,0
4714,2026-09-13 13:42:07,8014dc,IGO1427,India,23.4974,71.6121,10972.8,245.71,243.65,0
4715,2026-09-13 13:42:07,8014da,AIC1RG,India,29.7772,75.6601,8839.2,233.19,158.25,0
4716,2026-09-13 13:42:07,8014c0,IGO697H,India,22.5459,88.0018,4998.72,167.48,273.35,0
4717,2026-09-13 13:42:07,8014c4,AIC8XX,India,28.5654,77.082,,2.83,61.88,1
4718,2026-09-13 13:42:07,8014c8,IGO6653,India,15.3872,73.8653,190.5,69.72,258.94,0
4719,2026-09-13 13:42:07,8014d8,IGO703,India,10.4602,76.7451,2926.08,135.1,227.62,0
4720,2026-09-13 13:42:07,8014ce,IGO455,India,21.9075,88.19,6537.96,204.18,199.12,0
4721,2026-09-13 13:42:07,8014fa,IGO13H,India,13.0024,80.2015,175.26,75.38,249.22,0
4722,2026-09-13 13:42:07,801602,AIC9BU,India,22.6556,88.4443,,5.66,8.44,1
4723,2026-09-13 13:42:07,801606,AXB1216,India,13.488,78.0458,3246.12,154.24,197.47,0
4724,2026-09-13 13:42:07,801608,IGO6409,India,25.778,77.2291,10972.8,238.31,358.14,0
4725,2026-09-13 13:42:07,80174a,IGO69TA,India,22.6432,88.4415,38.1,0.64,5.62,1
4726,2026-09-13 13:42:07,80174d,IGO1059,India,19.4055,72.9753,5181.6,182.64,30.47,0
4727,2026-09-13 13:42:07,80174b,IGO6349,India,13.3265,79.8789,3749.04,180.62,117.29,0
4728,2026-09-13 13:42:07,801778,IGO36AK,India,28.4419,78.1447,7254.24,235.01,299.65,0
4729,2026-09-13 13:42:07,80172c,IGO5337,India,19.0917,72.8541,,0.0,0.0,1
4730,2026-09-13 13:42:07,801742,IGO31VD,India,24.9089,84.2707,10058.4,227.01,114.36,0
4731,2026-09-13 13:42:07,80173c,IGO6232,India,12.9261,77.4626,10355.58,231.21,8.06,0
4732,2026-09-13 13:42:07,801746,IGO6396,India,22.6483,88.4449,38.1,74.02,186.38,0
4733,2026-09-13 13:42:07,80173f,VTRPB,India,12.9151,77.6407,1066.8,68.3,50.19,0
4734,2026-09-13 13:42:07,80179b,AKJ1836,India,26.9708,76.132,9060.18,228.99,205.13,0
4735,2026-09-13 13:42:07,80177c,AXB2882,India,25.1435,89.8079,8435.34,238.32,237.34,0
4736,2026-09-13 13:42:07,80177d,IGO774Y,India,28.1111,77.8284,6118.86,193.75,132.2,0
4737,2026-09-13 13:42:07,80177e,IGO1064,India,26.8762,80.7415,10370.82,240.56,310.23,0
4738,2026-09-13 13:42:07,801798,IGO335L,India,28.6013,76.8283,1318.26,86.34,103.79,0
4739,2026-09-13 13:42:07,8016a2,AKJ619,India,14.5843,93.2938,11582.4,250.23,309.75,0
4740,2026-09-13 13:42:07,8016a7,AIC9CQ,India,28.5841,76.9088,815.34,84.1,103.44,0
4741,2026-09-13 13:42:07,8016a9,IGO2241,India,31.0271,74.6677,8481.06,29.91,333.43,0
4742,2026-09-13 13:42:07,8015c1,AIC2362,India,26.8594,80.374,9448.8,241.67,102.29,0
4743,2026-09-13 13:42:07,8015c0,IGO1157,India,27.3994,85.1956,3467.1,88.02,66.58,0
4744,2026-09-13 13:42:07,8015c5,AIC2116,India,13.4475,91.3453,10370.82,241.91,315.26,0
4745,2026-09-13 13:42:07,8015bc,IGO6336,India,17.968,83.5189,99.06,73.35,280.92,0
4746,2026-09-13 13:42:07,8015c9,IGO624M,India,22.6031,85.9705,8618.22,228.46,212.87,0
4747,2026-09-13 13:42:07,8015d1,IGO7672,India,29.2039,77.7468,4572.0,142.51,161.04,0
4748,2026-09-13 13:42:07,8015a4,IGO5365,India,26.4613,84.9799,10668.0,231.69,97.01,0
4749,2026-09-13 13:42:07,8015ad,IGO664E,India,22.4207,88.483,2529.84,151.02,19.92,0
4750,2026-09-13 13:42:07,885303,THA320,Thailand,26.1507,87.6759,9448.8,232.02,127.25,0
4751,2026-09-13 13:42:07,8015e5,IGO2331,India,27.3372,76.4379,8618.22,241.95,211.97,0
4752,2026-09-13 13:42:07,8015f7,AIC9HA,India,28.6258,76.7127,1409.7,96.83,103.52,0
4753,2026-09-13 13:42:07,88530f,THA322,Thailand,21.0743,92.8382,9799.32,229.54,135.27,0
4754,2026-09-13 13:42:07,8015ef,AXB57L,India,28.9616,78.9793,9174.48,213.86,156.77,0
4755,2026-09-13 13:42:07,80171a,IGO376,India,22.7877,87.9972,1676.4,123.47,89.52,0
4756,2026-09-13 13:42:07,801726,IGO28AV,India,28.8275,76.6911,2118.36,128.69,264.49,0
4757,2026-09-13 13:42:07,801733,IGO066,India,11.9076,74.7755,10386.06,213.45,123.5,0
4758,2026-09-13 13:42:07,801878,IGO1340,India,19.0891,72.8947,152.4,69.98,268.74,0
4759,2026-09-13 13:42:07,801883,IGO1494,India,22.8056,88.4027,1287.78,102.39,36.01,0
4760,2026-09-13 13:42:07,801861,IGO6383,India,26.4309,89.7213,10355.58,237.6,286.87,0
4761,2026-09-13 13:42:07,801862,,India,19.0898,72.9418,403.86,64.31,269.54,0
4762,2026-09-13 13:42:07,80057d,AIC8YK,India,25.915,76.6863,10477.5,224.43,178.03,0
4763,2026-09-13 13:42:07,70207f,S2AEP,Bangladesh,23.5816,90.4168,1524.0,46.25,154.29,0
4764,2026-09-13 13:42:07,800584,AIC186,India,25.6885,83.7506,11582.4,252.37,293.17,0
4765,2026-09-13 13:42:07,70209b,BBC355,Bangladesh,28.5965,74.2228,11582.4,246.9,263.66,0
4766,2026-09-13 13:42:07,70a8ee,BHA505,Nepal,27.5004,85.6187,3459.48,108.99,185.15,0
4767,2026-09-13 13:42:07,8016e0,IGO2588,India,28.705,77.3516,,0.51,180.0,1
4768,2026-09-13 13:42:07,8016e1,IGO6103,India,24.6349,88.9431,11597.64,214.18,56.96,0
4769,2026-09-13 13:42:07,8016dd,IGO874,India,30.1759,77.3791,8229.6,195.51,323.88,0
4770,2026-09-13 13:42:07,8016af,AXB54E,India,25.7397,82.0327,11277.6,233.41,128.11,0
4771,2026-09-13 13:42:07,8016c9,AXB1514,India,25.481,90.3581,7917.18,190.46,37.43,0
4772,2026-09-13 13:42:07,8016d6,IGO561J,India,12.9982,80.1904,114.3,69.36,249.15,0
4773,2026-09-13 13:42:07,8016d3,IGO4AD,India,31.2734,77.4124,8176.26,217.25,85.52,0
4774,2026-09-13 13:42:07,8016bf,IGO632P,India,19.3116,72.75,3307.08,172.5,33.69,0
4775,2026-09-13 13:42:07,8016ca,AXB2932,India,20.4017,82.9199,11582.4,251.27,236.86,0
4776,2026-09-13 13:42:07,8003e4,AIC169,India,24.4755,72.4964,10363.2,261.71,223.01,0
4777,2026-09-13 13:42:07,801835,AKJ1314,India,13.5539,77.6113,4366.26,165.14,127.41,0
4778,2026-09-13 13:42:07,80183b,IGO119Y,India,28.6294,77.3529,3657.6,142.82,7.87,0
4779,2026-09-13 13:42:07,8018b0,AIC188,India,28.3909,76.2441,3276.6,130.68,206.67,0
4780,2026-09-13 13:42:07,8018e1,IGO766H,India,14.1851,78.9746,9479.28,237.16,307.24,0
4781,2026-09-13 13:42:07,7020a5,BBC436,Bangladesh,23.8238,90.6548,3657.6,107.3,130.33,0
4782,2026-09-13 13:42:07,8018df,IGO939,India,14.1445,79.776,7901.94,222.23,345.38,0
4783,2026-09-13 13:42:07,7020ae,AWA433,Bangladesh,23.9209,90.6593,1866.9,123.87,28.8,0
4784,2026-09-13 13:42:07,7020b8,UBG104,Bangladesh,23.9688,90.2948,579.12,89.82,170.11,0
4785,2026-09-13 13:42:07,8018c7,IGO1604,India,15.3534,92.9623,9753.6,255.19,283.17,0
4786,2026-09-13 13:42:07,8018c9,IGO542T,India,11.5793,77.311,3116.58,155.91,196.88,0
4787,2026-09-13 13:42:07,8004d6,AIC7DK,India,27.527,77.3103,6332.22,182.54,58.95,0
4788,2026-09-13 13:42:07,8004dd,AIC113,India,23.2321,71.4834,9753.6,264.16,235.07,0
4789,2026-09-13 13:42:07,8017e5,IGO1074,India,28.5633,77.0066,601.98,82.72,104.04,0
4790,2026-09-13 13:42:07,8017e3,AKJ1835,India,27.25,75.5456,9875.52,234.74,25.16,0
4791,2026-09-13 13:42:07,8017e4,IGO362H,India,26.0862,74.9744,11269.98,234.85,24.32,0
4792,2026-09-13 13:42:07,896210,,United Arab Emirates,28.3461,73.1292,10668.0,259.66,100.04,0
4793,2026-09-13 13:42:07,801914,IGO447L,India,28.5582,77.1145,,5.4,25.31,1
4794,2026-09-13 13:42:07,80190b,IGO2704,India,26.3204,75.7973,6233.16,201.67,216.29,0
4795,2026-09-13 13:42:07,80191a,IGO6676,India,22.349,73.3644,10363.2,240.68,183.43,0
4796,2026-09-13 13:42:07,801903,IGO604F,India,24.1137,72.9175,9105.9,238.73,359.14,0
4797,2026-09-13 13:42:07,800797,VUAUJ,India,30.173,76.6747,8846.82,222.59,344.04,0
4798,2026-09-13 13:42:07,8005e7,VTAVS,India,10.1524,76.4599,342.9,54.69,274.32,0
4799,2026-09-13 13:42:07,781d3c,HYT9092,China,22.6784,95.0482,10675.62,239.67,82.6,0
4800,2026-09-13 13:42:07,80073f,AIC157,India,26.343,75.6336,10721.34,259.69,200.77,0
4801,2026-09-13 13:42:07,800733,AI123,India,28.5652,77.0813,,4.89,61.88,1
4802,2026-09-13 13:42:07,800735,AIC352,India,24.3011,89.7479,11887.2,236.42,102.31,0
4803,2026-09-13 13:42:07,800739,AIC143,India,27.3985,76.2282,8046.72,238.92,211.26,0
4804,2026-09-13 13:42:07,8963da,UAE304,United Arab Emirates,24.1095,68.9825,10668.0,248.73,92.61,0
4805,2026-09-13 13:42:07,4bb185,THY125,Turkey,31.1256,74.295,11582.4,236.31,277.88,0
4806,2026-09-13 13:42:07,8963dd,UAE380,United Arab Emirates,22.958,68.2021,10058.4,250.53,90.0,0
4807,2026-09-13 13:42:07,8007b2,IGO6749,India,26.2896,92.358,10363.2,233.63,77.28,0
4808,2026-09-13 13:42:07,8007b0,IGO2496,India,28.9206,75.7604,9144.0,221.35,327.53,0
4809,2026-09-13 13:42:07,89652d,ABY816,United Arab Emirates,20.0593,82.0189,10066.02,235.91,137.3,0
4810,2026-09-13 13:42:07,8007c9,IGO5935,India,23.5573,84.2248,11269.98,222.17,52.15,0
4811,2026-09-13 13:42:07,4bb196,THY65,Turkey,28.8239,75.4659,11582.4,244.75,291.71,0
4812,2026-09-13 13:42:07,89647e,UAE372,United Arab Emirates,22.7138,71.7631,12496.8,245.48,91.56,0
4813,2026-09-13 13:42:07,896442,ETD947,United Arab Emirates,22.8131,70.7583,10058.4,243.92,93.99,0
4814,2026-09-13 13:42:07,8008d2,FLW ME 3,India,22.6443,88.4464,,2.83,5.62,1
4815,2026-09-13 13:42:07,896643,FDB539,United Arab Emirates,26.9392,82.0903,10668.0,240.56,87.06,0
4816,2026-09-13 13:42:07,8008c3,IGO9204,India,23.8626,91.7406,11285.22,233.29,62.98,0
4817,2026-09-13 13:42:07,8008c7,FLW ME 2,India,22.669,88.4493,,3.86,191.25,1
4818,2026-09-13 13:42:07,896617,UAE9839,United Arab Emirates,22.8275,71.1506,10363.2,259.29,266.36,0
4819,2026-09-13 13:42:07,461f4d,FIN131,Finland,11.3495,94.9834,12496.8,235.59,130.93,0
4820,2026-09-13 13:42:07,89656f,ETD7LE,United Arab Emirates,14.4057,80.0284,11269.98,248.72,117.2,0
4821,2026-09-13 13:42:07,8964bb,ETD412,United Arab Emirates,15.0585,78.713,11879.58,241.57,116.84,0
4822,2026-09-13 13:42:07,507cb3,MFX5538,Uzbekistan,24.9659,77.3687,9753.6,240.68,273.43,0
4823,2026-09-13 13:42:07,8965f6,ABY514,United Arab Emirates,26.7914,78.5193,11277.6,233.11,91.39,0
4824,2026-09-13 13:42:07,781fda,CBJ654,China,18.7732,84.6468,12496.8,224.48,49.74,0
4825,2026-09-13 13:42:07,780d2c,CCA011,China,24.7166,87.9326,11277.6,243.8,110.12,0
4826,2026-09-13 13:42:07,780d2a,CCA059,China,28.567,77.0861,,1.54,104.06,1
4827,2026-09-13 13:42:07,76cd75,SIA326,Singapore,17.9214,85.8862,10363.2,259.98,311.07,0
4828,2026-09-13 13:42:07,8965c0,FDB1584,United Arab Emirates,17.4577,90.3908,10972.8,236.06,288.95,0
4829,2026-09-13 13:42:07,89408e,GFA155,Bahrain,15.1562,94.5697,10972.8,269.64,280.11,0
4830,2026-09-13 13:42:07,15203a,AFL295,Russian Federation,24.3181,84.9593,11582.4,250.93,305.32,0
4831,2026-09-13 13:42:07,899035,EVA067,Taiwan,23.9652,87.0071,9144.0,281.01,292.95,0
4832,2026-09-13 13:42:07,406f79,BAW15,United Kingdom,10.3322,96.1668,11887.2,248.65,131.14,0
4833,2026-09-13 13:42:07,394a04,AFR256,France,12.4758,93.6392,10058.4,240.71,123.32,0
4834,2026-09-13 13:42:07,760a0d,FJL840,Pakistan,29.7332,71.9893,11277.6,244.97,48.75,0
4835,2026-09-13 13:42:07,760a07,SIF719D,Pakistan,31.9858,70.6239,10668.0,258.38,51.3,0
4836,2026-09-13 13:42:07,760a05,FJL857,Pakistan,31.9943,70.4974,11277.6,256.97,54.37,0
4837,2026-09-13 13:42:07,06a374,QTR816,Qatar,22.9516,71.0935,10668.0,252.68,86.03,0
4838,2026-09-13 13:42:07,06a390,QTR8952,Qatar,22.9007,85.0798,11887.2,231.26,94.72,0
4839,2026-09-13 13:42:07,8990a5,CAL5663,Taiwan,28.7379,77.4924,3352.8,163.58,296.32,0
4840,2026-09-13 13:42:07,7814fe,CSN5016,China,22.7484,95.6392,10058.4,238.01,82.8,0
4841,2026-09-13 13:42:07,4ba959,THY72,Turkey,30.2416,79.1103,10668.0,258.69,139.44,0
4842,2026-09-13 13:42:07,7816bd,CSC9639,China,22.312,91.3574,10363.2,249.37,277.11,0
4843,2026-09-13 13:42:07,040255,ETH445,Ethiopia,23.0563,69.9639,11582.4,239.27,271.23,0
4844,2026-09-13 13:42:07,aba7d9,FDX5603,United States,20.0272,85.9601,11277.6,235.38,134.2,0
4845,2026-09-13 13:42:07,4ba88f,THY6119,Turkey,14.9423,77.8064,10126.98,245.86,302.96,0
4846,2026-09-13 13:42:07,a16aad,GLH1,United States,24.2289,90.7493,3048.0,135.34,187.21,0
4847,2026-09-13 13:42:07,06a07b,QTR872,Qatar,23.0045,73.0805,10058.4,253.35,85.57,0
4848,2026-09-13 13:42:07,39cf11,AFR199,France,28.5434,76.817,11582.4,249.05,284.35,0
4849,2026-09-13 13:42:07,80139b,AIC2119,India,28.5493,77.0721,281.94,71.88,103.24,0
4850,2026-09-13 13:42:07,801404,IGO6584,India,13.189,77.7714,1143.0,74.08,270.4,0
4851,2026-09-13 13:42:07,801414,IGO7063,India,17.9853,83.4417,998.22,77.18,281.53,0
4852,2026-09-13 13:42:07,80143a,AIC8CH,India,15.3794,73.7763,624.84,107.16,302.85,0
4853,2026-09-13 13:42:07,80140c,IGO43V,India,27.9948,77.9557,7208.52,204.19,129.79,0
4854,2026-09-13 13:42:07,80141d,AIC2KJ,India,18.7658,85.6605,10972.8,234.64,347.33,0
4855,2026-09-13 13:42:07,80141e,AIC1GQ,India,28.5631,77.0909,,2.83,14.06,1
4856,2026-09-13 13:42:07,801433,VTJOE,India,11.3654,77.6373,7231.38,225.52,54.75,0
4857,2026-09-13 13:42:07,801431,IGO87RT,India,13.4984,78.0455,3680.46,133.23,172.9,0
4858,2026-09-13 13:42:07,801499,IGO29TY,India,24.4504,81.4093,10668.0,225.97,110.66,0
4859,2026-09-13 13:42:07,801495,AIC7EF,India,28.5274,77.2566,1882.14,125.4,104.49,0
4860,2026-09-13 13:42:07,80145e,IGO865,India,14.8767,74.4791,10965.18,234.36,350.27,0
4861,2026-09-13 13:42:07,80148f,IGO162P,India,23.7042,87.0475,1554.48,106.15,20.72,0
4862,2026-09-13 13:42:07,80148d,IGO234W,India,28.5661,76.8539,3848.1,122.68,38.36,0
4863,2026-09-13 13:42:07,80149e,IGO601E,India,28.4816,77.3616,2423.16,144.11,151.42,0
4864,2026-09-13 13:42:07,80149b,IGO970M,India,18.2901,80.3717,10965.18,242.51,220.96,0
4865,2026-09-13 13:42:07,80149c,IGO753P,India,24.1332,88.8882,10378.44,245.16,320.36,0
4866,2026-09-13 13:42:07,504e6c,TVR4704,Republic of Moldova,22.4662,90.0771,9753.6,275.27,277.09,0
4867,2026-09-13 13:42:07,801523,IGO6147,India,9.9473,76.9804,8648.7,233.01,3.67,0
4868,2026-09-13 13:42:07,801526,AKJ626,India,22.1082,93.9934,11582.4,234.33,274.66,0
4869,2026-09-13 13:42:07,801527,IGO6518,India,19.1757,84.9084,11277.6,218.93,20.35,0
4870,2026-09-13 13:42:07,801536,IGO2137,India,28.5609,77.0865,,3.34,247.5,1
4871,2026-09-13 13:42:07,801534,AIC6DJ,India,26.9821,75.4167,11346.18,235.02,24.71,0
4872,2026-09-13 13:42:07,8850b7,THA324,Thailand,24.0376,84.7853,11277.6,235.52,126.29,0
4873,2026-09-13 13:42:07,801506,,India,28.5583,77.1175,,3.6,19.69,1
4874,2026-09-13 13:42:07,06a141,QTR8040,Qatar,22.4848,89.9168,12496.8,234.24,96.94,0
4875,2026-09-13 13:42:07,80154b,IGO725T,India,14.4217,79.6304,8999.22,232.12,339.64,0
4876,2026-09-13 13:42:07,80154a,AKJ1503,India,13.2279,77.6472,1379.22,108.44,303.39,0
4877,2026-09-13 13:42:07,80154d,IGO235,India,13.1877,77.9529,1943.1,103.93,269.15,0
4878,2026-09-13 13:42:07,801562,IGO6551,India,26.6945,83.1751,10660.38,231.57,96.76,0
4879,2026-09-13 13:42:07,801569,IGO6737,India,27.6588,77.4145,4259.58,180.09,341.51,0
4880,2026-09-13 13:42:07,80155c,IGO36V,India,22.8153,70.1817,10058.4,230.44,93.71,0
4881,2026-09-13 13:42:07,80155b,IGO32Y,India,26.5966,75.085,10668.0,239.79,27.88,0
4882,2026-09-13 13:42:07,80152f,IGO6344,India,28.2983,80.5562,11513.82,244.59,127.74,0
4883,2026-09-13 13:42:07,801554,IGO195H,India,28.4924,76.4434,2590.8,130.02,305.01,0
4884,2026-09-13 13:42:07,80158b,AXB1385,India,31.4747,75.5292,10980.42,240.94,6.87,0
4885,2026-09-13 13:42:07,80159c,AIC217,India,27.2391,80.4736,10675.62,239.57,96.16,0
4886,2026-09-13 13:42:07,80156c,IGO286F,India,28.3142,78.4711,6614.16,184.75,295.92,0
4887,2026-09-13 13:42:07,801587,AKJ587,India,15.3232,75.7666,11277.6,229.74,114.61,0
4888,2026-09-13 13:42:07,801581,IGO931P,India,13.1885,77.8329,1470.66,91.57,270.0,0
4889,2026-09-13 13:42:07,801595,AXB1812,India,13.8574,77.5757,10668.0,239.64,190.51,0
4890,2026-09-13 13:42:07,801591,AXB19E,India,26.6551,78.3871,9502.14,239.64,142.59,0
4891,2026-09-13 13:42:07,06a0b6,QTR650,Qatar,27.0814,85.0947,3421.38,140.08,19.3,0
4892,2026-09-13 13:42:07,680001,DRK541,Bhutan,22.2946,92.4664,10980.42,246.23,322.56,0
4893,2026-09-13 13:42:07,680002,DRK201,Bhutan,28.5464,77.1753,1203.96,84.6,104.8,0
4894,2026-09-13 13:42:07,680009,BTN701,Bhutan,19.3804,93.439,11574.78,242.21,307.41,0
4895,2026-09-13 13:42:07,68000a,,Bhutan,28.5604,77.0841,,2.06,210.94,1
4896,2026-09-13 13:42:07,8013cc,AIC237,India,24.1262,89.6593,4716.78,142.95,85.46,0
4897,2026-09-13 13:42:07,8013a4,AIC5BE,India,21.2555,84.5496,9380.22,236.54,309.26,0
4898,2026-09-13 13:42:07,8013b2,AIC281,India,26.8496,76.78,8724.9,227.5,181.81,0
4899,2026-09-13 13:42:07,88516b,THA922,Thailand,25.4791,83.1078,9753.6,266.97,303.05,0
4900,2026-09-13 13:42:07,8013f6,IGO761M,India,28.2446,77.5654,4480.56,180.16,126.64,0
4901,2026-09-13 13:42:07,8013f8,IGO212M,India,26.0171,81.5116,10050.78,229.96,127.0,0
4902,2026-09-13 13:42:07,8013ed,AIC8JL,India,28.5493,77.0718,281.94,70.26,103.12,0
4903,2026-09-13 13:42:07,800db2,IGO7264,India,13.0082,80.4376,1249.68,105.48,1.12,0
4904,2026-09-13 13:42:07,710415,SVA870,Saudi Arabia,18.9935,87.0579,11879.58,251.12,114.83,0
4905,2026-09-13 13:42:07,702c6c,S3AGG,Bangladesh,23.8674,90.5417,2971.8,114.52,322.67,0
4906,2026-09-13 13:42:07,aab841,CKS704,United States,23.3519,85.4535,9144.0,270.81,281.95,0
4907,2026-09-13 13:42:07,151db6,AFL273,Russian Federation,21.6771,90.0611,9547.86,266.88,317.42,0
4908,2026-09-13 13:42:07,70c102,OMA823,Oman,13.9489,80.9394,10668.0,239.04,116.18,0
4909,2026-09-13 13:42:07,70c100,,Oman,15.6422,76.1191,11887.2,226.02,123.11,0
4910,2026-09-13 13:42:07,70c0f6,OMA815,Oman,20.2119,81.9287,12489.18,233.75,130.98,0
4911,2026-09-13 13:42:07,86eb50,ANA837,Japan,23.3868,94.1191,12192.0,246.79,276.1,0
4912,2026-09-13 13:42:07,770592,ALK503,Sri Lanka,8.2881,77.5777,8747.76,249.12,303.89,0
4913,2026-09-13 13:42:07,70605b,KAC412,Kuwait,20.399,82.2687,10363.2,267.33,272.87,0
4914,2026-09-13 13:42:07,14fa0a,RA64010,Russian Federation,27.9488,76.0987,4236.72,152.46,30.63,0
4915,2026-09-13 13:42:07,7bd028,CNW9610,China,23.8253,90.4118,541.02,93.84,143.7,0
4916,2026-09-13 13:42:07,7705c6,ALK405,Sri Lanka,12.8769,95.8473,10355.58,250.53,251.19,0
4917,2026-09-13 13:42:07,7705c2,ALK182,Sri Lanka,23.7569,85.0027,10668.0,245.36,195.32,0
4918,2026-09-13 13:42:07,4851f6,KLM844,Kingdom of the Netherlands,27.4278,80.012,9753.6,263.61,310.09,0
4919,2026-09-13 13:42:07,8880e0,HVN55,Viet Nam,28.7129,75.4593,10972.8,248.22,264.17,0
4920,2026-09-13 13:42:07,4d0105,CLX7956,Luxembourg,24.0362,82.9442,11277.6,243.97,84.43,0
4921,2026-09-13 13:42:07,507c84,MFX558,Uzbekistan,30.0281,74.532,9151.62,251.63,1.29,0
4922,2026-09-13 13:42:07,507c7f,MFX7621,Uzbekistan,24.8209,77.0502,11277.6,223.57,120.87,0
4923,2026-09-13 13:42:07,507c72,QNT2232,Uzbekistan,18.2657,95.1973,9753.6,249.0,306.51,0
4924,2026-09-13 13:42:07,76cda2,SIA338,Singapore,13.2854,90.944,10972.8,267.99,312.51,0
4925,2026-09-13 13:42:07,8966bd,ETD4UA,United Arab Emirates,28.6276,76.9279,3177.54,124.97,22.77,0
4926,2026-09-13 13:42:07,4074e3,,United Kingdom,22.2134,72.8111,9624.06,260.8,348.62,0
4927,2026-09-13 13:42:07,60182b,TUA695,Turkmenistan,22.0731,94.4507,11277.6,235.4,94.76,0
4928,2026-09-13 13:42:07,76cef9,SIA321,Singapore,12.7326,93.5737,10668.0,245.66,136.78,0
4929,2026-09-13 13:42:07,507c5f,UZB562,Uzbekistan,25.9288,82.1541,10363.2,244.27,306.44,0
4930,2026-09-13 13:42:07,76ceed,SIA318,Singapore,18.4606,85.2471,9753.6,258.28,315.16,0
4931,2026-09-13 13:42:07,76bcc1,TGW751,Singapore,19.0569,91.8096,12496.8,239.95,127.51,0
4932,2026-09-13 13:42:07,7505c5,ALK90L,Malaysia,22.2688,89.4074,8686.8,242.72,216.55,0
4933,2026-09-13 13:42:07,800b63,AXB1019,India,28.7862,76.6147,1668.78,115.35,199.0,0
4934,2026-09-13 13:42:07,800b62,AXB173,India,28.3948,77.3091,3108.96,153.96,200.13,0
4935,2026-09-13 13:42:07,800b81,SEJ709,India,28.3191,77.1266,4853.94,150.96,264.33,0
4936,2026-09-13 13:42:07,3c4585,BOX721,Germany,28.565,77.0865,,0.0,284.06,1
4937,2026-09-13 13:42:07,800c01,IGO6339,India,22.6422,88.4413,38.1,0.0,2.81,1
4938,2026-09-13 13:42:07,800c09,LLR516,India,10.7392,76.7689,4320.54,108.82,43.28,0
4939,2026-09-13 13:42:07,86e780,JAL39,Japan,23.7383,90.446,12184.38,264.32,265.2,0
4940,2026-09-13 13:42:07,800c43,AIC2332,India,19.4023,91.3346,11277.6,220.19,127.41,0
4941,2026-09-13 13:42:07,800c0c,AIC6PQ,India,14.4094,74.2056,11574.78,239.05,334.1,0
4942,2026-09-13 13:42:07,800c6e,IGO7454,India,14.7051,74.1416,3482.34,103.56,157.51,0
4943,2026-09-13 13:42:07,800c89,AIC2214,India,18.7652,72.1876,4556.76,170.5,80.62,0
4944,2026-09-13 13:42:07,800c8f,AIC3LW,India,19.2522,72.8184,2407.92,144.02,4.71,0
4945,2026-09-13 13:42:07,70afb7,RNA217,Nepal,28.0759,83.798,7924.8,240.27,285.52,0
4946,2026-09-13 13:42:07,710062,SVA891,Saudi Arabia,22.938,68.6392,11582.4,252.82,272.45,0
4947,2026-09-13 13:42:07,710054,SVA807,Saudi Arabia,22.8776,69.6963,10972.8,261.31,273.5,0
4948,2026-09-13 13:42:07,800af5,IGO37LH,India,19.0893,72.9057,205.74,69.46,269.15,0
4949,2026-09-13 13:42:07,800af4,IGO537T,India,25.2817,85.0987,5532.12,208.93,30.48,0
4950,2026-09-13 13:42:07,70e085,SEJ5155,Cambodia,24.0471,72.3567,9753.6,253.06,228.96,0
4951,2026-09-13 13:42:07,70e084,SEJ253,Cambodia,30.4391,74.8426,9761.22,243.66,25.92,0
4952,2026-09-13 13:42:07,800d09,IGO1076,India,12.9546,81.4638,11590.02,242.63,278.04,0
4953,2026-09-13 13:42:07,800d08,SEJ2441,India,30.3672,76.8835,6690.36,137.55,326.13,0
4954,2026-09-13 13:42:07,800d8a,IGO6FA,India,13.6941,80.425,3718.56,148.4,185.77,0
4955,2026-09-13 13:42:07,800bd6,VTEHB,India,13.0489,80.3159,594.36,104.37,231.6,0
4956,2026-09-13 13:42:07,800be6,AIC8VE,India,24.6572,76.8756,11887.2,227.52,168.26,0
4957,2026-09-13 13:42:07,4b1920,SWR181,Switzerland,24.737,84.9572,9753.6,264.13,299.01,0
4958,2026-09-13 13:42:07,4d2012,SVA798,Malta,23.8411,90.4062,,6.94,323.44,1
4959,2026-09-13 13:42:07,800cbb,LLR624,India,19.2144,72.8432,3916.68,134.28,90.66,0
4960,2026-09-13 13:42:07,800cfb,IGO2KY,India,23.3665,90.9529,6096.0,140.93,253.02,0
4961,2026-09-13 13:47:11,801638,AXB3428,India,28.9498,76.3755,3733.8,148.57,233.45,0
4962,2026-09-13 13:47:11,80163d,IGO6729,India,25.2435,89.9927,8511.54,254.29,244.73,0
4963,2026-09-13 13:47:11,801647,IGO5206,India,28.5652,77.0814,,2.57,61.88,1
4964,2026-09-13 13:47:11,801650,AXB2942,India,13.1343,80.3125,746.76,101.28,110.83,0
4965,2026-09-13 13:47:11,801623,AXB1240,India,26.1188,76.2975,5661.66,188.06,156.8,0
4966,2026-09-13 13:47:11,80160f,IGO2707,India,28.5646,77.0909,,0.0,348.75,1
4967,2026-09-13 13:47:11,80161c,AXB1273,India,27.8401,78.1658,7307.58,207.54,126.33,0
4968,2026-09-13 13:47:11,801629,IGO7734,India,13.46,80.3992,2933.7,105.04,186.19,0
4969,2026-09-13 13:47:11,801632,AKJ1814,India,28.2357,76.0824,4457.7,145.17,63.25,0
4970,2026-09-13 13:47:11,80161e,AKJ1514,India,20.5972,82.1584,10972.8,248.19,216.06,0
4971,2026-09-13 13:47:11,80166c,AIC2029,India,27.8259,76.6339,5692.14,214.66,209.27,0
4972,2026-09-13 13:47:11,80166a,AKJ1880,India,26.5749,83.3704,2491.74,131.2,20.42,0
4973,2026-09-13 13:47:11,801685,AXB1561,India,26.1887,91.8587,10058.4,226.32,70.62,0
4974,2026-09-13 13:47:11,801683,AXB1513,India,26.3129,85.8193,10972.8,239.92,275.78,0
4975,2026-09-13 13:47:11,801689,AXB1407,India,13.8354,78.3382,6477.0,199.3,52.66,0
4976,2026-09-13 13:47:11,801680,,India,28.5643,77.0977,259.08,7.72,104.06,0
4977,2026-09-13 13:47:11,80167e,AIC1EZ,India,31.0281,74.6687,9456.42,29.93,61.23,0
4978,2026-09-13 13:47:11,80167f,AIC5DM,India,12.7322,77.6482,10172.7,240.29,185.41,0
4979,2026-09-13 13:47:11,801697,AXB1176,India,25.9474,87.1976,7696.2,206.3,59.92,0
4980,2026-09-13 13:47:11,801699,AXB1238,India,15.3862,73.8602,160.02,79.3,258.4,0
4981,2026-09-13 13:47:11,801662,IGO5055,India,29.7411,77.3035,6789.42,191.92,205.4,0
4982,2026-09-13 13:47:11,80165d,AXB1386,India,15.335,74.137,1417.32,103.0,316.82,0
4983,2026-09-13 13:47:11,801678,IGO648T,India,28.0142,79.8121,10980.42,232.05,322.11,0
4984,2026-09-13 13:47:11,801670,AXB1787,India,19.2583,72.8165,3208.02,159.7,44.61,0
4985,2026-09-13 13:47:11,801671,AIC3SR,India,28.5883,76.8894,1127.76,88.84,103.39,0
4986,2026-09-13 13:47:11,8014a5,VTSRH,India,12.7245,79.4379,6637.02,190.5,26.29,0
4987,2026-09-13 13:47:11,8014dc,IGO1427,India,23.1874,70.9472,10972.8,244.56,243.11,0
4988,2026-09-13 13:47:11,8014da,AIC1RG,India,29.2133,75.4372,9144.0,232.37,217.99,0
4989,2026-09-13 13:47:11,8014c0,IGO697H,India,22.6034,87.4221,7635.24,218.42,277.44,0
4990,2026-09-13 13:47:11,8014c4,AIC8XX,India,28.5502,77.1586,815.34,102.31,103.97,0
4991,2026-09-13 13:47:11,8014d8,IGO703,India,10.2173,76.5701,1181.1,92.76,202.16,0
4992,2026-09-13 13:47:11,8014d0,AIC4216,India,19.0892,72.8952,152.4,75.63,269.22,0
4993,2026-09-13 13:47:11,8014ce,IGO455,India,21.408,87.8383,8648.7,234.31,226.07,0
4994,2026-09-13 13:47:11,8014fa,IGO13H,India,12.9982,80.1903,114.3,75.28,248.34,0
4995,2026-09-13 13:47:11,801602,AIC9BU,India,22.5891,88.3391,1264.92,145.3,261.04,0
4996,2026-09-13 13:47:11,801606,AXB1216,India,13.1886,77.8201,1402.08,85.4,270.69,0
4997,2026-09-13 13:47:11,801608,IGO6409,India,26.4382,77.2006,10965.18,235.86,357.37,0
4998,2026-09-13 13:47:11,80174a,IGO69TA,India,22.6554,88.4442,,6.94,5.62,1
4999,2026-09-13 13:47:11,80174b,IGO6349,India,13.1359,80.2561,2095.5,112.54,111.17,0
5000,2026-09-13 13:47:11,801778,IGO36AK,India,28.7167,77.5423,4861.56,204.3,296.31,0
5001,2026-09-13 13:47:11,80172c,IGO5337,India,19.0914,72.8541,,1.29,14.06,1
5002,2026-09-13 13:47:11,801742,IGO31VD,India,24.6481,84.8978,10058.4,228.12,114.66,0
5003,2026-09-13 13:47:11,80172d,IGO2009,India,28.5584,77.0888,,0.0,281.25,1
5004,2026-09-13 13:47:11,80173c,IGO6232,India,13.5706,77.5559,10363.2,234.34,8.08,0
5005,2026-09-13 13:47:11,801746,IGO6396,India,22.6458,88.4409,10050.78,0.26,278.44,0
5006,2026-09-13 13:47:11,80173f,VTRPB,India,12.9532,77.6616,876.3,6.22,294.44,0
5007,2026-09-13 13:47:11,80179b,AKJ1836,India,26.3717,75.8207,10111.74,246.49,205.07,0
5008,2026-09-13 13:47:11,80177c,AXB2882,India,24.7841,89.1944,9997.44,243.85,236.88,0
5009,2026-09-13 13:47:11,80177d,IGO774Y,India,27.6469,78.2194,7932.42,217.43,129.53,0
5010,2026-09-13 13:47:11,80177e,IGO1064,India,27.2997,80.1832,10370.82,239.11,310.2,0
5011,2026-09-13 13:47:11,801798,IGO335L,India,28.5497,77.0698,289.56,67.25,103.72,0
5012,2026-09-13 13:47:11,8016a2,AKJ619,India,15.0268,92.7489,11582.4,246.42,310.17,0
5013,2026-09-13 13:47:11,8016a7,AIC9CQ,India,28.5493,77.0716,274.32,66.01,103.06,0
5014,2026-09-13 13:47:11,8016a9,IGO2241,India,31.0271,74.6677,8481.06,29.91,333.43,0
5015,2026-09-13 13:47:11,8016b9,IGO942C,India,28.568,77.0971,,4.12,205.31,1
5016,2026-09-13 13:47:11,8015c1,AIC2362,India,26.6067,81.4703,9517.38,235.54,106.5,0
5017,2026-09-13 13:47:11,8015c0,IGO1157,India,27.6049,85.3171,1874.52,90.86,22.64,0
5018,2026-09-13 13:47:11,8015c5,AIC2116,India,13.9234,90.8643,10355.58,239.36,315.35,0
5019,2026-09-13 13:47:11,8015bc,IGO6336,India,17.9756,83.5054,,0.06,101.25,1
5020,2026-09-13 13:47:11,8015c9,IGO624M,India,22.0708,85.5475,10104.12,255.08,233.78,0
5021,2026-09-13 13:47:11,8015d1,IGO7672,India,28.8253,77.8299,4008.12,145.63,178.58,0
5022,2026-09-13 13:47:11,8015cb,IGO172,India,13.4255,77.6692,3558.54,159.21,75.78,0
5023,2026-09-13 13:47:11,8015ce,IGO204D,India,31.0397,76.0191,8839.2,228.93,90.13,0
5024,2026-09-13 13:47:11,8015a4,IGO5365,India,26.3807,85.6908,10668.0,231.88,97.39,0
5025,2026-09-13 13:47:11,8015ad,IGO664E,India,22.7717,88.596,1699.26,105.22,15.6,0
5026,2026-09-13 13:47:11,885303,THA320,Thailand,25.6906,88.14,10058.4,236.06,161.05,0
5027,2026-09-13 13:47:11,8015e5,IGO2331,India,26.7664,76.0429,10157.46,232.85,211.72,0
5028,2026-09-13 13:47:11,8015f7,AIC9HA,India,28.5667,76.9906,685.8,71.62,104.14,0
5029,2026-09-13 13:47:11,88530f,THA322,Thailand,20.6109,93.3093,10668.0,230.63,134.64,0
5030,2026-09-13 13:47:11,8015ef,AXB57L,India,28.3522,78.9866,10561.32,226.88,180.52,0
5031,2026-09-13 13:47:11,80171a,IGO376,India,22.7896,88.3396,876.3,95.82,68.26,0
5032,2026-09-13 13:47:11,801726,IGO28AV,India,28.7114,76.6793,1097.28,101.69,13.76,0
5033,2026-09-13 13:47:11,801733,IGO066,India,11.7043,75.0875,8138.16,207.89,123.49,0
5034,2026-09-13 13:47:11,800401,AIC3PK,India,19.4159,72.4147,4587.24,143.93,138.33,0
5035,2026-09-13 13:47:11,801883,IGO1494,India,22.7077,88.4518,342.9,71.47,186.61,0
5036,2026-09-13 13:47:11,801861,IGO6383,India,26.5712,88.9987,10370.82,240.94,280.83,0
5037,2026-09-13 13:47:11,801862,IGO648,India,19.0893,72.9047,205.74,67.4,269.13,0
5038,2026-09-13 13:47:11,80057d,AIC8YK,India,25.281,76.7095,10668.0,230.6,178.08,0
5039,2026-09-13 13:47:11,70207f,S2AEP,Bangladesh,23.4711,90.5021,1539.24,48.29,128.95,0
5040,2026-09-13 13:47:11,800584,AIC186,India,25.9631,83.0367,11582.4,252.91,292.86,0
5041,2026-09-13 13:47:11,70209b,BBC355,Bangladesh,28.5418,73.5292,11582.4,247.73,267.26,0
5042,2026-09-13 13:47:11,8960f0,UAE362,United Arab Emirates,22.7688,68.1101,10668.0,247.71,85.47,0
5043,2026-09-13 13:47:11,70a8ee,BHA505,Nepal,27.1991,85.6443,3459.48,114.43,151.25,0
5044,2026-09-13 13:47:11,8960dc,UAE18V,United Arab Emirates,19.2142,72.8946,3192.78,149.19,90.0,0
5045,2026-09-13 13:47:11,8016e1,IGO6103,India,24.9601,89.4932,11887.2,216.34,57.33,0
5046,2026-09-13 13:47:11,8016dd,IGO874,India,30.5234,76.9494,6728.46,182.0,297.43,0
5047,2026-09-13 13:47:11,8016af,AXB54E,India,25.3385,82.5919,11277.6,234.04,128.31,0
5048,2026-09-13 13:47:11,8016c9,AXB1514,India,25.7753,90.858,4091.94,194.42,67.44,0
5049,2026-09-13 13:47:11,8016d3,IGO4AD,India,31.2254,78.0737,6682.74,200.84,142.81,0
5050,2026-09-13 13:47:11,8016ca,AXB2932,India,19.995,82.3645,11582.4,250.71,229.58,0
5051,2026-09-13 13:47:11,8003e4,AIC169,India,24.1142,71.8125,10363.2,261.83,240.97,0
5052,2026-09-13 13:47:11,801835,AKJ1314,India,13.3384,77.9174,2400.3,110.36,137.83,0
5053,2026-09-13 13:47:11,80183b,IGO119Y,India,28.9191,77.2992,3208.02,129.2,252.86,0
5054,2026-09-13 13:47:11,801833,AKJ861Y,India,15.0966,76.0857,10668.0,226.63,135.28,0
5055,2026-09-13 13:47:11,8018b0,AIC188,India,28.4417,76.5489,2331.72,119.63,63.43,0
5056,2026-09-13 13:47:11,8018e0,IGO371H,India,22.645,88.4417,-304.8,1.03,2.81,1
5057,2026-09-13 13:47:11,8018e1,IGO766H,India,14.5593,78.4122,10736.58,242.58,302.88,0
5058,2026-09-13 13:47:11,7020a5,BBC436,Bangladesh,23.9771,90.4719,2080.26,115.86,320.59,0
5059,2026-09-13 13:47:11,8018df,IGO939,India,14.5623,79.6643,8968.74,229.85,345.22,0
5060,2026-09-13 13:47:11,7020ae,AWA433,Bangladesh,24.0818,90.8692,3360.42,110.28,59.13,0
5061,2026-09-13 13:47:11,7020b8,UBG104,Bangladesh,23.84,90.4032,,9.77,87.19,1
5062,2026-09-13 13:47:11,7020bb,S2MKM,Bangladesh,24.1031,90.4973,160.02,64.01,151.17,0
5063,2026-09-13 13:47:11,8018c7,IGO1604,India,15.5203,92.259,9753.6,250.04,284.29,0
5064,2026-09-13 13:47:11,8004d6,AIC7DK,India,27.9887,77.2783,3962.4,157.56,350.41,0
5065,2026-09-13 13:47:11,8004dd,AIC113,India,22.8214,70.8321,9753.6,262.59,253.73,0
5066,2026-09-13 13:47:11,8017e5,IGO1074,India,28.5493,77.0826,,12.86,284.06,1
5067,2026-09-13 13:47:11,8017e3,AKJ1835,India,27.8019,75.8367,6743.7,203.66,25.27,0
5068,2026-09-13 13:47:11,8017e4,IGO362H,India,26.6832,75.2736,11269.98,235.53,24.38,0
5069,2026-09-13 13:47:11,896210,UAE516,United Arab Emirates,28.2158,73.9473,10668.0,256.8,100.39,0
5070,2026-09-13 13:47:11,801914,IGO447L,India,28.5621,77.1142,,0.0,284.06,1
5071,2026-09-13 13:47:11,80190b,IGO2704,India,26.043,75.5716,7741.92,216.8,216.22,0
5072,2026-09-13 13:47:11,80191a,IGO6676,India,21.9714,73.37,10355.58,238.21,179.13,0
5073,2026-09-13 13:47:11,801907,IGO5931,India,21.9884,73.1155,11277.6,231.07,12.21,0
5074,2026-09-13 13:47:11,89627b,ETD332,United Arab Emirates,10.3259,76.0102,4290.06,200.15,95.9,0
5075,2026-09-13 13:47:11,800797,VUAUJ,India,30.8121,76.4552,8328.66,233.44,339.49,0
5076,2026-09-13 13:47:11,8005ee,AIC155,India,24.1164,73.0306,11582.4,259.74,237.54,0
5077,2026-09-13 13:47:11,8005e7,VTAVS,India,10.1524,76.4599,342.9,58.17,267.97,0
5078,2026-09-13 13:47:11,781d3c,HYT9092,China,22.7626,95.7601,10675.62,241.07,82.89,0
5079,2026-09-13 13:47:11,80073f,AIC157,India,25.7822,75.3172,11574.78,257.96,228.23,0
5080,2026-09-13 13:47:11,800735,AIC352,India,24.1609,90.4462,11887.2,235.87,102.85,0
5081,2026-09-13 13:47:11,800739,AIC143,India,26.813,75.8289,9479.28,257.99,211.63,0
5082,2026-09-13 13:47:11,8963da,UAE304,United Arab Emirates,24.0787,69.7392,10668.0,249.79,92.72,0
5083,2026-09-13 13:47:11,4bb185,THY125,Turkey,31.1342,74.2193,11582.4,236.68,277.62,0
5084,2026-09-13 13:47:11,8963dd,UAE380,United Arab Emirates,22.9243,68.9504,10058.4,250.56,93.77,0
5085,2026-09-13 13:47:11,8007b0,IGO2496,India,29.532,75.6119,9951.72,243.73,356.73,0
5086,2026-09-13 13:47:11,89652d,ABY816,United Arab Emirates,19.6045,82.5156,10050.78,232.77,127.91,0
5087,2026-09-13 13:47:11,8007c9,IGO5935,India,23.9374,84.7568,11277.6,223.7,52.29,0
5088,2026-09-13 13:47:11,4bb196,THY65,Turkey,29.1525,74.8137,11582.4,249.17,333.91,0
5089,2026-09-13 13:47:11,89647e,UAE372,United Arab Emirates,22.6653,72.1667,12496.8,247.15,98.62,0
5090,2026-09-13 13:47:11,896442,ETD947,United Arab Emirates,22.9051,71.4843,11582.4,246.37,80.99,0
5091,2026-09-13 13:47:11,8008d2,FLW ME 3,India,22.643,88.4462,,4.89,185.62,1
5092,2026-09-13 13:47:11,896643,FDB539,United Arab Emirates,26.9709,82.8313,10668.0,239.46,87.41,0
5093,2026-09-13 13:47:11,8008c3,IGO9204,India,24.1561,92.3698,8503.92,232.37,63.15,0
5094,2026-09-13 13:47:11,8008c7,FLW ME 2,India,22.6586,88.4481,,8.23,2.81,1
5095,2026-09-13 13:47:11,896617,UAE9839,United Arab Emirates,22.8371,70.3769,10363.2,259.83,273.75,0
5096,2026-09-13 13:47:11,461f4d,FIN131,Finland,10.9177,95.4871,12496.8,238.88,130.9,0
5097,2026-09-13 13:47:11,89656f,ETD7LE,United Arab Emirates,14.0833,80.6697,11269.98,252.86,117.24,0
5098,2026-09-13 13:47:11,8964bb,ETD412,United Arab Emirates,14.8573,79.1203,11879.58,240.2,117.0,0
5099,2026-09-13 13:47:11,76cc64,,Singapore,15.4116,77.9898,10668.0,250.09,116.25,0
5100,2026-09-13 13:47:11,507cb3,MFX5538,Uzbekistan,24.9835,77.0431,9761.22,241.43,284.18,0
5101,2026-09-13 13:47:11,8965f6,ABY514,United Arab Emirates,26.7762,79.238,11269.98,233.06,90.76,0
5102,2026-09-13 13:47:11,781fda,CBJ654,China,19.1734,85.154,12496.8,226.64,57.61,0
5103,2026-09-13 13:47:11,780d2c,CCA011,China,24.4432,88.6119,11277.6,242.9,109.16,0
5104,2026-09-13 13:47:11,780d2a,CCA059,China,28.5044,77.3398,2049.78,120.16,124.71,0
5105,2026-09-13 13:47:11,76cd75,SIA326,Singapore,18.4132,85.3173,10363.2,259.0,315.16,0
5106,2026-09-13 13:47:11,8965c0,FDB1584,United Arab Emirates,17.6692,89.743,10972.8,233.94,288.59,0
5107,2026-09-13 13:47:11,89408e,GFA155,Bahrain,15.2858,93.812,10972.8,265.32,279.94,0
5108,2026-09-13 13:47:11,15203a,AFL295,Russian Federation,24.7087,84.3336,11582.4,248.56,304.12,0
5109,2026-09-13 13:47:11,040159,ETH3619,Ethiopia,13.0032,96.724,9144.0,269.46,264.08,0
5110,2026-09-13 13:47:11,899035,EVA067,Taiwan,24.2648,86.2244,9144.0,276.57,292.41,0
5111,2026-09-13 13:47:11,406f79,BAW15,United Kingdom,9.8655,96.6766,11887.2,246.06,137.03,0
5112,2026-09-13 13:47:11,394a04,AFR256,France,12.071,94.1811,10058.4,241.93,135.78,0
5113,2026-09-13 13:47:11,760a0d,FJL840,Pakistan,29.9708,72.5011,10835.64,249.28,65.23,0
5114,2026-09-13 13:47:11,06a374,QTR816,Qatar,22.9972,71.8456,10668.0,251.55,86.37,0
5115,2026-09-13 13:47:11,06a390,QTR8952,Qatar,22.8469,85.7629,11887.2,227.2,94.94,0
5116,2026-09-13 13:47:11,8990a5,CAL5663,Taiwan,28.8037,77.0449,2750.82,131.3,229.13,0
5117,2026-09-13 13:47:11,7814fe,CSN5016,China,22.83,96.3521,10058.4,237.82,83.17,0
5118,2026-09-13 13:47:11,86ef6c,ANA829,Japan,23.0989,96.8546,11574.78,247.87,261.89,0
5119,2026-09-13 13:47:11,4ba959,THY72,Turkey,29.6658,79.5739,10668.0,254.04,159.0,0
5120,2026-09-13 13:47:11,7816bd,CSC9639,China,22.3695,90.6176,10363.2,245.73,249.02,0
5121,2026-09-13 13:47:11,040255,ETH445,Ethiopia,23.0688,69.2413,11582.4,240.79,270.98,0
5122,2026-09-13 13:47:11,aba7d9,FDX5603,United States,19.5694,86.4587,11277.6,237.19,134.3,0
5123,2026-09-13 13:47:11,4ba88f,THY6119,Turkey,15.0955,77.5628,10614.66,250.0,302.91,0
5124,2026-09-13 13:47:11,a16aad,GLH1,United States,24.2305,90.716,2598.42,133.67,200.74,0
5125,2026-09-13 13:47:11,70401f,MMA3308,Myanmar,17.872,96.158,4556.76,177.2,173.16,0
5126,2026-09-13 13:47:11,39cf11,AFR199,France,28.7112,76.0606,11582.4,247.55,283.95,0
5127,2026-09-13 13:47:11,801414,IGO7063,India,18.0391,83.1596,3139.44,101.19,281.14,0
5128,2026-09-13 13:47:11,80143a,AIC8CH,India,15.7403,73.5618,4396.74,172.79,332.9,0
5129,2026-09-13 13:47:11,80140c,IGO43V,India,27.7028,78.5303,9006.84,221.43,113.41,0
5130,2026-09-13 13:47:11,80141d,AIC2KJ,India,19.3776,85.4229,10972.8,235.45,335.06,0
5131,2026-09-13 13:47:11,801433,VTJOE,India,11.7445,78.1824,8229.6,235.93,54.85,0
5132,2026-09-13 13:47:11,801431,IGO87RT,India,13.2133,77.9298,1950.72,106.32,239.46,0
5133,2026-09-13 13:47:11,801499,IGO29TY,India,24.2202,82.0692,10675.62,225.38,111.0,0
5134,2026-09-13 13:47:11,801495,AIC7EF,India,28.2883,77.6033,5638.8,158.84,131.85,0
5135,2026-09-13 13:47:11,801467,VTHLU,India,19.1601,72.2821,327.66,80.83,87.81,0
5136,2026-09-13 13:47:11,801461,IGO409,India,17.4117,80.609,10668.0,217.09,86.06,0
5137,2026-09-13 13:47:11,80145e,IGO865,India,15.5206,74.3648,10820.4,237.49,350.27,0
5138,2026-09-13 13:47:11,80148f,IGO162P,India,23.7933,87.1262,1051.56,102.09,60.08,0
5139,2026-09-13 13:47:11,80148d,IGO234W,India,28.7915,76.8567,3070.86,125.16,286.72,0
5140,2026-09-13 13:47:11,80149e,IGO601E,India,28.0542,77.6094,5494.02,195.1,153.37,0
5141,2026-09-13 13:47:11,80149c,IGO753P,India,24.5537,88.3176,10370.82,253.64,289.06,0
5142,2026-09-13 13:47:11,504e6c,TVR4704,Republic of Moldova,22.5588,89.2625,9753.6,274.13,276.9,0
5143,2026-09-13 13:47:11,801523,IGO6147,India,10.6023,77.0218,10058.4,232.46,3.55,0
5144,2026-09-13 13:47:11,801526,AKJ626,India,22.1586,93.2993,11582.4,235.28,274.39,0
5145,2026-09-13 13:47:11,801527,IGO6518,India,19.6611,85.0993,11277.6,221.88,20.49,0
5146,2026-09-13 13:47:11,801534,AIC6DJ,India,27.5858,75.7283,9151.62,244.22,24.78,0
5147,2026-09-13 13:47:11,8850b7,THA324,Thailand,23.6491,85.3565,11277.6,236.44,126.6,0
5148,2026-09-13 13:47:11,801506,,India,28.5585,77.1175,,0.0,14.06,1
5149,2026-09-13 13:47:11,06a141,QTR8040,Qatar,22.4031,90.6125,12496.8,236.03,97.39,0
5150,2026-09-13 13:47:11,80154b,IGO725T,India,14.7204,79.5172,9852.66,236.99,339.68,0
5151,2026-09-13 13:47:11,80154a,AKJ1503,India,13.495,77.846,4168.14,178.83,53.66,0
5152,2026-09-13 13:47:11,80154d,IGO235,India,13.1889,77.7877,1234.44,79.74,270.37,0
5153,2026-09-13 13:47:11,801562,IGO6551,India,26.6163,83.8887,10660.38,233.8,97.08,0
5154,2026-09-13 13:47:11,801569,IGO6737,India,28.1273,77.2765,3657.6,173.31,7.5,0
5155,2026-09-13 13:47:11,80155c,IGO36V,India,22.9278,70.8341,10058.4,230.9,58.58,0
5156,2026-09-13 13:47:11,80155b,IGO32Y,India,27.206,75.4466,10241.28,243.48,27.97,0
5157,2026-09-13 13:47:11,80152f,IGO6344,India,27.8837,81.1566,11879.58,242.25,128.01,0
5158,2026-09-13 13:47:11,801554,IGO195H,India,28.6496,76.5995,1386.84,94.71,103.51,0
5159,2026-09-13 13:47:11,80158b,AXB1385,India,32.1022,75.6177,10888.98,238.39,6.94,0
5160,2026-09-13 13:47:11,80159c,AIC217,India,27.1677,81.2091,10675.62,239.63,96.29,0
5161,2026-09-13 13:47:11,80156c,IGO286F,India,28.5312,77.9645,5402.58,162.68,295.67,0
5162,2026-09-13 13:47:11,801587,AKJ587,India,15.1763,76.097,11277.6,226.04,114.76,0
5163,2026-09-13 13:47:11,801581,IGO931P,India,13.189,77.7756,1165.86,80.77,270.73,0
5164,2026-09-13 13:47:11,801597,,India,28.5625,77.0851,,3.6,104.06,1
5165,2026-09-13 13:47:11,801595,AXB1812,India,13.2066,77.4534,10668.0,234.9,190.47,0
5166,2026-09-13 13:47:11,801591,AXB19E,India,26.2178,78.7581,10492.74,233.56,142.88,0
5167,2026-09-13 13:47:11,06a0b6,QTR650,Qatar,27.3993,85.1698,3108.96,107.1,39.35,0
5168,2026-09-13 13:47:11,680001,DRK541,Bhutan,22.8427,92.0218,10546.08,245.75,325.15,0
5169,2026-09-13 13:47:11,680002,DRK201,Bhutan,28.3224,77.4869,4297.68,174.05,163.87,0
5170,2026-09-13 13:47:11,680009,BTN701,Bhutan,19.792,92.8712,11590.02,244.16,307.21,0
5171,2026-09-13 13:47:11,68000a,BTN774,Bhutan,28.5601,77.0835,,0.06,239.06,1
5172,2026-09-13 13:47:11,8013cc,AIC237,India,24.157,90.0816,3116.58,133.12,85.57,0
5173,2026-09-13 13:47:11,8013a4,AIC5BE,India,21.4949,84.2361,10081.26,246.82,309.16,0
5174,2026-09-13 13:47:11,8013b2,AIC281,India,26.2052,76.7589,9982.2,226.98,181.82,0
5175,2026-09-13 13:47:11,88516b,THA922,Thailand,25.8808,82.4245,9753.6,264.56,302.86,0
5176,2026-09-13 13:47:11,8013f6,IGO761M,India,27.87,77.9249,5913.12,191.29,159.37,0
5177,2026-09-13 13:47:11,8013f8,IGO212M,India,25.628,82.0785,10066.02,233.46,127.3,0
5178,2026-09-13 13:47:11,8013ea,AIC7XQ,India,28.5647,77.0803,,0.0,56.25,1
5179,2026-09-13 13:47:11,800db2,IGO7264,India,13.0172,80.2409,396.24,62.68,249.33,0
5180,2026-09-13 13:47:11,710415,SVA870,Saudi Arabia,18.6982,87.7241,11887.2,252.92,115.16,0
5181,2026-09-13 13:47:11,702c6c,S3AGG,Bangladesh,24.0729,90.3367,998.22,93.39,252.36,0
5182,2026-09-13 13:47:11,aab841,CKS704,United States,23.5004,84.6827,9144.0,271.0,281.61,0
5183,2026-09-13 13:47:11,151db6,AFL273,Russian Federation,22.1965,89.5181,9144.0,259.78,309.62,0
5184,2026-09-13 13:47:11,70c102,OMA823,Oman,13.6919,81.4666,10668.0,241.34,116.46,0
5185,2026-09-13 13:47:11,7609eb,PIA322,Pakistan,31.4707,74.3277,1463.04,132.66,263.1,0
5186,2026-09-13 13:47:11,70c0f6,OMA815,Oman,19.7396,82.4074,12489.18,242.54,150.66,0
5187,2026-09-13 13:47:11,86eb50,ANA837,Japan,23.4657,93.3852,12192.0,244.97,281.88,0
5188,2026-09-13 13:47:11,770592,ALK503,Sri Lanka,8.6682,77.0081,9890.76,242.56,303.76,0
5189,2026-09-13 13:47:11,70605b,KAC412,Kuwait,20.4246,81.702,10363.2,266.25,272.66,0
5190,2026-09-13 13:47:11,14fa0a,RA64010,Russian Federation,28.292,76.3283,2773.68,128.28,30.88,0
5191,2026-09-13 13:47:11,7bd028,CNW9610,China,23.428,90.6308,3581.4,179.13,158.96,0
5192,2026-09-13 13:47:11,7705c6,ALK405,Sri Lanka,12.6007,95.2039,10363.2,244.07,250.42,0
5193,2026-09-13 13:47:11,7705c2,ALK182,Sri Lanka,23.0995,84.8063,10668.0,243.24,195.33,0
5194,2026-09-13 13:47:11,4851f6,KLM844,Kingdom of the Netherlands,27.9147,79.4082,9753.6,261.55,314.92,0
5195,2026-09-13 13:47:11,70612c,JZR1402,Kuwait,19.0871,72.7445,1394.46,121.92,270.0,0
5196,2026-09-13 13:47:11,8880e0,HVN55,Viet Nam,28.6412,74.6831,10972.8,247.87,263.8,0
5197,2026-09-13 13:47:11,4d0105,CLX7956,Luxembourg,24.1002,83.6752,11277.6,242.8,84.77,0
5198,2026-09-13 13:47:11,507c84,MFX558,Uzbekistan,30.7158,74.4094,9144.0,244.19,334.95,0
5199,2026-09-13 13:47:11,507c72,QNT2232,Uzbekistan,18.5675,94.743,9753.6,250.3,304.7,0
5200,2026-09-13 13:47:11,76cda2,SIA338,Singapore,13.6104,90.5814,10972.8,266.56,312.34,0
5201,2026-09-13 13:47:11,8966bd,ETD4UA,United Arab Emirates,28.7694,76.686,2293.62,126.22,273.04,0
5202,2026-09-13 13:47:11,4074e3,BAW198,United Kingdom,22.8785,72.6676,10972.8,253.94,348.67,0
5203,2026-09-13 13:47:11,76cef9,SIA321,Singapore,12.2261,94.0496,10668.0,246.12,137.37,0
5204,2026-09-13 13:47:11,507c5f,UZB562,Uzbekistan,26.3292,81.5504,10363.2,243.24,306.31,0
5205,2026-09-13 13:47:11,76ceed,SIA318,Singapore,19.046,84.8327,9753.6,256.87,335.13,0
5206,2026-09-13 13:47:11,750548,,Malaysia,16.4,87.0202,10972.8,252.75,331.56,0
5207,2026-09-13 13:47:11,76bcc1,TGW751,Singapore,18.6402,92.3713,12496.8,242.57,128.11,0
5208,2026-09-13 13:47:11,7505c5,ALK90L,Malaysia,21.7158,88.971,9753.6,250.1,215.46,0
5209,2026-09-13 13:47:11,800b63,AXB1019,India,28.6088,76.7932,922.02,96.71,103.22,0
5210,2026-09-13 13:47:11,800b62,AXB173,India,28.0749,76.9098,5814.06,188.89,231.41,0
5211,2026-09-13 13:47:11,800b81,SEJ709,India,28.4446,76.662,8511.54,166.72,292.69,0
5212,2026-09-13 13:47:11,3c4585,BOX721,Germany,28.5654,77.0847,,0.0,284.06,1
5213,2026-09-13 13:47:11,800c01,IGO6339,India,22.6507,88.4429,38.1,5.14,67.5,1
5214,2026-09-13 13:47:11,800c09,LLR516,India,10.8401,76.8649,4572.0,115.01,43.19,0
5215,2026-09-13 13:47:11,86e780,JAL39,Japan,23.6777,89.6484,12184.38,265.11,265.88,0
5216,2026-09-13 13:47:11,800c43,AIC2332,India,19.0264,91.8512,11277.6,221.95,127.56,0
5217,2026-09-13 13:47:11,800c0c,AIC6PQ,India,15.0241,73.8992,11574.78,239.28,333.99,0
5218,2026-09-13 13:47:11,800c6e,IGO7454,India,14.4206,74.2631,4084.32,109.77,157.4,0
5219,2026-09-13 13:47:11,800c89,AIC2214,India,18.7871,72.323,3840.48,170.5,80.62,0
5220,2026-09-13 13:47:11,70afb7,RNA217,Nepal,28.2551,83.0599,9166.86,245.59,285.06,0
5221,2026-09-13 13:47:11,710054,SVA807,Saudi Arabia,22.9267,68.9118,10972.8,262.4,273.71,0
5222,2026-09-13 13:47:11,800af4,IGO537T,India,25.7293,85.3907,3147.06,156.87,30.77,0
5223,2026-09-13 13:47:11,70e085,SEJ5155,Cambodia,23.5795,71.7763,9761.22,254.41,228.61,0
5224,2026-09-13 13:47:11,70e084,SEJ253,Cambodia,31.05,75.1863,9753.6,243.19,25.97,0
5225,2026-09-13 13:47:11,800d09,IGO1076,India,13.0474,80.7886,11590.02,237.9,277.95,0
5226,2026-09-13 13:47:11,800d08,SEJ2441,India,30.7409,76.602,6713.22,170.75,347.47,0
5227,2026-09-13 13:47:11,800d41,AIC8US,India,22.3249,83.6386,11277.6,214.22,77.8,0
5228,2026-09-13 13:47:11,800d8a,IGO6FA,India,13.3117,80.3843,2225.04,119.94,185.66,0
5229,2026-09-13 13:47:11,800bd6,VTEHB,India,12.9996,80.1941,129.54,61.24,248.82,0
5230,2026-09-13 13:47:11,4b1920,SWR181,Switzerland,25.1011,84.2569,9753.6,266.68,299.09,0
5231,2026-09-13 13:47:11,4d2012,SVA798,Malta,23.8472,90.4033,,2.06,28.12,1
5232,2026-09-13 13:47:11,800cbb,LLR624,India,19.2136,72.9628,3139.44,116.27,90.51,0
5233,2026-09-13 13:47:11,800cfb,IGO2KY,India,23.2504,90.5455,6096.0,142.21,252.74,0
